Date,Ahmedabad,Bengaluru,Chennai,Delhi,Lucknow,Mumbai,Hyderabad,Patna,Gurugram,Visakhapatnam,Amritsar,Jaipur,Thiruvananthapuram,Amaravati
2017-07-01,,0.0,11.51,9.35,,,6.83,,,0.0,,,3.84,
2017-07-02,,0.0,13.05,4.19,,,6.08,,,0.0,,,2.57,
2017-07-03,,0.0,9.05,5.17,,,9.32,,,0.0,,,3.51,
2017-07-04,,0.0,10.41,4.82,,,6.56,,,0.0,,,5.3,
2017-07-05,,0.0,20.49,5.05,,,6.43,,,0.0,,,4.38,
2017-07-06,,0.0,12.38,4.13,,,6.91,,,0.0,,,3.99,
2017-07-07,,0.0,12.27,5.09,,,7.86,,,0.0,,,4.69,
2017-07-08,,0.0,6.29,6.01,,,7.12,,,0.0,,,6.0,
2017-07-09,,0.0,8.07,10.42,,,6.92,,,0.0,,,4.3,
2017-07-10,,0.0,10.63,4.9,,,7.62,,,0.0,,,5.31,
2017-07-11,,0.0,10.51,5.01,,,7.71,,,0.0,,,4.21,
2017-07-12,,0.0,12.96,4.81,,,7.23,,,0.0,,,5.55,
2017-07-13,,0.0,13.05,4.86,,,6.55,,,0.0,,,4.69,
2017-07-14,,0.0,13.05,5.65,,,6.99,,,0.0,,,5.3,
2017-07-15,,0.0,14.42,9.24,,,6.15,,,0.0,,,5.4,
2017-07-16,,0.0,12.92,8.39,,,4.41,,,0.0,,,4.42,
2017-07-17,,0.0,12.24,11.38,,,5.95,,,0.0,,,4.83,
2017-07-18,,0.0,12.75,14.1,,,4.97,,,0.0,,,4.59,
2017-07-19,,0.0,9.95,19.34,,,5.52,,,0.0,,,4.04,
2017-07-20,,0.0,10.78,11.02,,,4.58,,,0.0,,,3.72,
2017-07-21,,0.0,11.26,4.69,,,4.57,,,0.0,,,3.79,
2017-07-22,,0.0,10.99,4.52,,,4.21,,,0.0,,,4.513333333333334,
2017-07-23,,0.0,10.01,3.76,,,5.1,,,0.0,,,5.236666666666667,
2017-07-24,,0.0,10.46,5.21,,,5.46,,,0.0,,,5.96,
2017-07-25,,0.0,10.62,3.98,,,5.85,,,0.0,,,4.93,
2017-07-26,,0.0,11.17,4.61,,,5.39,,,0.0,,,6.05,
2017-07-27,,0.0,9.5,5.12,,,5.99,,,0.0,,,4.91,
2017-07-28,,0.0,8.74,4.84,,,7.7,,,0.0,,,5.1,
2017-07-29,,0.0,8.75,3.3,,,8.08,,,0.0,,,4.39,
2017-07-30,,0.0,8.58,3.53,,,9.26,,,0.0,,,3.14,
2017-07-31,,0.0,8.75,5.91,,,10.08,,,0.0,,,5.11,
2017-08-01,,0.0,8.51,5.48,,,8.77,,,0.0,,,4.17,
2017-08-02,,0.0,8.56,6.7,,,5.93,,,0.0,,,5.56,
2017-08-03,,0.0,8.58,7.02,,,4.8,,,0.0,,,4.62,
2017-08-04,,0.0,8.63,7.71,,,8.43,,,0.0,,,5.29,
2017-08-05,,0.0,8.58,8.68,,,8.91,,,0.0,,,5.1,
2017-08-06,,0.0,8.74,10.21,,,9.57,,,0.0,,,4.5,
2017-08-07,,0.0,9.07,5.84,,,9.62,,,0.0,,,6.14,
2017-08-08,,0.0,8.97,7.08,,,8.13,,,0.0,,,4.9,
2017-08-09,,0.0,9.01,11.34,,,6.94,,,0.0,,,5.66,
2017-08-10,,0.0,9.05,10.31,,,5.8,,,0.0,,,5.45,
2017-08-11,,0.0,9.05,4.87,,,9.04,,,0.0,,,4.84,
2017-08-12,,0.0,8.88,0.0,,,8.64,,,0.0,,,5.44,
2017-08-13,,0.0,8.55,0.0,,,9.5,,,0.0,,,4.78,
2017-08-14,,0.0,8.15,6.42,,,7.96,,,0.0,,,5.69,
2017-08-15,,0.0,7.03,6.85,,,8.5,,,0.0,,,4.91,
2017-08-16,,0.0,6.92,7.81,,,6.88,,,0.0,,,4.57,
2017-08-17,,0.0,6.96,8.36,,,7.23,,,0.0,,,5.28,
2017-08-18,,0.0,6.9425,8.16,,,7.37,,,0.0,,,4.69,
2017-08-19,,0.0,6.925,10.06,,,5.8,,,0.0,,,4.97,
2017-08-20,,0.0,6.9075,7.46,,,5.15,,,0.0,,,4.46,
2017-08-21,,0.0,6.89,1.44,,,5.21,,,0.0,,,4.69,
2017-08-22,,0.0,9.64,0.25,,,8.15,,,0.0,,,4.05,
2017-08-23,,0.0,11.02,4.7,,,7.95,,,0.0,,,4.77,
2017-08-24,,0.0,7.23,6.63,,,7.09,,,0.0,,,5.05,
2017-08-25,,0.0,7.78,3.85,,,6.48,,,0.0,,,4.61,
2017-08-26,,0.0,8.9,2.06,,,6.55,,,0.0,,,4.1,
2017-08-27,,0.0,7.65,4.55,,,5.99,,,0.0,,,4.05,
2017-08-28,,0.0,7.57,2.43,,,5.48,,,0.0,,,4.92,
2017-08-29,,0.0,8.38,4.74,,,5.74,,,0.0,,,5.13,
2017-08-30,,0.0,7.72,7.26,,,5.8,,,0.0,,,5.37,
2017-08-31,,0.0,9.47,28.34,,,7.37,,,0.0,,,5.01,
2017-09-01,,0.0,9.09,12.21,,,7.62,,,0.0,,,3.8,
2017-09-02,,0.0,8.56,10.33,,,9.59,,,0.0,,,4.33,
2017-09-03,,0.0,10.15,8.88,,,6.23,,,0.0,,,4.46,
2017-09-04,,0.0,9.59,11.14,,,7.97,,,0.0,,,3.49,
2017-09-05,,0.0,6.2,8.93,,,6.99,,,0.0,,,3.82,
2017-09-06,,0.0,7.4,9.89,,,8.58,,,0.0,,,3.24,
2017-09-07,,0.0,7.33,7.9,,,10.17,,,0.0,,,5.45,
2017-09-08,,0.0,6.99,9.84,,,8.14,,,0.0,,,4.46,
2017-09-09,,0.0,6.99,11.27,,,6.52,,,0.0,,,4.96,
2017-09-10,,0.0,6.96,14.83,,,6.21,,,0.0,,,3.71,
2017-09-11,,0.0,7.2,12.0,,,8.43,,,0.0,,,4.3,
2017-09-12,,0.0,9.21,10.14,,,7.46,,,0.0,,,3.7,
2017-09-13,,0.0,7.33,5.71,,,7.56,,,0.0,,,4.38,
2017-09-14,,0.0,6.96,10.24,,,7.61,,,0.0,,,4.29,
2017-09-15,,0.0,7.66,12.73,,,7.29,,,0.0,,,5.22,
2017-09-16,,0.0,7.68,14.42,,,6.37,,,0.0,,,4.12,
2017-09-17,,0.0,8.63,13.49,,,4.23,,,0.0,,,4.06,
2017-09-18,,0.0,8.21,11.54,,,5.36,,,0.0,,,4.4,
2017-09-19,,0.0,8.6,16.17,,,5.22,,,0.0,,,3.51,
2017-09-20,,0.0,4.94,21.37,,,5.52,,,0.0,,,4.04,
2017-09-21,,0.0,7.97,16.34,,,5.8,,,0.0,,,4.24,
2017-09-22,,0.0,7.93,11.24,,,8.05,,,0.0,,,5.36,
2017-09-23,,0.0,6.66,12.97,,,12.7,,,0.0,,,4.67,
2017-09-24,,0.0,10.32,12.69,,,16.16,,,0.0,,,4.39,
2017-09-25,,0.0,29.32,13.13,,,12.1,,,0.0,,,5.39,
2017-09-26,,0.0,21.45,18.35,16.98,,10.8,17.82,22.96,0.0,,,6.33,
2017-09-27,,0.0,22.68,22.31,17.41,,11.18,92.27,23.254,0.0,,,5.17,
2017-09-28,,0.0,22.24,23.52,26.17,,12.51,30.76,23.548,0.0,,,6.06,
2017-09-29,,0.0,15.0,18.61,33.63,,10.13,16.6,23.842,0.0,,,4.98,
2017-09-30,,0.0,14.75,8.59,28.62,,8.92,13.35,24.136000000000003,0.0,,,3.89,
2017-10-01,,1.37,12.04,14.66,16.22,,2.95,19.34,24.43,0.05,,,1.0,
2017-10-02,,1.8,9.25,12.1,22.14,,4.8,19.88,24.99,0.07,,,0.48,
2017-10-03,,1.81,9.16,11.47,32.38,,9.81,39.73,23.46,0.05,,,0.83,
2017-10-04,,7.5,11.83,14.09,23.2,,11.72,45.4,23.75,0.11,23.64,51.05,0.97,
2017-10-05,,21.6,13.9,13.8,36.06,,11.45,41.89,20.05,0.03,22.92,35.78,1.18,
2017-10-06,,17.21,14.66,12.19,31.85,,8.09,42.64,16.21,0.04,23.09,40.28,0.68,
2017-10-07,,17.23,12.3,14.27,37.13,,12.33,23.05,16.01,0.06,34.88,35.25,1.56,
2017-10-08,,14.42,12.53,14.05,31.31,,10.59,40.39,20.5,0.03,32.49,34.28,0.99,
2017-10-09,,15.19,18.35,17.82,35.01,,6.49,35.55,16.0,0.04,33.6,35.86,1.8,
2017-10-10,45.75,14.78,12.65,13.81,41.09,,6.08,40.18,17.215,0.0,35.61,37.68,0.0,
2017-10-11,36.6,17.4,14.11,14.22,22.52,,4.63,109.78,18.43,0.0,39.8,31.06,0.0,
2017-10-12,,16.24,16.1,12.39,29.05,,5.04,28.26,21.51,0.0,38.87,27.22,0.0,
2017-10-13,,16.58,20.74,14.41,46.9,,3.15,25.66,,0.0,39.54,33.94,0.0,
2017-10-14,,15.1,17.57,23.78,29.84,,3.74,19.4,,0.0,42.91,40.95,0.0,
2017-10-15,,18.62,16.49,15.25,41.41,,3.41,47.92,,0.0,31.23,66.35,0.0,
2017-10-16,,15.09,18.07,40.14,65.79,,3.45,39.43,,0.0,40.11,90.36,0.0,
2017-10-17,,21.29,23.85,49.91,57.02,,4.69,44.39,,0.0,43.07,72.9,0.0,
2017-10-18,75.0,23.66,26.48,55.52,71.46,,5.58,44.95,,0.0,47.35,37.33,0.0,
2017-10-19,75.65,21.72,27.96,53.32,33.42,,10.71,33.57,23.17,0.13,55.06,31.03,2.91,
2017-10-20,76.3,22.47,14.79,47.28,29.91,,3.38,42.2,33.09,0.0,70.05,34.68,0.1,
2017-10-21,46.52,16.86,14.83,49.3,25.23,,5.46,29.46,24.04,0.03,44.81,39.87,0.6,
2017-10-22,28.25,14.94,14.45,31.89,56.2,,2.55,60.74,28.465,0.0,49.29,46.75,0.0,
2017-10-23,34.62,17.72,16.93,63.05,84.66,,5.48,92.02,32.89,0.12,60.52,25.84,1.41,
2017-10-24,37.53,25.27,16.04,87.22,70.3,,2.17,91.32,44.54,0.0,59.6,36.92,0.1,
2017-10-25,89.33,26.42,16.63,57.55,84.92,,1.55,72.98,,0.0,73.42,60.91,0.0,
2017-10-26,141.28,22.64,18.49,63.21,108.75,,1.84,40.44,,0.0,60.05,38.37,0.0,
2017-10-27,121.9,19.54,16.51,52.4,98.16,,2.33,41.76,,0.0,48.88,47.29,0.13,
2017-10-28,118.1,22.25,15.98,60.5,113.9,,2.4,94.11,,0.0,54.81,66.65,0.0,
2017-10-29,108.3,21.46,14.75,57.94,45.39,,4.19,55.14,,0.0,53.78,45.42,0.0,
2017-10-30,61.695,16.63,16.25,64.94,55.14,,0.0,69.64,,0.0,54.62,37.63,0.0,
2017-10-31,15.09,24.36,14.16,75.68,62.96,,32.64,29.03,27.22,0.21,62.18,48.24,5.92,
2017-11-01,0.0,47.53,9.72,43.9,36.76,,36.6,0.0,20.94,0.17,56.94,90.2,5.43,
2017-11-02,0.0,50.52,10.8,56.86,44.44,,27.41,26.02,21.23,0.14,46.39,112.11,6.32,
2017-11-03,66.67,62.33,13.65,60.96,46.54,,27.54,67.76,25.86,0.09,37.73,66.96,7.04,
2017-11-04,59.61,27.96,18.14,74.75,52.5,,23.05,122.4,24.26,0.14,53.81,28.03,6.78,
2017-11-05,53.51,23.52,11.65,97.76,66.41,,19.93,84.83,29.6,0.15,23.24,41.78,5.13,
2017-11-06,67.88,22.24,15.71,96.0,60.42,,25.12,63.09,27.26,1.65,59.61,90.88,7.88,
2017-11-07,85.13,25.13,20.32,103.77,58.14,,29.83,58.85,26.17,4.45,36.48,92.25,7.73,
2017-11-08,98.51,25.46,14.1,104.65,66.12,,24.69,84.36,24.91,11.07,54.2,80.23,9.29,
2017-11-09,87.41,26.42,14.27,104.52,82.14,,25.68,79.33,27.95,12.03,60.07,107.75,7.43,
2017-11-10,87.55,20.93,15.3,109.98,63.79,,27.05,203.0,26.02,4.18,56.14,93.27,8.01,
2017-11-11,90.69,24.53,13.12,117.92,44.84,,29.64,132.18,27.05,0.81,67.76,85.19,6.76,
2017-11-12,83.49,24.2,11.81,104.82,30.59,,29.99,70.91,23.03,0.0,89.17,94.28,7.04,
2017-11-13,121.12,22.14,19.88,105.48,76.25,,27.59,114.74,25.75,2.73,76.63,95.44,9.57,
2017-11-14,159.36,20.53,19.35,75.36,116.02,,28.97,166.51,20.02,12.06,59.94,28.69,9.06,
2017-11-15,48.57,17.34,28.29,79.14,69.47,,25.3,78.83,19.37,12.59,59.36,23.64,8.28,
2017-11-16,15.88,23.09,31.03,82.34,70.19,,27.1,50.08,19.9,11.94,100.36,21.08,9.24,
2017-11-17,40.17,18.76,19.05,70.95,45.63,,25.49,75.54,19.44,14.19,88.99,25.35,8.57,
2017-11-18,41.66,22.57,18.68,50.62,37.86,,24.83,136.55,19.76,11.36,57.11,25.1,7.32,
2017-11-19,43.4,25.1,14.12,55.24,35.5,18.54,25.29,87.81,18.23,5.82,68.71,26.36,5.33,
2017-11-20,40.92,25.05,14.46,64.19,31.15,24.57,25.21,39.46,18.69,10.34,85.69,23.93,6.73,
2017-11-21,50.89,26.66,16.24,75.18,34.77,21.73,28.86,38.81,19.26,8.28,108.39,31.51,6.92,
2017-11-22,52.25,28.5,18.52,74.09,42.64,18.83,22.12,42.31,18.75,9.69,124.04,43.67,7.9,
2017-11-23,60.87,28.13,25.94,70.15,43.51,23.69,28.39,25.56,18.29,22.58,116.84,70.95,8.42,
2017-11-24,83.98,30.94,26.61,82.97,43.54,23.81,23.41,47.96,19.99,21.16,130.87,102.15,8.4,12.4
2017-11-25,117.06,34.88,22.93,88.0,59.61,21.4,24.28,36.7,20.6,25.13,144.84,101.31,10.9,12.08
2017-11-26,94.83,33.72,15.45,101.44,40.24,22.3,31.34,19.86,25.45,17.64,150.62,116.25,7.43,14.85
2017-11-27,102.24,34.14,16.55,87.3,41.65,26.17,33.05,14.26,20.76,28.9,118.88,99.29,8.96,21.77
2017-11-28,98.52,34.51,16.62,93.71,55.7,32.21,36.36,25.02,24.38,41.05,124.96,125.28,8.6,17.01
2017-11-29,62.78,26.59,19.6,132.94,130.14,26.52,29.33,45.99,25.94,32.46,120.09,107.63,6.23,16.59
2017-11-30,76.19,22.72,14.21,108.26,101.26,27.5,30.5,48.46,24.94,25.48,119.97,98.2,3.79,14.54
2017-12-01,70.53,21.32,14.07,94.55,124.68,25.79,26.11,28.65,34.08,30.94,132.21,76.07,5.23,13.97
2017-12-02,39.47,23.42,16.1,102.69,79.94,29.07,23.91,45.69,26.1,19.62,103.08,59.86,5.93,19.87
2017-12-03,34.16,29.32,15.55,99.76,72.57,28.17,25.61,18.58,19.13,16.66,81.29,68.91,6.47,12.12
2017-12-04,34.25,30.26,16.56,101.07,60.04,26.61,24.68,21.4,17.72,23.34,54.59,64.01,5.83,17.58
2017-12-05,31.27,25.19,14.06,104.85,42.85,23.47,20.52,25.66,16.1,45.6,50.78,44.14,6.663333333333333,13.75
2017-12-06,19.75,28.15,15.27,68.08,36.02,21.11,20.6,24.32,18.1,44.64,105.34,29.58,7.496666666666666,14.99
2017-12-07,33.53,31.84,18.02,39.33,33.79,23.93,27.61,14.62,12.63,24.99,66.48,27.11,8.33,25.32
2017-12-08,34.05,50.17,21.07,3.63,38.04,21.25,22.87,17.91,0.0,26.84,52.09,17.66,4.38,33.71
2017-12-09,39.59,44.62,20.82,9.06,77.61,18.76,22.57,129.42,0.0,31.93,57.3,23.45,4.48,28.88
2017-12-10,57.23,38.79,18.97,16.38,79.86,19.05,23.47,107.68,0.0,42.5,52.28,11.05,4.7,19.41
2017-12-11,48.51,41.9,16.3,13.13,68.51,23.32,32.65,114.79,0.0,32.49,38.91,6.04,4.77,26.15
2017-12-12,43.85,33.0,20.09,3.04,77.96,31.43,42.71,67.03,0.0,40.7,35.27,8.84,4.79,28.88
2017-12-13,58.85,28.17,14.83,2.59,41.47,31.13,33.14,57.63,0.0,52.74,40.44,7.96,4.97,24.36
2017-12-14,48.35,34.18,18.59,2.33,31.95,33.07,22.84,47.53,0.0,14.13,39.62,6.9,6.01,20.67
2017-12-15,42.8,67.93,14.2,3.26,33.77,35.05,23.42,43.36,0.0,25.01,43.28,6.8,5.85,16.7
2017-12-16,34.68,29.85,18.54,2.87,31.24,33.31,31.68,35.74,0.0,66.71,44.38,7.71,6.2,28.84
2017-12-17,26.48,31.65,13.79,2.44,42.28,35.3,31.63,20.69,0.0,49.16,46.11,12.71,5.38,30.94
2017-12-18,35.66,39.92,15.45,2.15,47.82,57.84,23.1,65.97,0.0,39.63,46.22,9.39,5.17,33.45
2017-12-19,56.59,31.68,16.64,4.37,95.55,106.01,32.53,53.79,0.0,27.22,47.24,20.4,4.64,21.78
2017-12-20,41.72,88.57,18.2,5.96,131.19,170.9,48.21,51.81,0.0,37.01,50.41,20.68,4.7,30.74
2017-12-21,41.87,69.84,17.48,3.57,65.06,129.09,50.51,11.85,0.0,25.28,54.36,15.07,4.16,32.07
2017-12-22,35.05,77.93,21.68,2.69,35.32,130.96,55.73,45.13,0.0,51.86,31.26,17.08,4.65,35.9
2017-12-23,57.77,37.69,20.49,3.61,51.76,129.07,42.69,75.53,0.0,55.38,32.42,32.12,3.93,26.6
2017-12-24,64.15,17.8,19.0,9.75,52.15,132.17,41.56,32.78,0.0,40.0,36.08,19.04,4.2,28.41
2017-12-25,65.84,14.41,16.38,7.06,41.29,84.58,36.68,53.5,0.0,26.44,36.76,24.54,3.95,17.89
2017-12-26,52.7,20.89,23.35,6.18,52.01,76.02,34.06,25.24,0.0,45.4,35.17,18.38,4.26,27.2
2017-12-27,63.56,26.75,19.01,9.76,64.87,127.0,34.05,28.9,0.0,42.58,37.51,15.77,6.49,41.57
2017-12-28,81.88,25.49,27.14,11.62,73.3,156.72,39.96,14.52,0.0,55.3,32.6,31.67,6.41,43.23
2017-12-29,68.26,27.48,20.07,10.69,50.17,163.79,45.17,8.19,0.0,35.2,33.37,44.81,7.53,29.81
2017-12-30,56.06,24.2,21.65,15.32,44.54,146.13,47.61,35.53,0.0,19.08,35.53,27.74,7.23,21.44
2017-12-31,41.54,24.62,10.97,23.13,37.95,149.36,43.33,38.14,53.13,13.63,38.96,21.26,5.08,25.49
2018-01-01,48.4,22.62,11.72,11.79,28.79,123.48,36.98,29.5,36.49,13.89,38.24,30.68,6.13,15.23
2018-01-02,44.32,21.46,13.17,4.26,40.59,148.1,31.23,16.12,32.88,16.24,40.78,30.26,5.59,15.45
2018-01-03,44.16,25.24,15.62,2.87,28.67,115.35,28.9,68.3,34.05,41.16,37.38,55.09,7.11,25.36
2018-01-04,67.15,25.4,14.55,4.24,34.5,112.87,40.67,29.69,38.64,98.05,,45.46,10.52,33.36
2018-01-05,103.8,27.28,14.05,4.57,39.93,81.9,41.36,13.2,31.42,66.2,,41.07,9.62,35.19
2018-01-06,95.16,26.54,13.34,8.53,50.65,111.01,40.73,47.68,46.19,92.21,,51.15,10.12,41.72
2018-01-07,84.44,24.43,13.8,4.99,49.26,86.45,36.43,67.77,39.5,79.46,,36.34,6.9,30.18
2018-01-08,72.82,24.61,13.71,5.28,40.75,77.62,33.01,61.93,36.81,52.99,,56.41,10.93,21.81
2018-01-09,49.53,22.08,11.96,10.36,44.62,71.35,33.53,25.19,34.62,19.04,,51.81,11.15,23.6
2018-01-10,77.31,20.93,12.39,3.98,39.3,107.05,33.57,53.95,27.9,48.04,,73.06,9.77,23.02
2018-01-11,100.17,31.34,14.8,3.47,42.21,81.3,36.87,52.96,17.04,64.86,,74.17,9.68,25.82
2018-01-12,94.57,24.24,15.35,3.73,40.61,84.96,43.0,65.07,20.99,65.57,89.91,54.8,9.51,31.49
2018-01-13,88.76,28.98,20.98,3.2,59.1,41.92,41.95,39.86,37.48,38.32,86.29,95.22,9.35,22.49
2018-01-14,81.63,30.63,14.32,1.87,65.0,74.0,40.04,15.67,32.96,62.89,134.6,31.18,7.08,18.03
2018-01-15,66.44,20.85,10.79,2.15,70.75,108.92,23.11,46.99,34.18,41.32,105.11,20.46,9.49,13.75
2018-01-16,112.56,26.35,10.75,3.92,33.04,94.91,25.41,82.87,25.59,38.84,86.56,15.77,10.75,13.29
2018-01-17,86.77,23.5,15.27,34.61,43.64,83.65,28.58,23.04,42.45,37.54,96.5,10.69,10.02,16.99
2018-01-18,86.29,24.32,18.85,85.75,57.82,94.41,38.39,20.22,54.22,47.89,84.39,25.55,8.88,29.99
2018-01-19,131.09,23.41,17.57,81.11,104.19,137.24,38.21,49.99,46.92,56.92,96.68,31.11,10.15,29.83
2018-01-20,122.7,23.33,17.79,53.34,43.51,79.37,42.06,39.44,36.93,62.16,82.55,31.71,11.55,37.84
2018-01-21,155.55,20.26,16.88,63.87,47.75,81.58,37.92,33.14,44.92,58.52,83.2,46.95,8.2,24.35
2018-01-22,76.32,19.57,16.82,72.5,60.5,86.28,31.43,29.03,43.35,51.08,82.45,28.63,10.76,29.01
2018-01-23,66.11,20.22,18.15,67.65,81.59,28.18,27.83,52.97,52.55,94.82,88.61,32.81,9.58,29.17
2018-01-24,111.32,28.47,18.6,56.27,29.79,90.98,26.3,24.81,60.25,74.7525,99.51,48.47,8.48,28.04
2018-01-25,157.6,20.55,18.91,48.6,24.61,,38.56,10.36,42.1,54.685,87.27,61.77,7.51,38.7
2018-01-26,132.44,18.82,16.01,57.6,26.22,,37.18,6.68,48.77,34.61750000000001,99.72,57.18,8.92,28.23
2018-01-27,82.32,21.59,16.59,60.99,26.06,,34.93,38.14,43.32,14.55,81.09,55.53,7.61,28.33
2018-01-28,94.35,18.06,15.9,73.57,31.53,,30.72,20.84,46.68,37.57,103.35,50.91,8.7,21.04
2018-01-29,141.23,20.86,16.29,74.45,33.49,,28.63,14.09,47.68,34.35,115.47,45.22,10.13,22.55
2018-01-30,161.75,18.96,18.79,51.3,27.1,,33.46,67.17,34.27,62.06,120.39,67.01,7.84,28.7
2018-01-31,124.97,20.81,21.61,48.06,21.7,,44.33,39.23,34.35,48.88,140.88,50.6,8.93,39.46
2018-02-01,160.97,31.0,20.84,67.65,27.21,143.92,63.29,10.81,45.89,46.23,127.95,44.29,6.26,41.29
2018-02-02,87.26,25.09,18.15,71.59,50.47,94.33,53.44,9.66,46.27,53.53,141.5,31.11,5.83,29.49
2018-02-03,152.93,19.43,22.82,64.81,85.06,44.52,33.42,78.6,43.2,61.32,150.96,25.56,10.17,21.23
2018-02-04,151.47,17.81,16.68,56.52,24.26,127.49,25.66,53.8,36.43,55.05,141.86,28.55,7.77,25.13
2018-02-05,128.01,19.56,17.01,78.45,24.02,101.68,29.17,20.35,67.21,56.53,100.19,30.15,7.76,20.33
2018-02-06,94.11,17.18,18.16,67.62,24.7,95.36,40.94,12.17,67.98,66.0,82.69,24.59,7.45,17.83
2018-02-07,96.35,18.77,15.07,55.33,27.97,68.63,56.56,10.46,67.64,45.16,68.61,26.28,7.41,25.44
2018-02-08,105.05,32.12,15.81,86.77,27.34,62.84,42.94,9.28,68.33,39.76,71.77,31.33,9.07,16.74
2018-02-09,166.23,26.93,18.28,84.22,26.29,51.04,38.89,8.94,68.91,42.5,65.6,26.43,9.72,12.54
2018-02-10,186.66,25.66,17.07,86.85,34.48,88.28,32.19,8.22,67.8,30.27,102.14,19.86,7.92,11.14
2018-02-11,63.78,14.77,14.25,82.24,55.4,41.31,17.89,11.26,68.14,15.38,66.03,17.21,12.65,6.57
2018-02-12,85.46,15.02,12.66,42.62,29.17,33.95,12.99,13.92,67.45,0.3,60.95,20.32,11.58,7.18
2018-02-13,64.84,12.96,16.55,72.84,26.82,64.53,16.16,13.57,17.6,0.38,40.12,32.45,11.81,7.62
2018-02-14,53.74,13.54,17.53,44.75,20.07,93.35,22.99,9.93,26.86,2.22,48.87,32.95,11.2,9.02
2018-02-15,76.29,15.35,16.78,47.11,22.13,40.8,29.9,8.84,14.71,9.43,47.0,38.92,12.31,15.01
2018-02-16,113.4,22.24,12.52,60.03,21.53,58.1,33.77,10.1,35.02,5.75,53.75,54.9,12.37,14.88
2018-02-17,123.41,23.18,10.31,60.9,25.88,51.66,39.91,25.73,36.94,0.98,34.52,78.06,11.31,9.45
2018-02-18,178.15,15.17,13.46,67.43,30.06,66.03,39.49,29.26,38.84,0.6,37.88,55.76,9.13,22.25
2018-02-19,246.03,17.17,11.8,88.37,30.55,83.43,26.69,16.43,23.78,1.04,39.88,61.35,11.44,9.73
2018-02-20,138.66,16.61,12.05,87.59,39.68,57.73,25.68,36.75,11.43,13.07,40.59,87.92,11.74,12.39
2018-02-21,130.45,20.66,11.0,94.31,85.51,51.36,28.9,22.49,11.89,46.12,34.15,86.83,12.2,12.69
2018-02-22,136.23,26.13,12.53,90.58,55.94,116.57,29.91,16.93,11.44,49.93,36.43,77.43,10.8,15.32
2018-02-23,169.89,19.82,11.96,92.54,74.73,107.44,30.0,9.39,11.96,44.85,43.62,73.15,12.02,14.52
2018-02-24,125.895,15.15,9.91,80.95,52.21,195.92,27.02,10.54,12.01,117.99,38.61,65.37,11.06,16.94
2018-02-25,81.9,13.05,10.8,59.15,26.11,185.01,33.9,8.73,15.23,102.86,28.505,41.26,10.32,18.59
2018-02-26,88.62,23.09,13.45,43.27,23.22,200.29,52.86,7.83,14.0,49.45,18.4,47.11,9.58,18.66
2018-02-27,100.58,20.8,12.95,56.44,30.83,271.94,52.81,7.74,15.12,40.83,35.86,42.66,9.49,27.0
2018-02-28,100.47,25.1,14.34,78.41,36.52,267.06,54.05,8.48,16.23,49.76,34.92,43.46,10.1,14.54
2018-03-01,63.04,20.33,12.58,79.9,34.48,255.18,46.13,25.26,38.51,43.38,36.16,36.96,9.56,17.68
2018-03-02,54.74,21.33,11.87,78.23,29.24,119.47,37.83,10.7,41.11,36.46,21.96,40.16,8.43,14.38
2018-03-03,61.23,26.83,10.47,59.03,28.02,120.64,27.24,5.18,38.18,36.56,35.26,54.25,8.42,13.01
2018-03-04,57.34,31.34,11.96,56.08,33.09,57.87,32.28,7.78,37.47,38.14,36.17,49.83,8.38,15.74
2018-03-05,72.38,39.95,10.3,56.62,28.16,74.6,27.82,6.73,37.86,35.96,26.79,40.93,8.7,22.65
2018-03-06,111.18,29.06,15.17,44.67,27.32,70.27,23.52,6.29,38.13,28.18,22.62,51.47,8.35,30.06
2018-03-07,66.9,19.18,14.02,54.4,33.73,44.13,26.99,7.26,38.72,36.69,20.72,58.14,9.23,14.85
2018-03-08,109.62,19.49,27.97,82.26,51.26,104.37,31.44,9.06,39.61,13.2,22.28,48.29,9.61,25.14
2018-03-09,108.46,31.65,14.85,75.45,41.19,118.72,31.79,8.36,39.96,14.06,27.71,45.3,7.44,18.7
2018-03-10,118.44,25.26,15.41,47.05,31.44,21.7,30.19,5.79,38.64,33.86,21.57,42.08,9.29,15.26
2018-03-11,104.3,20.37,12.02,55.86,32.65,76.15,20.92,6.7,38.98,33.9,29.85,48.85,10.29,9.19
2018-03-12,105.02,16.54,10.68,65.27,34.97,110.99,24.38,32.2,40.14,33.06,28.47,56.16,9.79,15.02
2018-03-13,105.37,13.79,10.34,73.67,36.52,63.2,25.69,63.94,44.0,38.34,20.1,61.12,9.43,19.8
2018-03-14,57.46,15.38,11.68,87.49,77.86,33.58,27.97,62.19,40.01,38.12,20.46,51.65,7.47,13.94
2018-03-15,75.31,17.84,14.92,66.89,48.68,53.56,22.92,34.25,36.91,34.22,27.71,54.24,5.92,9.51
2018-03-16,104.64,15.29,13.71,62.19,28.47,59.86,23.98,26.55,39.87,24.53,38.41,45.46,5.45,8.43
2018-03-17,95.12,22.16,16.28,44.69,29.87,58.81,20.02,14.63,38.99,43.48,27.87,43.71,7.5,14.27
2018-03-18,103.35,25.18,16.28,41.03,26.57,60.39,20.64,10.85,35.48,35.1,28.84,39.58,8.61,16.16
2018-03-19,55.53,28.1,17.53,62.83,32.7,47.85,25.09,37.33,36.5,27.24,26.51,34.41,8.26,11.5
2018-03-20,58.49,34.02,18.53,82.08,31.04,50.96,29.2,23.1,39.18,28.34,35.48,44.5,9.7,15.39
2018-03-21,51.04,31.3,16.58,66.03,50.38,40.09,27.17,14.21,42.08,36.83,22.74,40.25,8.68,12.65
2018-03-22,52.24,38.75,15.48,41.53,34.95,67.51,34.8,13.4,51.23,30.71,28.91,33.77,6.61,11.58
2018-03-23,96.68,50.12,12.52,42.49,26.68,80.68,41.43,12.04,50.73,26.56,24.49,33.29,6.63,11.5
2018-03-24,118.86,28.5,9.04,44.39,27.29,56.04,43.32,7.04,49.23,20.32,28.34,43.21,7.86,7.52
2018-03-25,87.54,47.05,7.91,41.31,25.68,80.13,30.11,7.23,55.89,18.13,31.63,46.6,8.56,6.19
2018-03-26,125.33,31.84,11.67,51.42,28.35,67.93,23.68,10.05,42.81,26.01,31.6,65.21,10.22,8.11
2018-03-27,132.31,23.6,13.31,76.0,30.87,38.38,26.49,11.28,38.17,31.57,13.12,86.52,9.05,10.25
2018-03-28,55.67,33.78,13.96,79.52,63.85,42.56,24.05,12.35,41.26,23.28,,40.83,8.31,9.05
2018-03-29,117.86,41.75,12.43,49.23,52.1,45.33,28.94,11.98,38.52,19.76,,45.81,8.95,7.14
2018-03-30,94.39,34.17,11.16,58.22,45.75,59.32,23.3,6.24,37.68,18.9,,42.69,6.01,7.41
2018-03-31,56.81,27.21,12.92,57.92,30.89,50.75,24.83,22.93,35.97,26.95,,33.35,6.82,6.23
2018-04-01,95.06,17.49,13.7,46.42,52.33,87.87,19.08,17.85,33.96,25.96,,31.74,6.69,5.09
2018-04-02,65.46,31.9,13.43,64.03,48.47,62.32,26.19,17.35,32.93,18.88,,45.68,5.71,11.23
2018-04-03,42.58,49.37,13.71,66.35,64.6,65.69,24.93,16.89,34.23,17.04,,39.32,7.43,9.64
2018-04-04,49.24,45.2,16.57,69.5,47.29,49.2,24.13,11.21,35.87,20.62,,55.55,8.43,9.24
2018-04-05,63.98,51.07,14.11,76.02,36.46,62.54,22.52,9.59,33.29,23.79,,43.27,6.71,5.2
2018-04-06,35.89,55.02,17.25,62.14,32.46,81.13,26.36,8.44,34.08,26.06,,28.76,8.3,9.25
2018-04-07,51.07,33.33,17.41,50.39,30.99,83.74,32.78,7.72,27.18,24.67,,39.97,7.38,9.84
2018-04-08,46.48,12.97,19.85,41.32,40.51,98.44,22.43,7.96,36.65,12.33,,26.74,5.81,10.69
2018-04-09,43.43,10.6,16.58,53.81,37.22,111.33,28.67,9.22,37.7,33.42,,28.75,6.2,8.18
2018-04-10,55.88,36.05,16.73,65.04,40.52,60.39,25.31,7.62,36.08,27.18,,29.88,7.33,10.14
2018-04-11,43.69,43.24,18.24,41.68,35.64,76.87,20.42,8.5,34.55,24.95,,34.97,7.21,4.6
2018-04-12,41.88,39.18,15.81,49.98,29.06,44.32,26.69,9.67,36.87,23.41,,26.56,7.27,6.48
2018-04-13,52.07,41.42,20.6,64.81,32.57,55.5,21.17,12.78,35.35,29.83,,38.41,10.05,5.99
2018-04-14,49.28,35.53,17.46,73.26,35.76,52.03,18.73,32.2,34.69,21.87,,35.13,8.0,7.0
2018-04-15,47.25,17.16,14.52,75.59,43.54,37.38,20.46,14.25,35.72,22.81,,35.45,8.47,3.83
2018-04-16,52.65,12.56,16.4,79.53,63.01,40.71,31.05,9.82,35.1,23.25,,43.58,9.06,6.14
2018-04-17,52.21,32.3,18.98,69.28,51.87,56.06,23.94,9.66,23.47,27.44,,38.92,9.84,6.14
2018-04-18,60.53,35.66,18.74,46.57,30.43,42.79,22.78,8.61,17.57,30.71,,37.22,12.32,7.31
2018-04-19,30.87,18.62,18.85,62.47,37.42,65.51,32.35,7.61,17.35,22.62,,48.99,8.92,3.9
2018-04-20,23.38,27.12,17.82,49.75,62.57,76.67,35.01,6.21,17.22,20.8,,42.25,10.11,6.25
2018-04-21,18.93,41.59,19.04,35.73,29.7,104.79,38.23,8.22,17.8,17.99,,30.89,9.72,5.14
2018-04-22,50.06,23.46,15.3,35.38,25.06,69.86000000000001,24.29,8.67,17.61,22.78,,34.26,8.46,4.26
2018-04-23,60.88,22.84,15.93,43.95,29.31,34.930000000000014,17.0,7.22,27.0,23.51,,34.61,9.24,7.2
2018-04-24,77.3,24.4,20.6,61.05,47.53,0.0,21.62,12.55,16.76,25.25,,56.57,7.24,7.6
2018-04-25,49.36,29.28,49.33,77.25,80.39,50.74,17.69,30.04,19.61,22.65,,71.45,8.88,9.5
2018-04-26,32.34,21.13,39.58,78.44,37.19,110.9,21.42,28.0,16.01,24.58,,50.99,8.8,7.54
2018-04-27,42.76,30.23,23.4,54.16,28.77,,21.56,30.51,14.87,15.3,,50.85,9.88,5.87
2018-04-28,28.5,31.32,24.85,41.23,30.87,,18.35,27.16,14.61,16.05,,51.62,10.0,5.87
2018-04-29,19.83,26.98,21.08,48.22,31.32,,18.74,21.84,13.03,19.56,,40.97,8.64,5.81
2018-04-30,19.98,12.72,24.69,58.38,25.82,,26.63,25.16,15.11,19.32,,35.74,8.61,6.23
2018-05-01,24.09,9.9,64.31,41.04,28.5,,20.1,21.59,20.18,20.39,,41.2,7.16,6.33
2018-05-02,22.85,21.7,47.54,42.86,28.28,,18.75,19.16,19.35,39.94,,32.24,7.55,15.68
2018-05-03,27.84,31.13,25.05,40.96,27.84,,16.39,17.5,23.56,48.21,,30.48,9.16,10.55
2018-05-04,19.91,36.23,77.57,37.96,33.45,,20.45,35.06,21.7,28.23,,30.24,7.44,18.01
2018-05-05,28.21,18.98,59.62,55.93,33.16,,18.07,30.21,20.77,21.68,,40.5,7.47,15.14
2018-05-06,27.95,14.69,32.55,71.2,34.49,33.53,17.4,27.65,24.4,20.64,,31.37,7.39,12.27
2018-05-07,19.48,32.23,30.08,76.02,40.14,46.03,17.24,32.8,21.25,24.92,,34.22,8.33,9.4
2018-05-08,21.11,13.81,33.89,32.84,59.0,64.12,27.32,36.08,21.63,21.76,,39.54,7.55,8.42
2018-05-09,21.64,19.63,41.88,56.74,26.89,63.4,22.67,40.0,27.43,22.62,,31.34,9.36,6.44
2018-05-10,34.15,17.75,25.82,68.21,28.47,45.81,19.53,35.82,30.1,29.28,,41.54,8.15,9.48
2018-05-11,22.72,18.71,22.08,75.54,45.82,46.8,18.67,13.81,31.79,17.59,,43.12,7.71,9.11
2018-05-12,21.1,13.98,21.65,88.45,29.03,36.18,18.58,8.05,32.9,25.57,,35.19,7.48,7.82
2018-05-13,24.09,13.73,20.18,44.1,25.92,66.43,19.38,6.09,32.8,19.79,,34.29,6.96,5.57
2018-05-14,21.34,21.25,20.3,41.85,28.58,34.55,15.62,6.01,23.37,25.58,,27.02,9.09,8.38
2018-05-15,18.74,18.25,20.89,43.92,34.12,33.43,14.76,22.46,24.49,38.16,,30.82,10.45,10.28
2018-05-16,21.26,16.48,20.45,45.65,35.09,36.02,21.61,25.35,30.64,28.15,,51.73,8.1,9.25
2018-05-17,19.9,15.82,20.26,44.55,26.18,33.18,26.17,19.01,30.91,20.2,21.02,48.58,7.1,8.84
2018-05-18,20.48,27.53,20.47,63.16,30.8,53.35,21.97,11.09,25.29,27.36,20.97,48.72,6.91,7.35
2018-05-19,24.36,34.28,19.43,81.75,28.54,49.3,23.1,7.76,36.24,23.52,20.79,14.57,6.06,7.94
2018-05-20,22.22,10.96,18.7,50.04,29.22,48.48,17.35,7.16,33.69,18.36,21.03,19.51,4.59,5.79
2018-05-21,22.69,19.8,21.56,48.33,41.6,34.1,18.72,7.16,27.96,21.87,21.15,16.62,3.19,9.32
2018-05-22,22.14,20.95,29.83,60.5,34.12,47.43,15.7,4.83,28.02,21.83,20.93,27.73,4.66,4.92
2018-05-23,28.52,26.25,21.94,86.18,27.68,31.4,19.55,3.72,20.65,17.1,20.82,39.64,8.85,10.02
2018-05-24,26.61,21.18,20.48,67.13,25.63,28.02,20.82,3.04,19.27,20.56,20.86,31.24,8.54,10.97
2018-05-25,32.02,21.53,19.86,63.04,32.67,23.02,18.88,24.46,23.38,16.65,21.15,58.58,11.59,9.65
2018-05-26,36.98,26.53,18.25,61.71,56.48,24.14,16.85,26.04,44.35,11.0,20.97,50.55,10.47,7.75
2018-05-27,22.62,27.37,18.71,57.05,31.7,27.73,16.54,18.38,50.94,16.04,20.93,37.31,6.89,6.31
2018-05-28,24.15,18.11,16.9,57.51,28.06,104.17,15.75,20.87,28.45,24.95,20.87,44.83,6.47,7.22
2018-05-29,21.03,17.52,16.78,66.84,22.9,78.73,17.59,31.38,37.17,20.21,20.99,28.58,6.53,8.8
2018-05-30,25.49,16.18,17.08,42.64,29.11,44.37,16.12,29.17,35.11,17.11,21.22,25.08,8.92,8.07
2018-05-31,42.09,17.21,17.04,44.17,34.78,38.76,15.51,28.66,38.16,13.24,20.81,30.82,10.54,7.76
2018-06-01,40.57,19.15,20.3,33.87,33.75,48.35,18.61,28.84,33.6,22.91,8.62,29.19,11.14,8.91
2018-06-02,36.38,24.13,19.9,35.13,21.65,47.49,21.68,31.2,33.13,24.94,9.19,27.64,10.85,11.68
2018-06-03,34.34,15.78,18.9,43.09,21.89,63.7,18.05,27.34,33.23,45.23,8.35,23.85,9.69,13.04
2018-06-04,29.62,16.36,18.57,38.57,22.07,47.38,19.01,38.95,33.93,15.09,12.51,26.62,11.47,7.92
2018-06-05,34.95,15.62,17.84,32.62,21.61,73.12,18.39,40.32,35.36,32.14,21.53,18.46,14.09,9.28
2018-06-06,33.25,15.45,20.84,33.05,21.02,36.88,17.68,39.64,38.65,29.49,24.28,19.44,10.11,12.62
2018-06-07,29.81,17.37,18.07,37.99,22.53,56.91,14.03,36.7,41.03,17.03,27.03,20.01,12.49,9.86
2018-06-08,32.12,16.94,17.0,36.1,22.24,53.24,13.55,27.75,17.45,28.74,39.7,23.36,7.38,7.92
2018-06-09,31.56,16.88,16.14,36.36,22.05,95.53,13.67,20.75,19.35,28.75,21.99,23.49,3.59,6.78
2018-06-10,39.35,20.16,15.87,38.52,19.79,17.43,13.49,14.96,23.51,30.91,28.68,21.46,3.16,4.79
2018-06-11,35.35,18.29,18.97,35.75,24.31,17.48,15.72,14.54,23.0,30.2,61.6,22.39,5.14,8.65
2018-06-12,42.03,15.48,18.09,34.01,26.12,21.61,17.8,12.13,24.1,42.93,126.16,24.34,7.3,11.83
2018-06-13,50.77,18.48,25.56,30.62,24.02,24.16,13.57,10.75,25.49,32.36,43.79,24.92,9.46,11.96
2018-06-14,53.6,20.84,19.27,29.01,25.59,33.52,14.67,76.95,25.2,32.22,39.68,22.25,7.36,9.5
2018-06-15,50.1,21.94,15.94,29.31,22.02,42.76,12.92,49.75,25.98,33.19,33.37,24.29,7.75,11.07
2018-06-16,46.04,20.74,17.28,29.76,20.72,106.0,13.35,22.55,27.51,27.28,31.1,22.7,10.07,8.42
2018-06-17,48.18,18.77,20.48,27.88,22.14,111.55,12.88,15.56,27.55,23.55333333333333,31.08,23.99,8.89,6.95
2018-06-18,46.62,19.88,19.42,31.17,24.63,74.79,12.01,22.23,26.97,19.826666666666668,35.05,21.73,10.31,7.13
2018-06-19,43.44,17.4,15.28,29.02,25.58,57.08,10.99,42.21,26.53,16.1,38.19,24.72,8.82,8.79
2018-06-20,50.77,18.08,22.85,37.25,26.69,54.28,13.31,38.69,26.12,25.55,29.47,32.68,7.92,9.96
2018-06-21,49.05,20.93,14.97,35.93,26.64,21.72,12.97,36.7,24.77,21.07,29.27,31.67,9.3,9.49
2018-06-22,53.24,27.45,15.03,53.22,21.66,19.87,16.4,28.08,21.51,21.59,28.26,39.6,9.99,9.52
2018-06-23,51.52,22.5,16.64,49.29,21.0,63.92,14.39,26.49,21.61,20.54,27.52,26.97,9.49,8.88
2018-06-24,73.09,18.69,14.78,37.1,21.97,49.82,13.25,21.6,22.7,19.72,27.36,27.78,7.85,6.39
2018-06-25,54.71,16.14,15.69,31.12,24.72,22.96,13.14,18.96,22.77,19.41,26.9,26.99,7.0,7.15
2018-06-26,52.59,13.51,15.56,26.14,23.0,21.95,15.22,12.97,22.87,25.39,26.44,28.71,5.72,6.96
2018-06-27,48.41,12.58,15.13,25.96,20.77,24.8,18.17,35.66,21.43,23.17,26.78,35.14,3.96,10.0
2018-06-28,41.46,14.8,15.09,23.9,20.45,66.97,16.02,30.42,22.07,21.26,27.02,23.33,5.83,14.19
2018-06-29,45.67,17.54,15.77,26.78,21.22,82.36,14.57,46.82,22.5,24.58,27.63,24.24,6.86,10.85
2018-06-30,40.97,38.97,14.75,28.23,21.76,49.77,18.78,36.29,22.57,20.18,29.34,23.79,7.91,9.99
2018-07-01,44.28,32.18,13.8,26.45,28.09,49.41,16.84,30.87,22.37,20.92,32.13,33.05,6.75,11.74
2018-07-02,41.74,31.9,14.25,22.61,27.8,53.06,15.61,29.72,22.46,19.33,31.94,31.64,7.28,11.98
2018-07-03,37.64,28.51,13.28,32.19,25.08,63.13,14.97,22.19,22.62,25.19,31.77,29.59,7.62,11.66
2018-07-04,34.0,23.4,13.93,25.67,23.7,24.63,14.46,23.11,22.61,26.38,34.32,27.94,6.12,11.71
2018-07-05,53.92,24.0,16.19,33.66,24.25,24.39,15.17,29.89,22.4,23.76,11.84,26.45,6.46,9.94
2018-07-06,50.27,23.64,18.4,35.28,26.12,26.52,17.26,32.83,22.48,31.19,17.48,26.7,6.94,14.44
2018-07-07,60.91,22.69,22.4,28.17,25.02,38.35,17.7,37.62,22.46,32.46,20.67,25.49,7.15,5.82
2018-07-08,87.48,19.14,15.81,35.86,21.96,84.56,16.11,32.9,22.2,28.08,20.48,27.42,6.37,4.54
2018-07-09,47.36,27.64,13.61,28.69,21.26,130.77,15.32,39.75,22.24,29.51,20.48,26.19,8.48,6.51
2018-07-10,47.28,28.01,14.04,24.09,20.06,32.94,14.62,33.13,22.43,28.5,19.66,23.27,9.82,6.17
2018-07-11,39.86,24.79,14.02,26.63,22.32,26.73,15.63,38.51,22.35,41.13,19.46,28.65,8.77,5.51
2018-07-12,38.89,20.39,14.22,28.48,22.96,26.92,15.24,35.81,22.53,38.33,19.19,27.5,8.03,10.56
2018-07-13,46.93,20.25,18.65,29.09,23.02,28.4,14.07,40.85,22.6,31.34,18.3,28.96,8.77,6.2
2018-07-14,77.86,22.41,14.77,31.3,23.07,26.96,17.84,32.93,22.73,33.32,19.16,29.28,7.06,6.61
2018-07-15,45.75,16.7,13.9,25.51,21.38,25.24,17.67,27.56,22.5,30.14,19.19,34.29,5.91,4.44
2018-07-16,33.24,25.39,10.15,32.44,22.15,26.96,15.02,30.87,22.65,27.76,18.61,32.03,5.21,6.54
2018-07-17,59.15,16.7,12.63,28.81,22.24,27.14,14.0,28.16,22.89,26.54,16.76,29.42,5.03,8.78
2018-07-18,51.88,11.96,16.76,28.39,21.78,26.75,15.15,33.92,22.93,27.82,14.49,27.05,6.61,9.34
2018-07-19,56.75,13.91,16.09,25.71,23.46,19.23,15.57,35.88,22.47,28.24,15.41,28.64,7.42,8.8
2018-07-20,49.6,13.27,16.23,30.45,23.35,28.85,14.61,31.77,22.64,40.61,18.35,28.59,8.41,11.09
2018-07-21,56.2,13.99,16.28,37.03,24.11,27.11,14.44,32.92,22.8,37.7,15.59,23.66,6.96,12.66
2018-07-22,49.82,11.91,15.5,27.12,22.11,26.61,14.56,22.64,22.76,28.8,15.42,25.95,4.92,5.94
2018-07-23,51.03,18.1,15.87,29.43,24.99,28.31,14.24,25.78,22.7,28.04,12.91,23.83,5.67,13.64
2018-07-24,60.42,15.74,16.3,26.72,21.56,29.31,14.68,23.38,22.54,27.93,10.99,23.47,5.51,13.39
2018-07-25,55.65,19.77,16.25,28.48,22.52,27.38,14.67,17.28,22.63,28.5,14.59,22.8,5.86,14.55
2018-07-26,47.24,33.72,18.27,28.9,23.99,29.75,18.69,29.98,22.94,32.35,7.46,27.03,6.68,12.1
2018-07-27,46.03,22.7,19.2,25.77,24.8,26.17,18.52,23.87,22.45,29.3,13.59,26.15,6.11,6.92
2018-07-28,39.98,15.78,19.98,24.43,29.64,27.95,18.1,34.55,22.54,26.06,19.19,27.27,6.65,19.29
2018-07-29,44.1,14.34,18.32,30.46,28.56,32.49,19.71,14.17,22.11,25.65,19.32,24.94,5.66,15.21
2018-07-30,45.69,23.4,18.35,28.28,22.91,25.84,17.39,17.41,22.1,40.03,19.3,25.07,5.53,20.98
2018-07-31,43.51,26.45,19.1,30.1,23.39,24.25,17.24,19.79,22.39,32.01,19.05,32.48,8.65,20.07
2018-08-01,43.36,29.88,18.84,32.34,22.69,23.54,16.46,14.06,21.46,23.16,19.81,33.17,10.4,12.61
2018-08-02,43.35,24.09,19.69,32.61,26.26,45.5,18.33,28.01,22.46,25.94,22.66,26.64,7.69,15.52
2018-08-03,43.28,26.75,16.97,31.73,23.74,58.01,19.13,22.75,23.49,31.53,23.12,34.91,6.83,20.17
2018-08-04,42.05,31.52,17.22,32.96,28.82,27.66,17.64,27.33,22.37,38.91,21.08,32.28,6.69,12.3
2018-08-05,38.75,23.82,16.82,29.73,24.32,37.71,18.56,24.35,22.3,21.49,19.59,29.14,4.62,16.4
2018-08-06,49.74,26.37,17.71,32.23,25.92,30.76,16.3,39.43,22.4,36.42,19.81,29.95,4.99,12.57
2018-08-07,37.68,26.63,17.01,31.04,22.16,34.7,16.08,33.02,22.15,29.95,20.49,30.51,4.6,15.06
2018-08-08,45.07,31.6,16.69,30.33,20.13,32.78,16.46,24.01,22.2,35.68,17.81,31.27,6.1,14.0
2018-08-09,41.03,28.22,16.65,29.1,20.3,44.92,21.0,30.11,24.751666666666665,29.93,12.66,29.37,6.5,19.29
2018-08-10,43.41,29.13,18.78,42.63,24.73,33.44,17.3,40.88,27.30333333333333,38.74,13.36,29.78,4.31,9.63
2018-08-11,41.66,28.96,18.74,28.8,23.07,35.26,18.46,36.15,29.855,39.15,13.49,29.95,4.07,8.1
2018-08-12,45.54,21.04,16.6,25.93,27.27,33.28,14.38,37.07,32.406666666666666,39.76,13.35,26.97,4.93,6.84
2018-08-13,45.5,25.47,23.9,28.15,32.41,30.93,13.61,62.27,34.958333333333336,51.23,14.95,25.81,6.25,8.31
2018-08-14,49.44,30.21,27.87,30.34,38.36,36.28,20.02,47.08,37.51,50.81,20.11,26.69,5.02,8.08
2018-08-15,43.78,26.23,26.35,22.86,33.74,38.26,12.18,27.22,22.59,40.195,19.96,26.49,3.18,8.12
2018-08-16,28.19,23.99,24.79,33.72,22.15,38.0,13.35,30.96,26.8,29.58,18.08,25.37,5.66,6.74
2018-08-17,40.57,25.21,27.61,30.72,24.31,35.6,14.14,31.06,27.13,32.56,16.84,18.06,5.87,6.77
2018-08-18,50.83,24.67,28.32,26.14,27.91,40.06,12.67,50.13,19.25,35.14,16.69,21.44,5.73,5.8
2018-08-19,55.47,24.39,27.41,33.12,26.34,34.74,21.07,30.19,22.43,29.52,16.62,31.7,5.5,4.31
2018-08-20,46.74,30.67,29.04,37.99,26.04,38.63,15.99,32.87,30.16,32.61,19.27,34.44,5.62,10.45
2018-08-21,54.26,29.4,26.15,26.25,24.15,43.35,14.4,27.63,19.01,29.07,25.24,28.59,6.27,11.08
2018-08-22,52.93,30.51,25.25,28.73,21.86,36.26,16.5,25.75,18.73,27.52,27.66,32.0,4.87,5.45
2018-08-23,52.29,32.44,27.24,27.95,24.86,43.6,17.2,34.21,11.98,24.45,21.0,31.76,4.98,8.9
2018-08-24,56.19,34.56,26.86,29.81,25.1,41.59,16.98,39.51,14.8,30.65,25.88,30.28,5.24,14.1
2018-08-25,54.46,36.32,25.76,26.16,25.05,40.23,18.74,34.96,14.49,36.85,37.38,31.42,4.64,15.18
2018-08-26,48.28,31.57,25.26,20.16,26.96,39.51,17.43,25.81,10.72,47.650000000000006,48.88,27.19,4.81,10.44
2018-08-27,52.94,36.57,28.39,23.07,27.38,66.89,21.01,33.05,27.74,58.45,60.38,33.68,4.58,11.02
2018-08-28,53.03,31.9,27.95,27.65,22.8,55.98,19.35,31.46,23.11,37.14,23.56,28.96,3.98,14.03
2018-08-29,50.44,30.96,31.81,27.86,24.35,43.09,18.67,27.94,20.32,28.09,23.74,26.06,5.06,12.7
2018-08-30,51.5,32.55,27.15,34.45,28.2,40.48,19.13,41.1,29.33,20.38,20.6,26.83,5.16,15.81
2018-08-31,60.01,38.66,26.63,26.93,26.38,41.33,18.9,40.02,18.9,51.37,16.05,24.75,5.45,13.29
2018-09-01,54.79,29.17,30.79,31.54,23.49,42.45,18.32,39.83,27.92,48.05,23.87,28.09,6.16,15.23
2018-09-02,45.18,26.12,30.72,29.51,23.79,39.41,19.12,25.01,2.64,29.94,18.51,29.64,4.85,18.91
2018-09-03,55.875,36.16,25.39,30.0,26.72,38.61,18.24,30.47,2.83,31.1,13.82,33.47,5.87,22.67
2018-09-04,66.57,37.81,26.57,49.8,26.07,38.38,19.27,24.84,21.83,31.75,29.63,34.79,5.51,22.16
2018-09-05,54.3,31.97,26.39,37.55,22.51,37.66,17.59,37.1,26.5,33.36,19.65,32.17,5.69,13.64
2018-09-06,54.47,33.3,26.43,43.56,27.3,35.96,17.54,28.93,27.96,39.04,19.66,31.5,6.08,16.61
2018-09-07,49.98,32.1,26.31,49.1,23.35,46.03,15.82,27.41,41.02,36.04,16.86,35.47,5.73,21.23
2018-09-08,62.22,23.04,26.88,31.93,22.8,43.35,13.78,28.32,39.42,28.72,18.1,27.38,4.99,20.76
2018-09-09,66.36,25.42,24.42,24.12,23.88,49.99,20.62,20.23,22.76,27.85,21.4,20.6,5.18,23.75
2018-09-10,61.27,28.16,28.9,30.96,23.46,80.08,22.32,12.59,33.85,27.76,21.24,26.34,5.37,26.74
2018-09-11,51.94,35.58,26.44,32.0,23.33,74.94,26.5,16.07,27.83,34.05,31.14,30.06,6.83,25.96
2018-09-12,47.8,42.15,27.1,29.28,26.3,53.21,26.63,11.82,27.61,28.81,32.09,28.13,6.27,16.52
2018-09-13,48.04,39.47,25.22,30.78,24.72,56.14,28.14,22.73,27.27,18.28,25.66,24.16,6.58,11.42
2018-09-14,49.5,42.26,24.28,32.01,24.69,60.46,23.67,21.13,23.71,32.7,26.98,26.98,7.34,14.32
2018-09-15,55.9,41.69,26.14,37.7,21.17,56.08,24.05,32.93,22.183333333333334,38.49,27.34,30.7,6.84,11.86
2018-09-16,60.74,46.22,26.23,31.12,22.25,55.42,24.38,24.41,20.656666666666663,36.23,27.11,28.2,6.0,16.189999999999998
2018-09-17,66.32,41.59,34.16,33.99,18.61,49.61,14.98,23.94,19.13,25.32,26.72,27.23,6.74,20.52
2018-09-18,64.7,32.53,33.53,28.63,19.82,52.76,17.48,27.26,18.6,30.44,27.34,32.32,6.53,11.69
2018-09-19,53.4,28.88,33.81,40.98,25.92,44.02,20.98,35.36,32.09,33.75,27.03,35.53,6.6,12.79
2018-09-20,70.72,54.46,36.47,42.01,26.7,59.59,18.92,37.35,34.7,40.68,26.21,32.55,5.57,16.89
2018-09-21,66.16,37.62,29.79,24.32,17.31,66.41,17.69,22.03,11.74,24.52,25.82,19.86,5.94,13.5
2018-09-22,76.65,40.33,29.55,19.92,18.35,38.19,14.88,27.93,19.46,23.08,24.48,21.02,5.87,10.13
2018-09-23,49.02,39.6,24.07,16.84,20.88,48.11,17.34,18.52,17.11,29.47,22.06,18.27,4.63,9.0
2018-09-24,50.19,37.99,26.17,25.46,24.75,57.89,25.03,19.17,23.23,28.26,6.29,29.72,6.28,12.61
2018-09-25,62.04,45.05,27.74,30.35,24.3,51.09,28.61,20.64,16.16,25.44,7.8,41.05,7.28,19.06
2018-09-26,67.38,32.14,25.69,42.65,19.76,51.22,39.13,12.22,21.29,34.49,6.41,40.12,5.56,21.37
2018-09-27,80.04,37.06,23.88,73.58,23.93,73.08,24.46,26.64,70.92,31.55,10.6,51.29,5.74,20.75
2018-09-28,110.86,34.42,24.39,93.15,21.52,88.2,29.38,21.99,83.88,26.73,22.26,56.9,6.2,14.66
2018-09-29,114.54,33.62,24.44,74.55,23.71,73.78,33.21,15.89,65.16,31.31,27.88,58.5,6.2,20.86
2018-09-30,111.66,31.12,24.91,35.4,20.42,76.87,32.15,9.3,32.88,30.9,26.33,41.26,6.66,16.55
2018-10-01,136.93,34.21,24.44,47.61,20.9,71.83,24.9,9.23,40.85,22.13,25.44,47.15,7.53,12.1
2018-10-02,106.35,26.83,24.73,46.51,18.76,81.23,23.67,7.86,48.97,27.8,25.7,56.61,5.91,23.79
2018-10-03,74.24,27.91,23.68,56.37,22.99,59.36,21.14,11.02,35.37,26.65,25.04,46.19,7.24,14.6
2018-10-04,46.66,32.94,29.87,59.34,38.03,53.24,22.06,11.07,33.63,32.44,31.65,38.02,8.16,14.09
2018-10-05,28.34,29.23,35.69,83.28,33.49,63.09,22.39,13.61,31.71,40.86,28.2,40.68,13.29,15.2
2018-10-06,50.34,29.19,29.91,61.88,38.52,69.14,27.18,10.51,30.3,39.58,28.58,44.18,6.57,20.65
2018-10-07,58.04,32.48,26.55,57.51,31.8,62.43,25.24,9.23,34.05,21.9,26.39,39.73,5.38,28.91
2018-10-08,72.22,34.31,31.0,63.0,41.67,55.91,25.58,13.44,48.43,18.25,23.7,47.78,6.42,30.56
2018-10-09,82.4,41.65,29.99,56.31,29.3,47.6,31.0,17.39,32.18,20.39,23.68,59.12,7.12,46.28
2018-10-10,63.36,47.59,34.59,45.93,24.85,57.87,31.61,22.25,46.78,28.8,30.16,45.2,7.47,18.96
2018-10-11,45.73,63.94,30.12,33.12,22.91,58.63,26.79,29.4,32.21,46.08,43.96,31.45,7.38,17.34
2018-10-12,48.04,60.98,27.85,47.82,25.83,66.67,26.64,31.33,42.69,34.83,55.27,34.58,7.13,19.32
2018-10-13,40.26,57.57,22.7,68.66,22.38,65.19,34.65,20.99,51.07,24.48,53.83,37.28,5.97,19.71
2018-10-14,38.17,28.07,25.64,53.99,22.59,73.09,24.31,13.6,49.09,37.85,52.24,38.31,4.88,17.06
2018-10-15,37.85,31.68,22.08,68.24,28.72,80.26,25.04,17.04,56.83,42.3,42.76,64.0,4.71,21.36
2018-10-16,50.64,31.15,23.42,100.51,39.62,82.26,20.97,12.93,56.72,26.32,31.89,83.77,5.65,22.0
2018-10-17,44.54,32.79,27.86,81.62,37.01,75.79,23.8,34.3,74.91,25.0,35.21,77.86,6.03,15.15
2018-10-18,37.38,37.9,29.65,112.6,48.84,71.72,21.6,42.26,84.59,51.18,37.05,87.19,4.19,17.848
2018-10-19,31.62,27.29,33.15,61.47,46.77,62.56,26.85,30.52,28.09,35.02,40.66,57.64,4.48,20.546
2018-10-20,40.8,31.45,35.57,59.64,40.75,57.87,31.47,13.44,42.7,32.34,43.72,54.99,5.5,23.244
2018-10-21,71.73,38.3,26.02,71.3,42.75,54.6,28.44,13.25,28.19,45.03,41.44,34.6,4.45,25.942
2018-10-22,85.03,51.26,30.6,71.09,34.18,51.33,35.41,15.36,32.5,39.99,59.14,59.74,6.18,28.64
2018-10-23,69.53,52.1,31.36,87.65,35.55,51.91,28.2,14.12,71.55,58.0,48.5,48.23,5.14,23.25
2018-10-24,45.91,47.8,31.19,129.52,62.44,60.86,28.34,11.18,67.95,49.75,49.42,58.23,6.83,17.47
2018-10-25,61.49,45.09,31.3,120.26,91.04,65.11,30.25,18.94,83.16,56.28,63.12,53.35,6.54,23.5
2018-10-26,36.1,46.02,28.88,133.52,81.44,54.67,30.17,22.7,159.19,25.79,59.9,39.16,7.34,27.43
2018-10-27,73.82,51.24,32.54,143.02,84.15,62.35,42.38,37.86,165.51,40.79,58.63,52.5,8.34,25.35
2018-10-28,30.89,47.93,29.44,100.04,63.47,59.260000000000005,33.18,19.96,76.44,14.74,63.32,49.04,5.81,21.54
2018-10-29,27.9,65.76,27.9,104.22,111.56,56.17,27.61,16.77,69.51,13.4,58.62,63.9,4.85,20.23
2018-10-30,31.3,73.78,27.21,119.07,109.83,86.04,28.61,14.79,103.44,13.53,42.66,62.39,4.6,20.27
2018-10-31,30.08,46.05,30.1,122.87,74.42,75.41,32.11,17.61,99.21,12.03,46.82,59.68,4.48,11.45
2018-11-01,47.36,37.49,30.91,133.14,93.21,127.38,30.38,22.24,103.8,10.99,41.97,81.51,5.37,21.13
2018-11-02,54.14,29.12,27.01,86.56,108.27,119.9,25.92,15.86,55.94,11.38,41.35,110.57,8.4,27.06
2018-11-03,62.88,28.45,23.55,45.59,63.46,101.3,22.01,12.67,36.75,10.48,50.66,81.95,7.58,20.22
2018-11-04,37.71,25.74,24.03,30.79,35.72,57.99,20.14,15.65,38.22,8.4,20.68,46.16,5.91,17.83
2018-11-05,50.08,32.92,27.64,48.8,29.36,65.45,23.46,45.28,38.42,17.57,34.54,53.37,6.62,37.67
2018-11-06,46.11,34.18,30.82,44.84,28.33,93.55,25.0,26.47,36.53,46.24,63.98,66.09,5.19,37.74
2018-11-07,59.82,34.22,30.88,52.43,49.28,164.12,23.63,26.2,49.35,45.85,75.25,75.93,8.93,33.61
2018-11-08,77.22,38.24,31.42,106.68,47.4,142.85,21.32,9.18,97.71,42.95,54.79,53.74,10.13,30.5
2018-11-09,61.99,32.31,25.77,109.68,56.68,144.47,25.9,8.15,102.08,26.68,70.0,87.8,8.77,47.24
2018-11-10,76.89,39.15,28.01,127.11,68.35,168.54,26.57,8.81,95.46,29.59,69.43,82.3,6.88,46.64
2018-11-11,75.79,43.57,25.69,113.81,58.38,150.06,27.54,7.4,78.16,12.31,62.91,80.06,4.35,46.85
2018-11-12,73.26,65.11,26.84,101.5,84.84,117.3,31.73,6.0,106.59,20.8,64.4,96.78,5.46,54.62
2018-11-13,80.21,59.92,30.73,111.18,118.49,58.83,37.98,4.68,84.26,16.19,66.33,118.02,5.83,58.58
2018-11-14,56.23,77.83,29.59,67.48,60.15,90.14,39.93,6.19,48.96,14.06,31.55,59.62,5.95,59.86
2018-11-15,41.93,50.94,24.8,51.99,50.0,101.75,35.35,26.86,43.01,12.5,34.36,76.85,5.54,40.04
2018-11-16,40.73,31.59,22.92,41.05,25.77,124.09,29.83,11.27,34.49,12.13,58.53,64.28,5.36,37.45
2018-11-17,96.09,28.53,26.96,61.7,29.4,136.18,21.93,8.13,50.81,17.34,63.92,77.97,3.5,34.5
2018-11-18,129.43,25.94,27.07,92.64,65.15,105.25,20.29,15.36,87.59,23.39,63.69,44.87,3.9,30.95
2018-11-19,70.77,28.63,23.22,47.93,83.48,71.57,21.29,26.16,38.99,10.95,49.43,46.87,5.55,25.15
2018-11-20,83.77,35.0,23.8,80.38,100.43,37.89,27.66,15.47,42.48,12.42,44.79,68.81,6.63,23.58
2018-11-21,81.77,32.46,22.53,81.87,65.02,95.155,27.7,16.95,47.97,,46.17,61.09,6.15,28.6
2018-11-22,52.58,30.52,28.68,120.74,54.87,152.42,28.06,18.78,101.0,,58.25,39.46,5.54,37.34
2018-11-23,39.22,34.72,27.7,102.45,47.99,87.21,30.04,13.41,73.75,,48.19,48.41,5.3,58.15
2018-11-24,38.92,32.39,31.62,50.88,45.74,84.87,34.44,10.93,43.31,,52.26,58.75,6.68,46.02
2018-11-25,37.9,27.58,28.95,84.38,54.6,94.35,30.48,12.07,88.16,,60.58,99.17,4.29,46.8
2018-11-26,29.58,30.14,35.11,120.55,90.57,96.0,32.61,23.81,105.13,,55.21,61.76,7.11,59.17
2018-11-27,25.01,36.17,32.76,176.98,124.82,97.62,35.57,16.57,128.72,,60.97,37.17,7.92,71.79
2018-11-28,22.45,32.37,30.02,146.11,99.86,96.93,36.14,32.01,79.18,,55.69,34.09,9.48,51.18
2018-11-29,33.9,28.83,27.3,124.27,57.85,84.16,43.12,20.04,73.56,,58.08,52.5,8.82,38.5
2018-11-30,35.3,30.83,28.31,86.03,38.48,77.61,34.75,12.7,61.8,21.35,54.46,92.54,9.2,48.91
2018-12-01,42.52,34.43,30.54,90.73,52.47,88.2,35.06,8.57,80.82,25.09,64.23,100.82,8.86,56.71
2018-12-02,37.49,27.96,26.02,152.89,104.37,83.02,33.02,10.01,110.24,23.126666666666665,64.86,67.09,7.49,39.14
2018-12-03,34.25,29.75,26.81,144.74,51.88,81.73,30.02,29.59,88.34,21.16333333333333,47.57,73.89,7.02,40.81
2018-12-04,36.22,34.03,27.4,169.75,73.75,115.22,29.22,63.88,95.95,19.2,39.31,61.42,7.53,49.58
2018-12-05,37.91,30.8,28.85,142.92,47.87,150.46,24.04,49.65,62.99,19.05,55.41,73.62,8.93,44.42
2018-12-06,45.83,33.09,27.19,156.61,53.62,120.51,25.89,27.46,64.2,14.65,82.42,70.96,7.82,49.04
2018-12-07,39.95,34.16,26.96,105.05,46.55,86.97,19.87,11.1,58.26,13.87,60.93,54.14,7.22,52.76
2018-12-08,23.99,28.09,24.43,107.05,60.28,94.1,20.56,23.45,64.11,16.8,70.23,57.28,6.76,53.61
2018-12-09,38.54,19.92,23.02,127.78,75.26,72.16,20.26,18.96,98.12,16.37,74.45,66.72,6.34,44.4
2018-12-10,58.22,31.44,25.93,121.45,168.23,66.57,18.63,22.37,71.81,20.84,76.3,66.35,6.87,43.16
2018-12-11,58.0,39.46,29.71,124.9,67.28,93.04,24.48,46.74,44.93,22.34,74.09,37.78,4.75,42.93
2018-12-12,42.06,39.8,37.55,80.05,62.66,89.14,21.92,31.18,70.8,18.79,70.02,31.13,5.2,45.71
2018-12-13,26.87,37.08,31.05,56.05,35.67,89.36,22.72,24.74,31.62,18.12,74.85,36.73,4.52,47.92
2018-12-14,18.52,38.05,29.69,60.27,28.84,97.88,25.98,13.25,52.65,14.62,44.51,36.44,3.59,44.2
2018-12-15,15.42,39.72,23.66,53.33,28.82,84.54,24.05,9.65,78.51,13.69,47.92,44.32,5.73,33.44
2018-12-16,14.29,38.75,22.21,65.32,58.93,66.74,23.25,10.16,78.03,15.67,49.1,46.98,1.26,29.86
2018-12-17,17.43,76.09,26.53,94.61,57.35,67.63,20.68,9.64,83.2,12.29,53.92,39.09,4.03,17.79
2018-12-18,32.07,106.26,29.8,82.18,47.69,105.66,19.52,8.93,37.27,27.3,64.18,53.39,9.54,17.01
2018-12-19,48.74,47.55,23.98,89.2,36.4,152.15,22.61,25.13,69.79,15.12,71.01,94.52,6.5,24.99
2018-12-20,50.03,35.33,24.8,139.08,36.56,104.68,30.84,12.91,123.06,18.9,67.16,130.73,6.96,43.17
2018-12-21,46.28,48.19,24.41,103.06,37.62,103.29,30.3,9.21,129.67,18.15,68.56,131.34,6.52,38.95
2018-12-22,88.27,35.22,23.85,117.64,86.36,154.21,31.84,13.73,209.47,19.17,56.49,61.55,7.08,32.57
2018-12-23,47.49,25.68,25.66,145.67,54.66,149.03,25.43,7.94,140.63,20.58,47.96,39.64,5.11,27.04
2018-12-24,28.91,29.5,24.58,152.77,38.8,128.11,25.96,5.72,208.0,32.71,47.12,50.01,7.09,40.43
2018-12-25,29.19,33.96,27.37,74.6,31.82,107.87,26.91,5.28,44.35,56.81,45.26,47.54,4.74,52.11
2018-12-26,31.84,33.88,25.49,89.51,40.92,80.71,23.04,10.26,93.27,75.97,45.11,79.21,5.96,47.16
2018-12-27,65.41,34.5,27.37,143.91,33.69,93.15,25.8,8.97,87.64,67.9,53.7,80.07,5.76,31.68
2018-12-28,55.88,32.0,26.23,68.5,24.82,108.22,28.62,20.82,38.9,39.29,53.03,68.26,5.46,47.7
2018-12-29,29.12,32.97,25.86,102.0,38.3,127.32,28.59,69.6,75.87,24.69,72.33,84.93,5.8,40.16
2018-12-30,29.28,27.6,16.02,157.78,65.59,142.56,29.77,62.85,126.95,13.33,62.66,92.12,5.68,44.35
2018-12-31,61.31,40.95,17.0,133.87,64.7,160.67,35.35,48.29,116.97,61.57,59.08,105.68,7.38,42.93
2019-01-01,100.04,41.3,18.62,121.07,69.19,129.08,45.22,24.91,116.46,74.99,44.01,103.19,7.01,49.69
2019-01-02,129.87,41.65,19.05,133.85,127.24,146.33,50.15,45.12,70.15,62.29,55.01,90.9,7.25,77.59
2019-01-03,88.04,51.87,20.62,106.99,44.7,142.66,48.67,34.78,72.59,75.95,59.66,56.9,5.7,103.49
2019-01-04,54.93,50.21,21.03,74.39,63.12,139.85,44.19,41.14,48.92,73.99,62.28,44.36,8.21,64.14
2019-01-05,61.99,44.4,20.84,90.67,77.95,126.48,32.05,59.21,48.71,23.83,56.04,23.06,8.17,54.63
2019-01-06,39.55,36.84,21.97,54.18,26.99,109.19,26.12,25.02,29.44,49.08,59.01,27.82,6.18,58.1
2019-01-07,21.96,48.97,20.57,72.14,40.1,99.42,34.49,18.83,28.2,61.1,46.04,30.17,7.42,68.98
2019-01-08,26.92,56.53,23.85,54.76,27.47,111.08,44.33,10.77,26.78,103.28,47.27,45.02,5.51,94.54
2019-01-09,36.19,55.76,20.37,50.88,25.04,106.29,51.58,10.59,24.48,70.65,32.36,33.01,5.59,75.16
2019-01-10,36.86,53.27,23.31,80.36,52.2,120.77,40.41,22.04,52.99,50.23,44.54,36.73,7.2,72.47
2019-01-11,43.33,51.67,21.07,151.4,72.65,124.97,27.71,24.43,100.88,20.69,45.0,26.92,6.46,62.36
2019-01-12,46.37,50.62,19.41,148.93,72.04,102.22,23.07,42.11,113.81,44.71,45.96,33.21,6.28,42.84
2019-01-13,54.86,43.65,19.21,94.9,69.4,98.42,22.02,19.93,49.53,42.55,66.33,26.46,5.42,34.44
2019-01-14,19.74,48.49,17.7,40.87,22.63,81.05,23.01,5.37,21.76,59.22,45.63,24.09,7.57,33.44
2019-01-15,12.77,48.92,16.57,61.72,28.64,103.22,24.66,19.78,31.82,48.39,48.25,62.74,6.35,36.74
2019-01-16,108.56,44.5,16.56,142.71,64.84,110.55,27.09,18.33,131.36,11.22,63.7,55.87,7.56,29.77
2019-01-17,81.12,48.8,16.51,147.7,58.21,166.94,35.9,15.32,90.12,20.46,50.91,43.24,6.9,33.99
2019-01-18,49.59,32.16,17.1,88.33,32.96,122.63,31.9,9.05,51.25,44.05,37.45,58.35,9.25,38.2
2019-01-19,37.41,33.38,17.4,133.24,34.34,144.78,30.41,15.29,113.71,61.06,41.86,54.21,7.2,43.49
2019-01-20,54.37,27.7,17.11,195.81,65.11,106.1,36.2,14.79,102.62,70.25,42.17,35.14,7.54,52.18
2019-01-21,65.56,31.71,17.8,85.11,68.52,55.68,28.09,33.22,37.75,50.02,32.3,24.49,9.89,40.3
2019-01-22,27.82,46.61,18.36,34.22,27.72,71.55,21.82,78.51,24.91,48.23,38.13,27.5,8.29,48.26
2019-01-23,42.04,40.52,18.09,76.5,27.42,68.62,22.14,74.17,25.04,68.79,38.27,28.12,7.6,29.54
2019-01-24,29.55,28.82,17.49,58.86,66.82,93.7,23.4,67.0,31.22,51.88,35.54,24.05,6.94,28.2
2019-01-25,21.32,28.37,18.97,38.45,72.12,102.36,17.72,57.49,20.29,64.6,40.15,38.08,6.32,23.52
2019-01-26,24.43,29.19,15.61,35.94,22.42,112.93,17.8,18.15,19.35,23.79,43.77,50.12,5.33,14.26
2019-01-27,24.19,24.5,16.2,42.16,20.66,85.97,21.7,11.24,19.59,11.11,38.02,26.88,3.82,16.59
2019-01-28,28.61,24.72,15.61,46.7,21.36,16.51,24.51,13.44,31.22,27.67,36.4,34.59,4.58,34.06
2019-01-29,27.51,28.59,17.65,58.67,20.76,78.24,24.96,10.62,40.27,28.26,38.57,32.23,4.43,34.39
2019-01-30,39.08,34.7,17.54,89.54,43.25,77.28,29.88,12.64,80.21,20.1,41.92,33.17,5.3,39.69
2019-01-31,47.47,30.45,17.43,101.46,98.18,76.32000000000001,31.26,67.08,80.06,21.16,32.73,20.78,5.22,42.43
2019-02-01,28.34,33.41,17.51,48.72,59.29,75.36000000000001,27.13,78.51,38.57,37.03,24.78,22.27,5.06,40.73
2019-02-02,23.24,30.75,17.55,35.82,37.83,74.40000000000002,28.11,24.91,28.01,67.85,26.34,24.54,5.9,68.98
2019-02-03,24.46,24.55,16.7,37.93,21.29,73.44000000000003,24.88,12.92,27.53,57.72,28.79,26.64,4.22,41.71
2019-02-04,45.24,25.35,17.17,76.95,23.33,72.48,25.0,12.46,57.66,29.51,33.44,26.76,6.31,35.07
2019-02-05,61.73,24.42,17.72,153.6,58.32,57.93,26.85,12.17,26.71,72.46,31.56,29.1,6.4,55.08
2019-02-06,21.2,33.98,17.64,62.85,73.63,62.55,27.64,12.5,70.74,92.68,30.87,32.37,5.22,49.36
2019-02-07,16.6,31.49,18.08,27.94,23.15,60.36,20.66,13.08,22.9,92.62,29.88,28.47,5.31,20.1
2019-02-08,18.99,25.96,17.64,49.45,35.78,86.93,32.58,7.26,57.78,67.63,24.14,26.93,5.86,10.79
2019-02-09,27.47,37.69,16.49,41.45,22.39,118.31,28.81,32.42,59.96,32.88,28.16,36.76,4.78,17.36
2019-02-10,29.76,29.4,16.68,69.38,23.52,61.57,22.94,36.31,166.07,20.05,32.58,52.19,5.33,9.76
2019-02-11,28.61,26.17,15.46,95.55,37.8,73.67,20.66,38.74,105.18,17.47,32.18,42.81,5.5,11.14
2019-02-12,46.6,27.32,15.5,101.01,64.09,141.28,27.17,60.4,131.79,20.3,35.75,38.43,6.22,17.28
2019-02-13,47.96,30.98,16.89,96.09,97.46,108.37,33.09,40.03,122.32,21.5,38.19,35.96,6.33,17.6
2019-02-14,26.31,32.32,16.58,54.06,85.74,92.13,29.37,18.54,69.57,57.02,33.57,40.18,5.41,31.56
2019-02-15,35.87,32.59,16.98,45.94,22.06,74.8,23.07,14.64,35.82,17.16,31.98,42.96,5.27,13.91
2019-02-16,35.79,44.47,16.68,33.34,18.38,101.77,30.37,9.9,34.34,43.67,30.37,43.88,4.18,10.54
2019-02-17,39.51,44.8,16.52,41.77,14.32,95.79,27.3,6.2,69.31,24.08,30.1,54.32,3.61,8.16
2019-02-18,40.93,54.29,16.21,56.8,29.36,80.21,34.94,30.08,152.06,30.07,28.53,44.16,4.06,15.37
2019-02-19,24.22,30.1,16.21,65.95,48.2,84.8,23.75,52.14,55.37,15.87,28.61,39.19,3.42,16.19
2019-02-20,55.67,27.55,19.18,63.41,51.45,86.42,19.71,19.81,23.55,27.22,28.03,35.78,3.52,14.04
2019-02-21,13.95,36.91,17.35,67.04,52.14,53.1,22.13,21.16,21.12,38.74,33.48,35.85,3.95,26.51
2019-02-22,20.61,44.74,18.06,41.61,33.72,58.81,26.97,18.75,13.66,29.58,33.76,34.3,4.75,35.05
2019-02-23,22.88,56.96,22.5,30.5,14.67,86.39,31.15,8.55,14.99,33.81,32.97,38.14,4.19,50.94
2019-02-24,49.9,50.3,20.87,42.89,23.71,63.4,24.27,7.21,17.77,38.99,34.8,38.74,3.88,28.36
2019-02-25,35.15,53.87,17.55,62.0,48.76,80.36,21.5,13.85,32.74,33.12,34.37,40.3,4.44,13.05
2019-02-26,18.2,44.18,18.94,48.45,32.18,70.45,28.73,23.23,24.96,21.83,27.56,39.01,3.88,9.93
2019-02-27,19.41,32.28,16.65,33.41,18.81,72.77,27.78,27.72,23.8,18.26,20.04,41.01,3.63,6.69
2019-02-28,25.42,40.15,18.56,60.89,14.77,71.12,23.07,30.21,34.97,14.689999999999998,15.73,40.99,3.74,9.81
2019-03-01,28.04,44.92,15.91,60.61,29.96,128.94,27.68,38.79,26.61,11.12,20.93,31.81,3.69,6.97
2019-03-02,21.69,26.08,22.05,70.66,40.0,144.24,18.95,53.89,32.88,11.88,19.2,29.73,4.11,6.76
2019-03-03,20.36,30.01,28.19,41.09,29.57,48.15,17.94,32.03,17.69,18.4,22.94,26.18,3.29,10.75
2019-03-04,15.71,26.24,20.28,67.55,21.91,49.26,21.47,18.47,21.96,20.15,24.89,30.86,3.57,8.02
2019-03-05,23.08,33.34,37.82,37.94,26.53,35.35,26.36,12.67,13.49,23.91,28.68,34.15,3.16,9.5
2019-03-06,30.3,46.05,23.09,53.83,28.4,47.44,32.23,8.58,19.61,25.64,32.1,52.11,3.24,10.86
2019-03-07,36.24,71.78,29.17,78.33,37.61,56.67,37.6,7.0,25.76,17.86,22.8,37.1,3.52,8.24
2019-03-08,38.8,58.06,20.43,63.98,34.04,58.8,27.4,8.07,27.46,28.39,12.9,24.75,3.82,6.38
2019-03-09,26.52,26.56,29.51,41.64,34.44,74.58,24.61,10.14,15.19,42.69,46.82,30.22,2.99,7.57
2019-03-10,24.97,16.78,56.47,43.2,37.86,68.6,21.43,9.54,13.64,34.05,19.05,27.4,3.31,7.5
2019-03-11,21.43,19.58,25.53,53.94,44.46,49.92,19.8,21.25,20.27,36.09,21.68,31.52,3.73,6.56
2019-03-12,43.19,26.33,40.42,34.98,39.86,45.54,19.1,12.4,13.06,41.01,23.62,38.08,3.63,12.51
2019-03-13,34.05,33.73,33.94,59.86,37.06,47.41,18.66,7.58,15.49,37.33,39.47,32.43,5.07,12.91
2019-03-14,20.71,32.81,32.56,69.01,34.49,57.1,20.9,5.67,18.49,49.22,24.78,32.26,3.65,24.78
2019-03-15,34.65,35.5,33.91,50.74,27.92,61.43,22.04,24.05,12.31,28.88,23.47,39.22,5.31,15.47
2019-03-16,31.41,37.28,40.11,37.43,26.01,87.36,18.97,40.77,12.27,18.67,22.26,38.82,4.39,11.01
2019-03-17,30.14,29.69,31.42,50.26,22.65,67.14,19.29,36.19,9.06,30.54,21.32,43.42,3.76,12.92
2019-03-18,35.0,24.96,43.22,56.61,24.64,83.33,21.62,41.85,8.82,22.42,24.51,43.88,3.87,13.38
2019-03-19,73.2,26.76,30.91,71.06,24.73,107.47,18.12,41.57,9.13,34.05,41.14,38.39,4.4,6.94
2019-03-20,21.95,22.43,27.52,64.3,38.24,64.89,21.63,50.58,8.72,20.92,27.48,43.61,4.35,5.44
2019-03-21,29.65,21.97,20.35,37.11,28.14,43.63,16.05,67.58,18.4,23.95,27.64,29.15,4.13,4.23
2019-03-22,40.71,24.89,20.64,28.73,17.87,54.07,16.94,17.55,6.93,35.79,30.17,33.08,4.27,8.56
2019-03-23,46.74,27.54,30.54,27.32,12.66,57.04,22.74,15.14,9.72,29.29,26.41,36.6,3.36,15.49
2019-03-24,60.01,23.65,38.8,30.81,17.67,90.3,22.14,16.53,7.28,31.71,24.93,35.16,2.77,5.87
2019-03-25,31.09,30.32,35.08,30.48,31.79,120.57,23.8,25.27,7.3,31.69,24.95,35.7,3.99,7.82
2019-03-26,29.34,36.32,39.59,37.75,26.67,66.44,25.55,26.9,8.79,27.27,27.57,41.66,3.23,7.87
2019-03-27,53.69,38.77,22.99,50.71,22.67,36.82,22.44,8.24,7.62,27.82,37.5,59.87,3.66,7.69
2019-03-28,69.9,45.48,27.32,81.85,39.57,39.7,24.28,10.82,7.63,25.56,37.36,53.59,3.93,9.43
2019-03-29,47.93,39.27,26.66,89.35,62.64,25.73,28.9,37.11,10.49,22.85,26.54,59.47,3.4,7.4
2019-03-30,35.31,35.11,27.97,64.31,51.61,31.47,22.57,17.6,8.47,31.91,19.4,43.5,3.09,6.53
2019-03-31,24.38,26.85,20.18,35.27,59.62,32.73,20.48,3.21,12.09,38.95,23.98,36.62,2.46,5.64
2019-04-01,42.22,32.36,19.02,32.02,48.85,27.18,22.71,21.86,8.69,25.64,44.67,45.27,2.96,4.74
2019-04-02,75.89,46.62,18.37,57.47,45.79,39.82,22.45,37.15,9.03,28.89,70.69,45.26,3.27,5.72
2019-04-03,79.91,39.47,20.33,58.01,35.46,62.24,22.16,28.91,8.35,29.79,132.09,41.59,3.31,4.08
2019-04-04,56.25,32.36,21.02,81.06,36.5,52.88,21.16,17.48,7.03,33.96,78.47,54.39,3.61,6.99
2019-04-05,53.96,39.93,19.51,90.76,26.69,55.94,16.5,10.53,13.47,30.79,88.46,46.21,3.64,5.7
2019-04-06,51.45,30.73,20.85,53.28,23.68,64.19,23.18,21.5,53.25,34.45,32.14,38.5,3.58,3.94
2019-04-07,46.01,30.27,20.17,52.96,23.0,74.65,16.22,22.93,47.33,28.52,30.18,33.2,2.69,4.48
2019-04-08,53.36,32.46,21.4,47.31,27.94,66.69,21.92,18.38,18.45,23.82,34.11,31.65,2.97,3.38
2019-04-09,45.42,30.96,29.58,60.44,31.56,56.87,27.11,9.63,48.55,28.74,33.29,35.21,2.82,3.53
2019-04-10,56.47,32.08,30.53,80.11,27.98,58.16,28.05,30.7,69.82,23.58,32.32,38.05,3.11,2.26
2019-04-11,67.79,30.94,28.5,53.99,29.32,45.25,18.56,23.7,79.67,28.385,32.6,27.18,2.65,0.86
2019-04-12,48.85,33.74,28.63,40.63,26.89,65.09,20.25,13.34,32.35,33.19,31.36,31.91,2.91,4.04
2019-04-13,48.76,28.27,27.86,35.19,27.87,103.73,24.09,7.95,7.74,34.27,30.08,29.28,3.22,6.54
2019-04-14,36.76,25.14,27.71,34.28,19.61,78.67,25.55,7.29,18.25,30.32,36.82,32.05,3.29,4.03
2019-04-15,51.85,31.72,23.89,50.81,22.74,61.23,21.37,7.38,17.94,35.64,32.28,30.99,3.22,7.46
2019-04-16,40.26,32.87,20.56,35.08,19.35,59.96,20.98,12.34,23.74,39.3,26.07,30.85,4.31,12.25
2019-04-17,36.3,33.1,16.1,23.56,21.3,42.2,17.74,8.9,13.08,30.58,23.63,31.78,3.7,10.91
2019-04-18,41.94,31.8,15.89,35.02,19.44,71.36,20.12,9.14,17.12,26.08,25.02,36.46,3.78,9.52
2019-04-19,54.49,25.65,14.37,49.15,20.43,61.67,18.5,6.83,23.24,18.27,36.61,42.78,3.32,9.6
2019-04-20,79.56,28.96,12.67,56.28,19.59,84.15,17.19,58.5,22.13,27.27,31.27,49.73,3.11,8.89
2019-04-21,83.16,27.82,16.03,69.32,25.53,59.26,15.12,77.1,26.8,40.2,32.71,50.45,3.15,7.81
2019-04-22,71.48,29.57,15.67,74.42,33.57,65.82,16.33,34.22,40.01,24.82,32.71,65.57,3.03,11.65
2019-04-23,63.88,28.78,17.47,83.46,22.6,64.82,26.08,25.15,30.4,22.6,32.71,75.95,2.94,22.21
2019-04-24,28.34,29.39,18.01,39.67,24.4,41.4,19.38,29.51,31.2,23.2,30.51,57.52,3.86,11.89
2019-04-25,45.23,32.06,17.15,30.31,28.16,41.43,21.2,21.86,29.34,24.76,30.26,48.05,3.76,13.85
2019-04-26,62.120000000000005,27.21,16.86,52.86,27.8,47.4,18.98,16.79,25.85,24.81,29.13,37.46,3.25,12.1
2019-04-27,79.01,27.39,17.1,34.4,16.51,78.23,23.05,14.14,26.53,22.35,29.13,42.22,4.88,10.58
2019-04-28,82.03,28.62,16.69,35.31,16.1,57.84,16.87,12.75,25.31,23.85,29.13,40.31,2.83,9.79
2019-04-29,32.91,27.53,16.81,53.91,22.21,51.5,16.3,29.26,24.14,19.87,35.12,41.19,12.73,9.94
2019-04-30,38.76,26.58,16.96,57.61,41.53,50.47,14.32,11.25,28.34,15.3,41.03,69.55,3.47,11.85
2019-05-01,51.67,23.34,16.91,58.94,26.57,35.82,15.02,8.03,28.96,13.85,35.08,79.58,2.87,14.82
2019-05-02,55.31,27.32,18.94,36.46,20.91,36.0,16.47,7.29,29.04,26.68,30.1,35.71,12.15,16.03
2019-05-03,40.29,25.52,20.99,43.92,20.02,44.64,13.67,6.87,28.1,35.21,31.11,40.1,3.83,21.98
2019-05-04,37.33,26.34,19.28,54.6,19.8,44.2,14.72,5.58,56.6,20.93,57.07,61.83,3.06,12.89
2019-05-05,42.89,25.65,17.51,57.99,20.19,31.4,20.05,7.28,37.59,28.07,44.3,71.14,2.38,13.25
2019-05-06,54.42,27.94,18.37,84.3,16.38,43.5,26.43,8.82,31.8,23.17,48.79,45.8,2.91,12.09
2019-05-07,31.99,27.32,22.2,103.77,25.72,50.76,39.49,10.13,36.41,28.1,54.08,43.39,2.66,10.81
2019-05-08,39.83,25.5,21.57,100.34,24.01,32.94,26.82,5.57,46.96,16.8,95.37,43.22,6.91,13.92
2019-05-09,17.0,35.49,24.0,57.35,18.95,37.68,27.2,38.22,26.7,20.98,45.5,32.23,3.09,13.78
2019-05-10,0.0,27.99,24.83,34.62,19.78,34.78,30.85,14.72,20.21,13.62,60.06,29.78,3.3,12.0
2019-05-11,0.0,24.4,61.02,35.69,23.28,52.27,16.23,21.36,29.2,10.49,25.84,31.18,2.85,11.72
2019-05-12,0.0,28.06,47.97,33.4,18.11,55.62,13.98,9.58,31.75,9.26,35.84,28.2,2.55,20.6
2019-05-13,0.0,22.24,41.69,44.98,18.85,38.03,15.97,7.26,38.55,12.19,21.62,30.0,7.04,12.05
2019-05-14,49.54,24.52,41.86,30.36,13.07,51.52,14.31,6.75,23.69,10.43,22.38,32.94,2.68,13.17
2019-05-15,58.72,25.03,30.37,59.46,13.35,46.41,16.76,5.36,25.86,6.02,21.09,38.56,2.7,12.12
2019-05-16,55.61,36.97,21.13,51.51,12.29,39.38,17.53,4.9,29.59,18.92,81.04,27.49,6.45,12.54
2019-05-17,58.41,36.02,21.0,54.56,11.68,58.54,15.54,5.77,41.11,30.27,34.47,26.23,2.81,13.26
2019-05-18,51.83,35.89,20.76,29.15,10.04,74.73,18.66,5.66,35.83,33.59,24.64,28.28,7.8,9.84
2019-05-19,69.77,25.63,21.86,40.46,9.22,58.63,26.81,3.58,31.12,29.97,23.29,40.95,2.29,10.8
2019-05-20,59.84,28.8,21.68,61.22,11.39,48.37,12.98,6.62,32.06,25.47,22.93,41.72,3.96,11.91
2019-05-21,52.21,23.99,22.14,44.25,13.28,39.98,12.46,23.64,31.07,26.43,54.34,37.44,3.06,12.51
2019-05-22,50.49,30.39,22.48,57.11,17.16,32.21,13.11,7.34,31.09,28.73,67.32,33.18,3.94,11.7
2019-05-23,59.76,35.36,20.26,60.95,17.44,51.08,12.57,4.35,33.09,23.92,95.71,34.02,2.38,10.05
2019-05-24,61.82,26.04,17.59,40.59,13.53,45.39,16.07,5.06,33.02,23.53,23.35,30.63,2.83,10.77
2019-05-25,63.98,25.38,18.52,29.66,13.22,35.83,22.03,5.17,34.98,24.62,21.59,34.41,6.97,10.2
2019-05-26,80.78,23.18,18.87,34.89,13.16,38.49,29.48,6.21,32.75,22.11,22.57,36.96,2.5,9.55
2019-05-27,79.36,30.96,18.69,53.14,14.04,39.36,19.84,10.36,42.65,24.46,30.02,44.06,2.72,10.69
2019-05-28,74.24,25.24,19.57,66.06,15.67,40.36,20.36,6.03,49.11,37.33,53.48,42.88,2.56,10.88
2019-05-29,53.58,22.09,20.24,68.16,19.67,35.78,24.53,4.56,58.69,32.14,42.36,50.57,2.05,9.94
2019-05-30,67.08,22.95,21.1,97.8,19.33,36.62,14.72,3.66,73.17,28.22,48.35,31.03,2.43,15.85
2019-05-31,60.74,24.68,21.75,69.0,18.52,42.32,14.16,11.58,58.0,22.21,42.14,31.62,2.58,10.05
2019-06-01,61.67,29.63,17.17,69.74,17.49,46.54,15.41,4.78,46.56,21.59,30.28,41.33,1.86,13.65
2019-06-02,59.18,19.6,16.84,26.31,16.83,45.85,19.0,3.35,15.48,22.59,24.49,41.18,1.74,10.27
2019-06-03,61.71,24.12,17.26,26.82,16.82,38.15,11.76,4.11,10.02,37.79,23.38,43.81,2.89,11.91
2019-06-04,61.44,30.04,17.92,32.65,17.44,23.25,13.87,3.95,14.23,41.75,16.64,32.8,2.39,15.99
2019-06-05,51.63,27.22,16.92,36.36,17.5,18.98,18.23,12.06,28.04,21.31,17.31,26.33,1.99,10.94
2019-06-06,48.03,27.68,18.59,42.88,17.23,25.75,14.13,5.91,28.76,25.77,21.0,31.39,2.75,9.83
2019-06-07,78.85,32.77,19.22,32.74,18.04,35.29,13.13,5.76,14.6,25.79,20.08,30.37,2.43,13.97
2019-06-08,94.0,24.49,14.38,50.16,17.8,36.46,18.87,5.07,16.22,22.46,21.39,32.03,2.35,16.27
2019-06-09,88.87,20.29,11.47,85.14,18.21,38.53,14.06,4.41,53.54,30.12,19.45,44.55,1.84,11.65
2019-06-10,80.56,21.21,21.56,76.01,19.79,48.3,12.49,4.89,43.44,32.33,20.93,43.78,2.44,15.42
2019-06-11,83.52,20.4,25.92,65.68,22.17,50.27,11.83,4.61,54.3,32.91,64.27,31.34,,15.86
2019-06-12,83.14,22.31,18.18,30.61,21.08,44.77,9.48,4.54,21.02,34.76,30.02,40.5,,20.12
2019-06-13,74.61,23.51,20.21,31.46,21.27,36.51,10.7,44.91,60.76,27.77,18.0,33.07,,21.72
2019-06-14,71.38,23.77,33.73,37.54,18.87,36.99,8.74,43.34,63.13,38.2,13.38,38.6,,15.47
2019-06-15,78.46,24.36,21.36,49.69,20.24,37.27,8.08,17.65,1.08,31.2,22.12,33.64,,11.36
2019-06-16,79.28,21.24,20.24,21.83,19.9,26.09,5.0,5.19,2.89,30.06,16.12,30.95,,10.36
2019-06-17,86.11,25.92,23.37,26.75,16.39,26.02,7.2,4.87,2.37,38.49,20.55,37.74,,18.1
2019-06-18,89.1,22.94,23.7,31.79,21.2,29.1,6.91,17.59,2.5,30.84,16.56,36.42,1.34,26.01
2019-06-19,92.99,23.52,20.43,36.51,18.21,34.57,7.22,17.62,2.47,39.33,16.39,27.18,8.95,16.23
2019-06-20,113.35,20.57,24.79,26.95,17.78,35.37,7.2,9.69,4.23,28.1,16.71,32.95,1.15,16.74
2019-06-21,93.61,22.89,28.92,37.67,19.16,35.38,11.0,11.19,4.88,31.71,22.7,35.08,1.18,17.92
2019-06-22,110.17,21.76,25.54,37.1,19.69,35.7,9.47,30.12,5.11,50.14,33.89,39.74,1.54,15.04
2019-06-23,87.86,21.5,29.76,19.84,19.82,33.94,12.24,42.4,5.07,26.09,19.02,22.72,1.2,13.66
2019-06-24,162.63,22.49,27.18,22.57,21.87,36.33,12.15,37.23,5.14,19.5,17.35,22.46,1.41,12.15
2019-06-25,107.05,26.12,33.35,29.27,20.11,44.24,14.72,41.76,4.96,19.97,19.39,27.8,1.33,18.32
2019-06-26,136.58,24.94,27.37,34.44,24.48,40.77,8.97,49.58,23.13,20.91,19.14,36.37,8.74,23.3
2019-06-27,117.3,24.37,38.48,38.24,23.81,43.92,7.95,27.73,30.63,31.68,20.53,29.2,5.42,16.74
2019-06-28,114.39,23.98,23.44,37.84,24.06,32.43,6.9,37.19,27.98,34.62,20.67,24.99,5.93,13.49
2019-06-29,141.36,27.38,28.92,35.19,25.04,34.84,8.61,31.22,28.68,32.9,21.7,25.57,9.72,12.5
2019-06-30,84.37,19.15,29.49,39.12,21.73,35.8,9.97,25.39,28.16,27.81,20.98,21.74,9.83,12.76
2019-07-01,117.79,21.32,28.68,27.68,21.15,38.51,8.9,27.46,28.1,48.18,21.27,24.42,10.09,19.27
2019-07-02,88.78,23.04,27.19,23.43,22.04,47.34,8.62,18.09,24.91,38.96,21.03,26.2,9.76,21.26
2019-07-03,95.73,21.1,27.38,21.33,25.74,54.8,7.4,13.45,5.16,31.44,17.19,24.02,15.43,22.26
2019-07-04,114.85,23.35,26.1,27.0,21.38,58.4,8.29,9.37,14.8,31.2,16.89,28.55,11.09,25.27
2019-07-05,94.1,23.66,27.45,34.24,22.71,44.87,8.12,41.43,9.4,33.15,17.36,30.26,11.1,20.23
2019-07-06,122.97,25.96,30.79,26.12,22.2,30.74,5.39,33.35,12.92,35.15,19.89,35.44,11.24,11.62
2019-07-07,102.6,21.55,24.0,25.63,22.04,29.25,4.34,29.84,22.68,37.74,18.37,36.05,10.62,10.43
2019-07-08,96.06,19.26,25.5,28.57,21.8,34.24,6.2,31.15,20.57,27.26,15.9,28.22,16.66,14.4
2019-07-09,108.22,20.78,24.14,26.68,20.27,28.55,6.72,29.84,12.95,34.82,10.32,21.02,7.24,16.32
2019-07-10,122.89,22.32,26.31,29.11,19.6,38.82,6.38,15.78,11.8,30.85,25.97,26.12,7.65,18.15
2019-07-11,93.15,24.61,32.52,29.36,21.44,37.52,7.99,24.83,11.87,26.97,42.48,24.92,8.58,18.29
2019-07-12,87.53,23.18,25.59,27.19,22.39,35.3,10.1,28.42,11.27,25.57,47.83,23.18,8.03,16.42
2019-07-13,98.39,22.77,22.37,22.98,19.31,36.87,9.79,28.32,13.69,31.5,23.76,21.36,2.21,3.13
2019-07-14,78.41,20.69,19.66,24.71,18.16,36.79,10.4,15.13,11.99,31.34,35.88,20.4,11.58,2.34
2019-07-15,92.42,21.59,23.27,26.07,18.86,32.65,10.75,23.04,24.76,25.14,32.67,22.24,11.78,7.26
2019-07-16,87.09,22.16,29.26,23.74,19.11,37.71,14.47,30.06,11.23,39.72,25.52,22.17,12.46,12.96
2019-07-17,88.63,26.64,32.01,26.68,18.76,37.14,10.94,12.18,12.03,48.41,25.54,22.08,2.36,14.24
2019-07-18,80.25,28.31,29.82,37.88,20.11,35.47,9.98,11.02,13.59,24.01,41.64,26.31,1.93,11.13
2019-07-19,94.8,22.72,24.23,49.35,20.71,42.14,11.18,12.24,27.92,38.77,26.67,23.66,2.14,8.82
2019-07-20,107.47,21.45,24.65,34.22,19.72,49.09,8.86,10.52,36.78,17.02,21.67,25.99,1.76,3.93
2019-07-21,94.37,25.39,22.76,40.01,19.22,52.83,8.47,7.83,18.74,8.96,20.93,17.29,11.27,3.56
2019-07-22,71.17,26.02,28.46,45.91,19.31,37.5,10.45,19.66,16.46,9.86,17.86,18.68,1.84,7.23
2019-07-23,107.32,25.31,25.77,46.01,18.93,37.59,7.35,31.1,9.98,17.1,17.26,18.66,1.92,13.79
2019-07-24,79.15,24.67,27.52,42.88,19.7,36.2,8.04,14.08,9.55,28.3,17.1,23.03,2.24,5.44
2019-07-25,116.89,24.76,26.87,33.55,18.28,39.55,9.19,11.29,17.29,26.53,16.63,20.97,2.11,23.57
2019-07-26,54.89,24.97,27.57,29.95,16.74,32.01,10.63,19.8,11.35,39.59,18.63,26.0,2.75,8.96
2019-07-27,50.78,19.66,29.0,25.46,17.07,26.48,8.24,13.71,9.91,39.36,18.41,32.51,7.81,2.89
2019-07-28,49.24,22.03,22.76,21.22,15.18,25.59,8.08,11.16,9.22,39.68,21.83,18.21,11.82,1.4
2019-07-29,58.58,21.39,21.99,24.31,15.5,27.06,8.17,11.84,10.23,35.49,20.12,16.18,7.08,9.53
2019-07-30,50.01,24.17,30.69,25.19,16.47,33.95,8.76,9.63,9.6,30.48,23.36,17.82,2.11,9.41
2019-07-31,61.74,21.49,26.92,24.98,15.93,30.2,9.93,8.08,7.6,34.83,17.13,17.5,6.8,4.19
2019-08-01,66.37,18.94,22.86,26.51,16.54,27.45,10.97,8.69,8.75,28.89,17.6,19.77,2.02,3.76
2019-08-02,68.12,23.57,30.74,29.14,19.76,27.33,9.48,7.96,8.03,31.13,17.4,25.14,2.21,1.86
2019-08-03,55.58,20.69,39.85,33.32,14.88,24.19,8.49,7.71,13.12,50.87,17.87,28.07,11.36,2.36
2019-08-04,47.63,20.51,42.12,34.32,16.31,23.05,8.68,6.69,16.13,36.69,16.81,23.81,1.67,3.51
2019-08-05,49.72,22.65,31.66,38.54,17.4,26.81,9.21,36.34,13.15,36.12,15.87,33.74,1.59,5.55
2019-08-06,70.29,24.66,31.99,37.25,14.8,31.87,10.9,38.16,11.36,41.84,17.56,27.75,6.77,5.95
2019-08-07,60.02,25.36,22.72,38.88,15.0,32.45,12.04,22.31,12.39,41.39,16.73,32.35,1.95,6.1
2019-08-08,62.52,22.47,23.27,30.82,14.06,32.84,12.81,35.03,11.17,33.27,16.41,27.25,2.03,6.99
2019-08-09,65.64,23.29,24.91,21.86,14.85,28.11,8.84,40.7,13.99,29.64,17.6,15.77,7.36,8.05
2019-08-10,52.51,24.99,22.87,21.47,15.57,23.54,10.03,37.37,18.69,33.38,17.08,13.4,1.97,6.12
2019-08-11,56.91,21.33,18.57,25.93,17.2,25.2,11.86,32.25,12.08,23.14,16.78,18.86,1.32,5.37
2019-08-12,65.63,26.78,19.05,27.51,17.97,28.39,13.34,23.43,12.41,40.68,16.62,24.01,1.51,5.5
2019-08-13,57.0,28.97,20.18,32.07,17.01,38.17,20.72,25.35,12.79,25.35,18.19,31.6,2.12,8.675
2019-08-14,55.0,25.42,19.67,33.85,13.65,39.97,18.15,30.15,12.59,17.94,21.25,38.88,2.19,11.85
2019-08-15,61.24,21.81,22.16,32.56,14.93,33.42,15.07,17.26,12.9,19.7,22.46,28.87,2.28,6.49
2019-08-16,60.52,24.55,22.72,26.32,14.85,31.39,17.62,14.84,12.18,17.2,22.22,28.72,1.9,7.33
2019-08-17,53.51,28.58,22.26,24.77,14.21,26.81,16.82,11.49,15.93,19.51,22.69,34.21,2.75,7.48
2019-08-18,77.37,29.87,19.71,25.39,16.06,29.22,23.36,9.51,11.63,12.24,22.69,33.83,2.15,
2019-08-19,67.29,31.49,23.76,38.82,16.71,32.29,21.82,9.46,14.31,16.42,21.71,34.22,2.78,
2019-08-20,56.13,28.57,24.49,31.87,16.98,35.44,23.12,11.99,17.13,11.27,22.69,34.93,2.35,
2019-08-21,54.16,27.03,27.29,32.26,24.17,32.19,17.12,9.64,16.38,11.19,22.38,32.29,2.15,
2019-08-22,59.39,23.82,24.7,44.39,14.78,32.56,13.24,10.26,14.7,13.56,21.82,33.3,2.12,
2019-08-23,53.89,22.24,22.11,54.52,15.58,34.04,12.13,5.89,11.86,20.51,21.94,22.7,6.66,
2019-08-24,48.86,23.84,18.63,59.19,14.94,27.72,11.5,31.8,11.57,14.17,22.01,23.69,2.08,
2019-08-25,52.11,18.18,20.1,27.89,13.25,35.08,11.82,29.18,11.53,11.72,21.8,23.93,1.81,
2019-08-26,68.79,19.29,22.87,31.88,15.76,34.95,12.3,42.86,17.92,12.54,21.59,31.24,1.96,
2019-08-27,70.31,23.79,25.87,39.32,18.06,32.22,9.84,32.09,12.08,9.03,22.63,33.68,2.09,17.3
2019-08-28,53.9,22.89,22.45,37.1,17.91,28.73,9.42,18.53,12.98,9.43,21.55,25.67,2.15,9.71
2019-08-29,66.19,19.69,22.67,27.72,16.36,32.28,9.95,17.15,12.51,,22.6,24.39,2.06,11.18
2019-08-30,61.43,19.78,22.38,30.15,18.81,37.62,10.94,12.56,12.59,,31.46,27.99,2.13,14.12
2019-08-31,58.68,22.6,20.93,40.39,19.3,34.6,11.37,8.23,12.85,,37.54,37.66,11.85,
2019-09-01,50.72,17.09,21.68,29.57,13.36,35.69,8.8,5.33,13.04,,21.98,36.69,1.79,
2019-09-02,54.36,12.58,20.31,27.85,14.33,32.13,8.14,66.99,12.67,,22.06,33.03,1.94,
2019-09-03,57.71,17.74,24.62,32.78,16.36,33.25,8.44,40.43,15.19,,21.81,41.12,1.95,
2019-09-04,49.34,19.57,26.79,30.78,16.04,28.84,8.08,39.64,13.61,,22.06,33.99,2.0,
2019-09-05,64.08,20.44,27.05,25.41,13.98,24.08,9.16,45.22,12.58,41.28,22.06,26.21,2.07,
2019-09-06,67.29,20.57,30.02,27.49,17.78,23.05,8.05,36.76,12.98,34.79,21.81,27.99,1.91,
2019-09-07,54.98,18.87,14.76,30.5,18.15,24.75,8.2,30.69,12.69,36.84,22.03,31.55,7.48,
2019-09-08,45.05,15.67,16.78,24.75,17.51,26.66,6.92,24.87,12.5,26.31,25.35,22.52,1.83,
2019-09-09,54.01,17.26,18.24,29.46,17.17,26.77,8.32,33.91,13.35,29.01,32.96,29.5,1.62,
2019-09-10,63.4,13.55,16.37,34.48,17.79,22.61,7.91,30.71,13.77,35.44,24.65,36.8,1.56,
2019-09-11,74.61,16.19,16.55,37.15,17.54,33.46,10.0,46.51,13.46,40.22,23.58,33.37,1.2,
2019-09-12,79.26,25.64,15.73,28.38,17.39,23.65,9.09,30.12,19.08,35.0,23.86,23.29,2.4,
2019-09-13,82.4,24.74,15.07,25.5,18.6,38.08,7.93,35.64,24.37,42.83,23.88,24.16,1.93,
2019-09-14,82.74,20.68,12.18,21.91,17.46,29.52,9.61,36.8,9.55,28.02,30.73,19.23,1.86,
2019-09-15,56.46,18.78,14.34,24.91,17.3,35.25,12.92,32.34,8.94,22.99,23.69,24.8,1.92,
2019-09-16,52.89,20.07,14.56,37.24,18.48,44.35,11.68,36.32,21.17,24.13,28.34,28.3,2.05,
2019-09-17,156.68,23.99,15.35,34.26,16.96,44.44,9.75,33.14,13.37,11.84,25.01,31.57,2.24,
2019-09-18,76.75,23.16,16.53,25.04,16.64,52.32,12.46,40.86,12.5,23.23,24.26,34.07,1.95,
2019-09-19,99.5,21.91,17.86,20.35,17.43,46.79,13.6,43.03,11.59,7.46,24.58,28.04,2.07,
2019-09-20,42.53,26.19,16.7,30.32,18.19,39.84,14.45,50.24,11.77,18.65,24.29,25.9,2.03,
2019-09-21,84.28,27.2,13.94,32.82,17.64,37.44,15.16,46.18,16.67,31.27,23.54,26.76,1.8,
2019-09-22,77.78,37.17,24.14,33.12,17.14,31.9,12.62,32.13,6.59,14.67,23.48,24.68,1.84,
2019-09-23,76.98,48.69,16.28,27.61,16.67,33.08,17.19,38.78,8.39,16.42,23.32,28.41,1.74,
2019-09-24,82.26,36.56,13.95,34.14,17.82,32.84,15.9,31.56,10.66,37.57,23.89,32.89,1.95,
2019-09-25,81.56,26.46,14.27,27.25,16.71,42.0,12.51,23.6,13.59,37.43,23.27,19.88,2.26,
2019-09-26,68.75,26.68,13.38,26.71,16.24,41.89,9.51,18.3,17.55,77.63,23.3,20.19,2.49,
2019-09-27,60.32,32.03,12.39,22.68,16.78,27.95,9.31,14.5,23.78,89.98,23.08,21.08,2.62,
2019-09-28,76.5,27.62,10.41,25.22,16.12,28.84,9.06,8.34,30.08,28.96,23.87,20.77,2.09,
2019-09-29,55.63,21.74,11.47,19.7,15.95,27.5,13.85,6.78,35.64,44.05,23.2,29.81,2.08,
2019-09-30,44.98,17.87,14.08,26.39,18.41,31.46,25.22,8.39,27.87,43.7,23.63,38.69,2.14,
2019-10-01,58.64,29.12,15.67,26.89,22.62,33.31,20.19,35.97,31.69,46.08,23.71,29.57,2.4,
2019-10-02,82.17,35.39,18.43,32.24,18.41,39.43,12.22,27.73,49.96,54.78,23.26,37.66,2.17,
2019-10-03,69.73,37.85,16.99,46.78,21.39,40.88,16.06,23.13,43.22,86.26,22.75,41.63,2.44,
2019-10-04,77.98,51.72,18.07,35.15,28.13,42.97,15.95,39.01,29.41,70.24,23.62,28.26,2.39,
2019-10-05,138.85,52.79,13.45,36.22,20.2,52.77,15.47,39.17,38.64,51.42,22.68,30.82,1.9,
2019-10-06,102.54,36.15,14.99,37.52,25.1,53.84,16.14,21.07,41.49,34.2,20.86,31.97,1.93,
2019-10-07,119.48,46.86,30.18,31.6,25.22,42.85,15.72,9.56,26.37,46.89,20.97,45.44,1.88,6.04
2019-10-08,132.92,26.66,24.68,34.71,24.73,36.78,12.16,10.39,19.32,60.15,21.7,45.98,1.94,8.29
2019-10-09,176.45,53.18,22.13,58.38,25.38,45.09,14.02,11.22,47.16,27.04,25.77,51.72,2.6,8.92
2019-10-10,144.33,37.94,20.52,54.51,25.34,55.32,18.72,32.02,87.42,44.64,20.98,50.57,2.42,12.62
2019-10-11,143.1,39.71,17.44,53.08,36.22,51.5,16.47,24.47,25.46,45.52,20.91,39.6,2.5,10.49
2019-10-12,197.94,32.46,12.75,53.06,31.77,56.41,16.34,19.69,17.01,35.88,20.77,41.41,7.54,6.2
2019-10-13,223.66,26.36,16.24,63.23,32.95,50.59,15.72,11.14,26.91,38.75,22.42,40.35,6.73,6.83
2019-10-14,160.39,35.28,14.66,68.23,34.97,53.9,14.37,25.01,62.29,15.79,22.6,43.42,2.49,9.14
2019-10-15,160.83,34.84,18.72,86.5,24.71,55.03,14.29,24.2,63.28,13.09,21.58,64.61,7.6,8.66
2019-10-16,162.35,33.44,18.0,62.13,29.93,57.99,15.26,22.33,39.22,20.68,21.93,48.83,2.55,9.6
2019-10-17,160.51,35.63,19.65,42.73,34.63,52.69,16.0,16.01,24.31,19.06,21.66,35.05,2.56,11.34
2019-10-18,148.54,26.37,17.33,34.81,36.01,67.0,11.59,43.66,20.37,15.63,20.3,33.19,2.23,8.92
2019-10-19,98.87,27.14,15.93,53.94,40.52,59.86,12.31,19.48,36.65,35.71,21.65,38.88,2.21,8.24
2019-10-20,83.99,23.16,20.76,53.46,28.1,46.26,13.8,9.97,29.83,18.66,21.67,42.37,2.04,5.75
2019-10-21,60.92,35.45,19.12,55.42,29.98,39.17,13.29,6.67,27.61,15.92,21.67,69.59,1.9,9.33
2019-10-22,57.21,29.48,22.34,57.98,46.27,40.4,17.71,13.23,38.73,38.29,24.08,98.5,2.03,15.93
2019-10-23,62.81,19.84,21.85,80.24,58.92,55.43,16.66,11.99,54.55,26.85,28.97,112.9,2.38,10.4
2019-10-24,79.64,16.05,30.74,108.93,48.22,63.53,12.99,10.0,94.15,33.04,21.66,53.49,2.22,9.76
2019-10-25,99.36,19.56,42.27,64.73,26.1,47.77,15.97,9.3,40.2,48.88,23.71,39.29,2.04,8.83
2019-10-26,43.97,20.81,22.53,83.98,50.12,54.15,9.9,7.47,36.03,40.96,19.43,36.19,1.61,8.92
2019-10-27,43.54,23.05,34.75,68.91,46.27,52.34,11.8,7.35,30.45,47.34,22.22,63.45,1.74,7.46
2019-10-28,42.55,26.91,36.78,59.73,61.07,40.97,15.71,14.11,27.57,17.3,55.39,74.07,2.03,8.42
2019-10-29,38.81,27.53,56.01,86.74,57.93,46.88,17.77,17.68,46.41,14.43,39.44,84.16,1.65,10.25
2019-10-30,55.36,32.16,40.96,113.63,51.36,44.63,19.03,19.08,54.29,23.77,21.98,68.66,1.65,12.23
2019-10-31,81.95,26.76,42.24,123.63,61.41,49.77,13.88,15.13,71.14,43.48,26.75,64.42,1.93,13.43
2019-11-01,66.15,31.75,48.82,96.68,58.9,44.17,14.98,16.21,55.11,39.56,27.64,50.96,2.49,12.11
2019-11-02,55.23,30.28,22.08,61.32,69.53,41.17,18.73,17.36,31.47,43.67,27.24,35.6,2.47,12.51
2019-11-03,83.3,27.98,27.23,53.58,47.15,48.84,15.44,12.88,27.22,34.74,27.05,36.27,1.89,12.48
2019-11-04,118.22,46.01,26.57,51.48,41.39,47.57,17.28,12.37,28.36,51.98,24.48,46.83,2.11,14.85
2019-11-05,118.58,61.74,27.57,53.16,39.12,42.93,23.28,14.63,31.94,56.28,51.49,77.62,2.52,19.23
2019-11-06,126.26,53.01,26.64,81.72,46.3,62.77,24.61,14.99,47.21,38.15,26.71,48.42,2.57,15.39
2019-11-07,94.22,61.28,27.37,54.77,73.07,30.05,17.71,19.75,37.34,31.31,26.82,28.05,2.18,16.8
2019-11-08,93.79,47.34,26.41,73.74,70.2,35.9,21.6,22.23,42.36,77.19,27.25,33.67,2.26,13.3
2019-11-09,95.88,40.02,22.12,56.07,59.48,50.12,19.58,44.34,28.18,55.22,27.28,33.51,1.84,9.4
2019-11-10,86.5,31.84,24.79,56.41,42.04,56.49,17.44,55.73,25.61,33.73,27.46,35.2,1.68,8.01
2019-11-11,122.08,34.39,23.68,75.05,28.59,57.85,20.55,39.18,42.75,40.98,27.34,39.37,2.14,10.92
2019-11-12,197.09,27.22,25.55,83.09,43.45,65.85,17.74,72.61,72.07,30.8,27.43,37.62,2.93,14.47
2019-11-13,131.69,31.5,20.04,94.33,57.71,66.57,20.36,75.81,74.95,16.35,27.22,49.62,3.49,10.05
2019-11-14,121.82,32.14,13.12,114.67,73.59,62.96,18.43,74.46,87.29,18.83,27.31,42.32,3.35,11.42
2019-11-15,70.98,38.17,18.49,73.02,59.61,65.5,21.15,58.93,46.75,21.37,27.24,37.29,2.84,9.11
2019-11-16,103.85,33.07,20.74,45.36,55.69,58.64,20.91,49.82,31.04,23.55,27.08,42.66,2.18,10.32
2019-11-17,100.34,34.06,16.07,32.29,40.72,51.35,18.84,45.18,27.27,17.88,27.23,40.99,1.87,11.62
2019-11-18,120.16,36.43,15.25,49.47,35.22,51.78,21.34,43.74,30.35,14.96,26.96,43.07,2.53,9.89
2019-11-19,99.94,34.15,20.75,77.11,46.52,75.78,19.65,67.99,61.14,14.83,27.23,70.7,10.82,10.06
2019-11-20,87.15,33.42,16.8,106.76,36.42,80.72,23.25,75.24,107.64,16.04,27.2,57.93,17.46,8.83
2019-11-21,73.76,39.94,17.41,135.9,45.72,73.07,24.57,59.19,119.26,18.22,23.17,39.95,21.23,9.15
2019-11-22,68.01,36.86,16.06,113.99,40.9,70.08,25.3,89.3,118.06,20.15,19.52,47.89,19.49,10.58
2019-11-23,74.19,34.86,21.16,60.68,37.99,67.69,28.07,65.89,36.04,24.34,19.5,66.46,23.25,10.21
2019-11-24,68.13,20.72,18.43,42.87,32.58,58.43,25.13,56.45,26.04,48.58,19.49,51.7,16.26,10.21
2019-11-25,76.89,28.88,17.11,69.13,39.9,65.55,20.55,67.31,62.12,22.13,19.49,36.58,18.93,10.74
2019-11-26,64.46,32.97,26.56,73.89,71.13,75.75,15.71,50.29,72.72,18.13,19.56,48.22,24.32,10.24
2019-11-27,60.11,40.58,15.73,41.04,34.59,73.44,20.13,56.54,38.98,17.37,19.54,39.12,22.41,13.61
2019-11-28,77.43,35.02,22.02,27.14,26.59,73.14,30.01,106.91,25.34,18.36,19.31,41.64,21.79,9.61
2019-11-29,56.87,31.74,18.19,49.52,36.72,75.1,29.05,112.23,40.52,20.13,19.82,44.39,19.74,9.39
2019-11-30,51.48,27.09,18.24,56.55,31.14,65.12,26.28,57.23,33.41,17.81,19.52,44.81,20.08,8.72
2019-12-01,45.84,23.27,19.5,63.15,25.65,75.49,22.23,57.24,42.04,14.62,19.6,47.21,11.05,10.7
2019-12-02,34.1,24.48,19.5,77.73,31.56,53.64,19.45,98.01,35.21,18.18,19.5,58.9,17.62,9.8
2019-12-03,30.83,31.57,18.0,82.31,31.19,58.85,24.79,87.26,43.75,19.84,19.2,86.05,26.85,10.18
2019-12-04,35.21,28.23,15.0,107.88,60.23,56.18,25.8,119.3,81.51,20.84,19.15,99.62,26.66,10.46
2019-12-05,48.13,34.22,14.87,148.59,70.5,59.59,32.55,82.61,113.25,19.64,20.33,48.35,19.31,14.7
2019-12-06,50.36,31.36,17.05,103.48,67.92,57.07,32.85,37.31,74.38,25.23,20.38,61.78,16.84,15.42
2019-12-07,51.27,34.96,19.28,107.56,84.03,63.02,33.08,46.84,64.22,18.06,18.86,56.82,17.66,12.92
2019-12-08,51.02,26.74,26.23,137.04,59.6,58.8,29.65,57.49,78.46,16.04,21.4,67.66,14.57,8.54
2019-12-09,38.77,30.66,31.82,114.07,44.55,60.95,28.47,44.86,93.64,21.67,23.71,66.75,21.91,11.55
2019-12-10,36.8,28.35,24.72,115.07,59.81,68.58,31.49,38.43,106.34,44.11,21.02,88.16,20.7,17.97
2019-12-11,29.66,29.6,32.61,138.71,73.2,71.52,36.44,60.46,106.38,45.5,20.34,79.62,21.56,15.96
2019-12-12,16.14,27.89,21.33,76.85,58.51,79.89,30.6,31.44,45.76,54.98,17.56,35.13,20.5,13.15
2019-12-13,10.69,27.01,25.69,32.94,16.0,57.49,23.17,14.62,26.85,28.61,22.04,38.65,18.53,11.24
2019-12-14,10.69,27.35,31.9,43.17,18.03,60.45,24.88,13.84,24.26,16.72,21.92,34.56,14.52,8.77
2019-12-15,7.76,23.24,30.77,43.01,20.85,65.19,22.09,18.67,24.64,15.44,20.2,34.72,21.28,11.48
2019-12-16,13.94,27.99,25.96,36.0,15.41,67.28,27.36,13.89,17.09,17.03,21.73,33.14,23.97,12.93
2019-12-17,16.65,31.1,22.7,40.32,12.1,66.23,33.48,11.64,19.1,16.78,21.65,47.37,12.22,17.18
2019-12-18,19.22,34.26,24.6,48.79,13.78,59.3,37.04,11.77,29.15,16.91,21.71,67.99,23.3,11.09
2019-12-19,33.61,34.57,21.11,72.47,16.88,64.03,32.73,25.76,62.44,16.67,21.16,57.15,20.74,11.31
2019-12-20,32.46,37.72,20.82,66.4,29.06,79.62,38.9,30.178,49.85,16.34,21.0,67.34,21.16,12.69
2019-12-21,24.92,28.63,25.58,57.35,44.87,88.32,33.96,34.596000000000004,43.97,29.5,21.88,55.27,25.32,9.82
2019-12-22,11.75,25.64,22.47,36.7,25.65,72.93,28.6,39.014,22.55,17.06,20.52,38.33,18.84,8.46
2019-12-23,10.16,31.8,25.99,44.43,17.99,72.19,28.3,43.432,26.68,20.51,21.79,63.24,20.62,8.68
2019-12-24,11.16,31.31,25.04,64.46,17.81,77.07,24.29,47.85,47.45,24.62,18.23,40.83,32.04,9.37
2019-12-25,12.85,27.4,25.26,40.79,19.02,69.58,23.25,43.25,22.66,30.37,19.5,65.71,15.91,8.41
2019-12-26,20.2,29.65,30.75,41.2,24.25,58.34,24.52,39.17,28.02,46.34,20.2,96.58,15.81,9.79
2019-12-27,37.37,32.59,33.61,54.95,49.95,70.12,26.15,49.02,42.25,54.01,19.7,96.65,38.7,12.21
2019-12-28,30.71,27.78,32.37,83.47,57.03,63.78,28.11,49.18,56.67,21.25,19.14,82.95,28.18,10.17
2019-12-29,44.52,26.31,20.92,61.51,51.12,62.91,31.18,48.57,48.94,13.07,19.25,70.51,23.01,7.89
2019-12-30,45.8,27.79,18.99,79.04,49.67,62.84,26.86,64.26,53.7,21.58,17.36,55.85,23.22,8.09
2019-12-31,15.85,27.48,20.97,64.57,85.91,54.33,22.41,82.49,36.79,20.78,19.75,40.45,23.62,8.05
2020-01-01,8.99,26.74,18.7,135.0,118.48,85.81,19.3,81.09,109.35,17.06,18.95,33.18,20.09,7.81
2020-01-02,9.73,30.18,19.86,143.71,83.02,55.87,20.49,78.83,158.65,18.51,18.85,32.49,18.82,7.87
2020-01-03,12.65,26.92,20.62,131.13,61.45,59.18,18.87,70.31,116.86,15.18,18.02,44.62,23.57,8.67
2020-01-04,16.84,41.89,18.64,110.2,57.73,53.59,22.36,73.4,79.89,14.88,19.27,55.68,18.82,11.83
2020-01-05,11.53,29.52,13.3,54.3,46.25,67.61,24.59,52.81,50.15,12.18,17.61,69.22,15.92,8.31
2020-01-06,13.58,31.18,15.93,60.14,69.59,63.21,25.69,58.67,64.09,13.76,20.35,54.28,24.79,7.75
2020-01-07,16.56,32.13,15.99,46.56,78.58,85.98,21.53,84.61,29.54,16.93,19.28,35.02,28.0,8.0
2020-01-08,9.74,28.53,24.25,45.09,51.08,50.91,19.35,86.53,39.74,15.96,18.84,36.53,14.51,7.58
2020-01-09,8.7,32.74,26.55,31.03,39.14,54.9,22.57,62.86,16.63,61.67,19.07,34.16,21.74,8.52
2020-01-10,7.55,35.92,27.69,50.71,35.09,65.51,21.49,64.39,24.27,14.47,19.48,42.59,21.84,14.02
2020-01-11,8.79,28.01,30.05,69.66,66.13,72.78,29.49,73.54,33.37,17.42,19.5,69.15,25.34,10.31
2020-01-12,16.65,30.05,20.28,113.97,90.26,92.98,30.97,71.96,86.82,18.71,18.76,64.2,19.01,10.84
2020-01-13,15.32,41.27,22.56,84.22,43.38,47.02,33.07,91.2,54.35,54.02,19.68,56.52,22.24,13.1
2020-01-14,10.29,43.97,33.44,40.99,63.95,46.51,25.37,94.37,22.02,72.95,17.82,34.28,21.71,8.76
2020-01-15,10.43,37.49,20.74,54.26,82.0,49.11,15.62,98.56,31.74,42.92,19.38,29.3,20.0,7.27
2020-01-16,9.34,37.98,19.86,51.19,30.77,47.2,13.92,99.28,34.0,19.5,19.25,37.59,23.08,6.65
2020-01-17,22.26,43.73,18.78,49.2,51.64,62.5,19.17,69.02,30.27,15.46,19.65,61.39,20.17,7.83
2020-01-18,30.87,28.93,15.06,60.8,41.39,77.28,22.59,75.21,46.05,16.89,18.75,56.51,22.34,6.43
2020-01-19,20.59,25.93,22.8,36.38,38.53,93.9,22.0,81.16,16.57,28.09,19.25,49.87,20.12,7.18
2020-01-20,22.94,35.46,33.31,49.07,39.0,93.54,23.89,97.6,24.18,18.31,19.06,61.52,23.15,11.99
2020-01-21,36.81,33.87,30.54,83.32,80.41,104.64,24.07,141.74,44.61,12.78,19.14,33.96,20.99,11.81
2020-01-22,26.48,31.73,29.44,82.89,73.94,110.22,23.56,115.78,70.21,14.21,19.58,37.73,21.27,10.17
2020-01-23,15.61,30.61,23.65,33.47,34.1,84.15,31.09,99.05,25.35,42.87,17.86,45.77,22.52,12.04
2020-01-24,3.56,40.6,36.45,45.88,44.3,76.32,37.99,90.8,20.95,39.27,19.14,49.44,19.01,10.21
2020-01-25,26.05,49.87,33.21,84.2,64.83,85.32,36.22,119.9,59.05,45.89,20.05,90.0,20.7,7.55
2020-01-26,74.5,48.99,31.63,95.06,57.59,88.43,34.1,130.35,68.45,37.2,18.16,94.75,15.71,10.2
2020-01-27,21.94,46.01,29.51,116.25,72.79,50.18,30.46,131.91,67.28,12.72,19.76,36.02,17.9,11.14
2020-01-28,17.23,34.73,26.08,37.97,38.85,45.51,23.94,124.91,24.89,42.33,20.45,35.84,18.86,9.89
2020-01-29,25.69,38.26,21.46,48.65,17.61,34.71,28.53,96.2,24.98,30.68,19.55,38.02,21.31,6.72
2020-01-30,38.15,53.47,18.86,50.9,22.33,62.06,29.56,70.53,27.33,33.98,19.39,43.67,17.2,9.13
2020-01-31,51.39,35.68,18.27,53.46,30.3,70.91,30.84,90.82,30.09,21.91,19.02,45.15,19.26,11.29
2020-02-01,37.8,30.74,16.95,67.5,30.33,75.13,30.19,84.26,59.99,22.03,35.17333333333333,48.57,16.72,8.68
2020-02-02,25.67,23.37,13.98,54.17,30.67,81.8,22.65,73.98,22.77,14.34,51.32666666666667,41.75,15.36,7.22
2020-02-03,29.93,35.34,15.2,73.96,46.46,67.27,24.72,96.95,49.36,12.42,67.48,39.87,20.58,9.27
2020-02-04,51.22,33.89,17.53,115.76,71.28,55.74,24.15,161.95,68.71,43.31,36.62,34.34,18.92,10.14
2020-02-05,51.88,32.31,20.76,67.5,30.36,82.28,26.52,117.13,44.67,52.77,26.8,42.45,17.58,8.46
2020-02-06,31.62,37.61,32.42,60.54,42.4,51.75,29.82,163.1,27.51,21.18,27.36,43.42,16.31,11.37
2020-02-07,43.78,32.33,23.09,88.53,31.96,68.25,21.89,197.71,63.61,33.05,28.51,36.62,16.61,6.98
2020-02-08,37.58,30.83,18.18,54.41,44.47,61.71,24.59,165.36,24.38,11.31,26.63,40.92,17.3,7.33
2020-02-09,24.54,26.24,15.08,60.36,60.7,44.17,23.16,126.92,27.19,11.9,27.37,55.18,16.08,10.34
2020-02-10,29.5,26.76,15.14,82.69,52.76,51.98,23.63,115.49,45.28,13.71,26.59,80.83,19.62,9.51
2020-02-11,36.51,27.96,27.78,107.57,55.47,62.47,23.38,102.79,61.05,15.0,26.72,70.23,20.62,9.3
2020-02-12,48.05,27.32,28.76,64.65,49.52,76.66,27.32,64.03,25.8,16.65,27.73,68.55,15.94,11.02
2020-02-13,63.19,38.56,24.45,37.63,45.13,94.87,32.56,103.98,15.27,50.78,26.66,86.21,21.6,16.33
2020-02-14,42.05,49.0,24.59,30.48,24.24,82.04,52.12,113.68,13.91,28.9,27.0,44.09,27.09,10.44
2020-02-15,51.25,56.07,27.25,41.54,35.28,82.97,51.8,96.69,14.52,28.05,27.39,62.63,23.14,14.46
2020-02-16,41.44,32.5,21.01,70.95,44.98,73.92,34.66,152.09,27.6,22.19,26.33,92.47,19.38,9.09
2020-02-17,52.43,45.43,23.12,88.49,40.52,95.3,35.83,148.93,45.01,26.22,27.62,119.71,29.22,10.57
2020-02-18,67.01,38.88,34.56,67.21,32.47,101.97,33.53,108.66,43.18,24.13,27.13,135.91,25.09,9.98
2020-02-19,70.43,34.52,26.62,111.77,60.97,110.76,32.04,126.38,58.19,19.43,27.02,90.02,27.45,9.58
2020-02-20,51.18,34.36,22.64,32.65,25.81,84.24,21.75,127.25,14.81,10.92,27.53,34.97,29.23,8.68
2020-02-21,33.57,26.87,40.21,26.24,15.54,62.63,18.73,61.08,16.98,13.88,27.52,34.82,30.22,7.74
2020-02-22,29.36,26.23,15.94,50.12,20.03,80.8,21.61,72.16,22.97,14.56,38.34,33.16,30.14,8.34
2020-02-23,28.19,23.7,13.32,61.5,28.23,95.9,19.69,95.65,27.49,25.79,35.85,30.65,26.02,9.3
2020-02-24,44.41,28.15,19.03,51.6,29.39,92.03,20.91,81.91,25.38,25.88,27.54,42.84,30.68,6.53
2020-02-25,69.62,33.28,18.97,52.38,18.12,86.91,21.56,68.27,20.71,20.31,29.17,56.92,30.7,7.64
2020-02-26,113.23,30.32,14.06,78.58,25.11,67.68,26.33,93.46,53.33,22.62,29.73,40.15,27.43,8.99
2020-02-27,114.42,33.19,15.26,46.13,25.25,85.28,23.77,96.74,26.6,12.93,27.62,47.99,27.4,9.33
2020-02-28,87.59,29.54,16.35,26.32,30.59,132.6,19.28,79.46,20.91,23.69,26.33,35.85,31.28,7.67
2020-02-29,49.93,30.87,23.07,27.57,28.17,120.01,16.14,98.58,20.29,21.61,29.03,41.52,28.6,6.96
2020-03-01,45.76,21.37,14.59,41.36,23.27,55.78,17.73,96.77,29.38,22.98,27.8,25.74,20.74,5.77
2020-03-02,47.92,32.36,18.88,85.92,29.8,77.28,20.68,94.16,57.29,24.56,27.44,38.45,27.52,8.11
2020-03-03,45.29,35.82,25.41,71.98,26.55,46.47,17.39,111.01,71.38,28.8,27.5,37.78,31.6,7.77
2020-03-04,20.69,39.86,23.69,60.78,31.62,48.46,22.73,96.2,68.35,21.24,26.5,34.56,33.09,8.95
2020-03-05,18.08,30.95,22.63,28.54,21.35,43.7,27.67,80.49,24.71,12.38,28.12,27.95,37.12,5.94
2020-03-06,22.0,25.33,17.01,29.75,15.52,40.01,18.67,53.75,24.08,9.84,26.82,35.31,25.21,4.48
2020-03-07,29.25,28.22,19.21,34.85,15.38,38.51,21.69,70.27,26.92,10.19,27.07,50.35,15.69,5.28
2020-03-08,27.93,22.73,13.11,61.74,16.55,52.07,17.67,80.27,45.99,16.78,26.88,37.66,10.24,6.03
2020-03-09,20.2,24.69,18.79,34.79,17.5,48.52,18.72,67.04,22.26,13.74,26.87,38.91,12.49,7.78
2020-03-10,10.25,23.81,20.54,29.74,17.11,39.93,17.74,64.66,23.64,13.35,28.37,20.22,15.96,6.12
2020-03-11,13.13,27.1,17.42,24.99,19.34,32.6,20.78,67.25,20.72,14.45,28.04,25.5,17.83,4.92
2020-03-12,19.72,30.35,17.21,39.57,20.78,42.67,22.99,86.43,24.22,14.57,27.31,40.12,17.78,4.83
2020-03-13,17.38,30.03,28.29,49.0,16.11,42.95,19.82,84.2,30.07,11.85,26.98,51.48,19.63,4.88
2020-03-14,20.2,28.63,25.01,32.7,25.87,46.5,21.84,66.39,18.59,15.55,28.28,30.43,15.23,5.91
2020-03-15,19.1,23.19,19.31,46.69,28.06,84.12,21.68,57.98,24.04,17.16,27.07,30.67,12.35,6.02
2020-03-16,19.65,23.54,17.69,44.12,34.29,95.94,22.5,54.3,21.39,18.72,27.5,31.21,14.77,7.16
2020-03-17,30.33,22.33,16.23,48.87,45.35,125.6,22.98,57.58,22.97,22.04,27.98,44.0,15.24,6.32
2020-03-18,33.18,25.9,16.71,53.31,39.94,89.72,24.45,64.18,35.47,31.98,25.35,54.49,18.01,7.05
2020-03-19,31.13,27.94,18.85,59.24,32.38,49.39,24.66,58.24,36.81,45.87,27.28,48.53,15.9,6.23
2020-03-20,13.3,24.16,16.27,55.88,44.61,45.69,18.77,70.61,26.78,27.93,27.42,25.96,18.68,5.67
2020-03-21,22.73,32.76,16.23,54.04,26.71,38.19,19.21,79.79,21.9,24.88,27.21,28.98,15.88,4.18
2020-03-22,12.99,14.52,11.4,30.31,15.47,20.96,16.82,66.81,25.12,23.13,26.89,15.99,12.15,3.42
2020-03-23,17.08,20.75,13.48,25.31,15.56,20.27,12.92,64.96,16.31,17.39,27.64,19.12,12.5,3.73
2020-03-24,14.5,16.61,13.16,26.48,17.97,22.74,11.79,80.41,17.3,33.71,27.27,21.71,9.77,3.69
2020-03-25,19.44,11.41,9.79,22.57,14.18,21.67,11.53,66.72,15.59,21.35,27.91,15.89,10.05,3.41
2020-03-26,17.61,10.63,13.84,17.41,9.05,21.6,11.39,65.41,11.76,18.53,27.96,12.15,11.58,3.94
2020-03-27,12.87,11.22,9.8,15.89,12.92,16.85,11.2,64.28,9.72,19.62,29.21,12.8,11.17,3.74
2020-03-28,20.77,12.06,10.1,18.34,12.15,19.07,8.47,59.88,10.57,18.86,30.41,13.76,11.03,3.74
2020-03-29,15.46,14.05,13.3,16.42,10.26,16.35,11.3,25.29,10.04,17.81,27.43,12.51,9.53,3.77
2020-03-30,21.89,13.51,16.37,16.62,10.79,17.25,12.19,24.29,8.93,17.83,26.97,12.11,10.76,3.92
2020-03-31,13.64,11.79,13.7,18.01,11.2,18.14,14.38,64.97,9.79,18.82,27.51,18.65,10.18,3.54
2020-04-01,13.7,11.6,16.23,19.26,13.26,17.03,13.07,68.39,10.74,25.65,27.96,11.03,10.28,3.81
2020-04-02,15.15,10.93,13.84,17.72,10.17,16.94,12.85,62.84,10.82,28.43,27.94,10.98,9.85,3.42
2020-04-03,23.58,11.07,12.21,19.33,10.17,15.5,12.23,51.85,9.72,29.88,26.99,10.77,9.19,3.27
2020-04-04,22.28,10.79,12.6,21.19,9.6,16.89,13.49,53.03,9.22,26.03,27.79,16.84,11.04,3.09
2020-04-05,22.49,11.62,11.9,22.78,10.41,18.47,12.2,57.79,12.04,28.06,25.99,12.73,12.11,3.18
2020-04-06,17.24,11.77,13.82,22.68,9.2,16.46,13.41,51.0,10.57,28.59,26.825,13.24,13.71,3.25
2020-04-07,11.04,14.79,13.3,17.38,8.95,18.28,23.9,59.45,8.78,28.6,27.66,13.04,12.7,3.07
2020-04-08,11.51,14.46,11.87,16.51,12.6,20.06,21.26,72.57,8.45,25.79,28.495,12.48,12.09,3.46
2020-04-09,14.33,13.21,15.12,18.16,9.22,20.89,26.47,70.26,9.19,25.21,29.33,12.59,9.92,4.12
2020-04-10,17.23,11.44,17.08,23.3,10.61,19.36,22.02,46.09,13.59,26.86,30.165000000000003,14.13,10.94,4.25
2020-04-11,19.26,11.3,16.63,21.9,13.83,19.82,21.24,50.3,15.15,24.11,31.0,13.6,11.12,3.58
2020-04-12,15.18,12.7,14.87,14.66,12.23,21.29,15.09,46.05,10.09,26.45,28.01,12.76,8.44,3.53
2020-04-13,13.01,16.92,16.04,19.83,14.6,22.44,14.06,49.13,11.64,27.86,27.61,23.26,10.89,3.66
2020-04-14,14.73,16.73,12.73,22.96,17.62,23.66,13.94,42.84,13.53,27.71,23.17,18.21,10.24,3.77
2020-04-15,10.04,14.7,12.0,24.05,13.63,23.66,13.43,54.86,12.74,28.58,28.66,19.22,9.68,3.6
2020-04-16,14.75,13.63,13.09,25.66,15.56,21.06,13.75,51.46,12.94,30.61,33.2,12.67,10.07,3.53
2020-04-17,12.68,13.36,11.22,16.95,19.69,22.75,15.53,50.49,9.64,27.13,28.05,12.55,10.11,3.68
2020-04-18,11.7,12.25,11.66,17.02,11.4,21.9,17.34,47.22,8.86,25.73,31.09,15.04,9.38,3.09
2020-04-19,9.31,11.63,11.62,20.82,13.81,21.07,17.97,39.22,10.22,30.24,27.79,12.42,9.55,3.04
2020-04-20,10.58,11.72,9.88,25.55,9.47,23.34,18.67,50.14,15.65,29.22,28.27,13.26,9.71,3.42
2020-04-21,10.46,13.46,10.05,19.57,8.87,21.67,21.48,48.5,9.68,27.59,29.25,13.87,12.1,3.4
2020-04-22,11.49,11.49,13.87,24.17,10.81,22.57,18.57,47.55,12.07,20.05,31.4,14.74,12.05,2.97
2020-04-23,10.82,13.28,15.98,22.92,14.66,24.9,17.87,42.53,12.88,21.92,33.39,14.29,11.93,3.24
2020-04-24,9.85,15.61,15.03,24.87,10.23,22.62,16.45,55.3,13.06,18.97,32.22,18.71,9.99,3.19
2020-04-25,10.25,15.19,15.0,19.91,10.94,20.87,17.63,44.52,10.32,16.020000000000003,30.38,12.98,13.06,3.38
2020-04-26,10.29,13.11,15.7,17.77,7.53,24.82,15.56,54.83,11.22,13.07,29.59,17.25,10.66,4.37
2020-04-27,12.7,14.32,12.96,16.38,8.48,20.66,16.13,57.37,9.44,12.95,46.31,14.7,12.48,4.17
2020-04-28,14.12,13.01,11.52,20.03,8.54,20.73,15.18,58.88,10.31,7.24,37.97,14.18,13.8,3.95
2020-04-29,14.4,13.47,11.52,22.66,8.89,28.03,16.46,69.42,11.56,10.82,36.02,12.29,13.35,7.42
2020-04-30,10.37,17.17,16.53,20.45,9.66,21.92,16.33,61.62,10.82,9.74,34.95,15.01,13.56,4.41
2020-05-01,8.6,14.65,9.36,20.45,7.72,19.46,15.54,92.02,10.68,10.83,30.16,17.28,11.8,3.75
2020-05-02,10.09,15.24,7.96,19.49,7.62,24.58,18.8,90.23,8.97,13.11,29.69,16.14,11.75,3.3
2020-05-03,11.49,16.81,7.73,21.57,7.91,19.74,18.2,76.55,9.17,15.15,35.6,13.16,7.91,3.44
2020-05-04,11.36,17.75,6.95,20.79,10.16,23.67,14.89,76.8,10.51,9.1,28.92,12.94,23.24,3.44
2020-05-05,13.84,17.24,8.02,24.06,8.83,28.82,17.35,53.63,10.97,8.43,29.97,11.81,33.73,4.17
2020-05-06,11.7,16.58,9.68,25.58,9.15,26.12,15.19,44.36,11.67,12.5,28.6,15.13,34.8,4.24
2020-05-07,13.23,17.08,9.18,18.92,8.98,25.71,15.26,71.38,11.2,10.73,39.88,19.46,35.5,3.77
2020-05-08,10.06,16.68,8.67,20.69,11.11,22.25,15.87,53.76,10.87,12.07,39.73,18.06,33.45,4.27
2020-05-09,11.91,15.16,7.99,19.17,10.16,18.7,14.83,54.67,10.27,7.95,31.81,18.45,35.24,3.54
2020-05-10,8.61,13.74,9.5,14.47,7.76,27.04,18.09,54.28,9.9,13.44,30.2,16.1,30.83,3.64
2020-05-11,8.68,14.33,9.72,15.6,10.81,32.83,20.61,65.15,10.36,8.87,30.08,15.96,33.99,4.65
2020-05-12,10.47,14.61,10.02,14.62,10.83,35.71,19.37,55.05,10.95,7.91,30.38,20.34,24.11,3.81
2020-05-13,11.59,14.5,9.07,16.74,12.56,27.59,16.92,76.54,11.7,9.15,30.07,19.77,9.56,3.64
2020-05-14,11.33,16.02,12.7,21.86,12.24,29.15,15.62,66.61,24.42,8.43,32.32,16.7,13.08,3.71
2020-05-15,12.47,16.78,20.87,18.9,15.48,28.12,16.59,55.68,65.35,8.78,32.43,16.94,15.27,4.37
2020-05-16,11.0,17.24,12.81,19.89,15.27,37.14,17.99,73.86,59.52,6.11,29.75,15.54,14.13,4.02
2020-05-17,10.84,12.56,15.85,26.01,18.66,23.7,19.68,91.79,24.05,7.07,30.7,19.86,9.96,8.73
2020-05-18,12.35,11.92,18.39,29.28,19.06,22.49,17.21,76.16,23.82,10.97,27.56,19.01,14.04,12.33
2020-05-19,16.04,13.59,22.97,38.49,18.93,28.68,19.56,57.23,26.4,16.46,30.21,23.42,14.03,9.56
2020-05-20,13.05,15.4,21.31,25.93,15.16,31.18,20.28,55.07,22.39,40.98,30.04,17.25,15.48,9.83
2020-05-21,14.15,16.17,18.62,25.81,13.92,26.23,22.31,54.62,24.8,27.74,30.04,27.37,14.99,6.96
2020-05-22,20.77,16.51,17.82,40.17,12.97,24.26,25.41,54.39,29.67,24.12,29.59,30.97,15.45,6.4
2020-05-23,12.73,15.53,15.94,37.85,9.22,27.1,22.82,58.97,16.56,14.25,28.26,18.39,14.7,3.81
2020-05-24,10.7,13.26,16.33,21.76,13.12,24.05,17.02,39.45,10.69,11.8,26.45,17.87,10.44,3.39
2020-05-25,10.65,17.08,16.23,25.0,15.61,21.39,15.57,30.01,11.58,13.59,27.18,18.53,16.38,3.07
2020-05-26,11.55,16.95,16.14,37.41,15.95,23.68,15.44,11.16,21.68,12.06,27.12,19.82,17.08,3.35
2020-05-27,13.17,18.77,18.62,21.37,13.41,25.38,15.94,11.37,14.63,11.9,26.78,19.99,17.23,3.44
2020-05-28,11.85,16.36,18.71,13.26,8.86,22.69,17.03,11.81,10.08,12.23,27.66,19.25,16.15,4.15
2020-05-29,11.52,17.14,21.64,14.69,9.12,21.64,15.88,13.18,8.89,13.61,28.95,16.35,14.93,4.27
2020-05-30,10.53,17.45,15.08,14.11,10.25,22.16,15.62,18.18,10.01,27.93,31.03,16.52,14.94,4.87
2020-05-31,10.31,10.32,12.57,13.15,10.77,19.4,19.32,13.99,13.2,14.92,37.92,17.65,8.54,4.05
2020-06-01,13.07,9.4,17.89,17.6,12.7,28.31,21.23,11.71,13.33,12.15,34.58,18.78,13.12,6.22
2020-06-02,22.26,10.18,16.95,19.94,16.23,30.17,16.75,23.73,11.86,12.6,34.76,21.25,18.25,6.52
2020-06-03,21.25,10.9,16.64,21.64,20.08,23.44,14.0,27.13,11.72,20.59,29.09,20.31,12.28,6.6
2020-06-04,21.51,13.01,15.78,29.57,15.36,29.74,13.16,54.39,13.04,22.18,28.88,21.74,17.32,7.33
2020-06-05,19.08,18.98,19.15,20.45,14.22,33.24,15.07,35.29,11.6,24.69,34.62,19.71,18.52,5.99
2020-06-06,22.28,16.43,18.93,16.37,14.95,27.32,14.47,45.29,11.05,22.56,30.45,24.7,10.6,4.83
2020-06-07,20.48,12.94,20.39,17.92,13.44,28.76,13.89,46.35,10.95,20.66,30.36,19.36,7.37,4.87
2020-06-08,17.52,15.43,21.97,21.44,15.53,27.72,14.29,42.41,11.93,27.26,27.74,24.27,15.09,6.72
2020-06-09,16.39,16.43,21.03,28.36,17.66,26.88,13.92,50.18,14.29,30.35,25.93,21.12,9.2,6.61
2020-06-10,14.59,17.72,15.9,35.09,13.81,27.17,16.09,43.94,16.17,27.38,25.98,21.88,14.88,15.51
2020-06-11,17.05,16.75,18.3,30.0,13.79,26.64,17.06,34.96,13.95,35.79,25.22,19.56,23.87,9.6
2020-06-12,14.85,15.48,20.6,29.74,10.62,31.51,15.04,48.94,13.74,35.52,24.32,20.83,23.12,6.69
2020-06-13,16.62,16.68,21.63,22.93,10.55,34.3,13.7,35.51,13.73,22.6,24.6,21.62,16.28,5.7
2020-06-14,15.77,14.6,22.91,22.01,10.09,31.24,14.15,12.47,10.81,20.43,23.81,19.03,11.95,5.6
2020-06-15,18.56,15.5,18.82,21.79,11.5,31.75,14.57,19.3,10.42,22.97,24.78,20.81,17.64,6.62
2020-06-16,17.23,15.94,22.1,19.98,9.23,30.5,12.66,23.62,11.58,26.81,26.67,18.22,19.7,12.86
2020-06-17,13.18,17.22,24.29,14.73,12.46,29.79,13.65,25.83,9.57,24.23,42.08,16.06,19.56,11.66
2020-06-18,20.97,16.54,27.99,15.69,9.9,36.41,13.77,27.81,9.43,26.79,30.65,21.0,17.99,9.54
2020-06-19,22.86,15.89,23.72,15.57,9.18,32.26,15.44,24.26,10.02,26.1,27.07,16.93,14.82,9.89
2020-06-20,10.1,14.97,22.61,17.92,9.3,23.03,14.55,28.38,10.59,22.46,77.94,15.75,17.46,6.27
2020-06-21,8.23,14.83,21.18,19.89,9.59,21.69,15.65,25.68,10.83,25.78,51.61,16.33,12.11,6.81
2020-06-22,11.49,17.28,18.09,17.46,9.31,26.17,15.23,33.47,10.23,27.06,32.27,18.65,15.98,8.1
2020-06-23,12.2,17.11,23.05,15.33,12.35,32.78,16.53,36.15,10.49,19.92,25.83,17.77,19.22,6.55
2020-06-24,21.72,16.98,16.05,15.72,19.87,34.0,17.75,33.97,9.61,13.12,23.17,17.57,16.73,7.15
2020-06-25,18.21,19.1,20.56,21.17,22.33,32.92,17.73,28.9,8.61,13.09,25.96,20.25,17.71,6.03
2020-06-26,20.8,15.57,13.96,21.75,17.02,33.63,14.59,24.65,8.52,17.19,31.94,21.85,14.67,5.37
2020-06-27,19.86,13.07,19.59,22.47,17.78,36.07,15.39,22.28,7.24,19.54,35.75,18.14,12.46,4.72
2020-06-28,16.4,10.58,16.39,23.86,17.6,34.78,14.89,36.76,8.97,16.53,27.47,17.2,9.57,5.59
2020-06-29,18.92,12.94,16.74,21.94,18.87,34.42,17.09,47.69,9.65,18.33,34.03,19.5,12.88,6.43
2020-06-30,33.41,15.0,20.29,15.44,11.95,33.25,14.59,52.04,12.08,18.8,30.6,16.94,12.41,7.1
2020-07-01,20.17,14.83,16.44,16.81,6.73,33.21,16.13,57.72,12.37,14.05,30.2,14.16,2.58,6.4
