Date,Ahmedabad,Bengaluru,Chennai,Delhi,Lucknow,Hyderabad,Patna,Gurugram,Visakhapatnam,Amritsar,Jorapokhar,Jaipur,Thiruvananthapuram,Amaravati
2017-07-01,,11.34,24.55,,19.08,32.5,,17.05,,12.36,9.446666666666667,1.35,13.63,
2017-07-02,,10.47,34.7,,21.33,31.55,,17.83,,6.43,9.883333333333336,1.2,14.29,
2017-07-03,,10.21,26.47,,26.4,32.11,,22.87,,9.21,10.32,1.17,21.13,
2017-07-04,,9.67,10.34,,22.26,29.3,,16.7,,6.62,3.54,1.21,19.87,
2017-07-05,,8.98,23.07,,22.87,30.35,,15.97,,12.2,7.86,1.27,19.37,
2017-07-06,,9.26,24.43,,14.5,29.56,,17.69,,5.68,6.12,1.17,18.33,
2017-07-07,,12.39,29.22,,13.87,30.48,,18.06,,6.84,4.38,1.22,16.48,
2017-07-08,,9.39,14.07,,13.64,34.11,,22.11,,6.66,2.695,1.34,16.13,
2017-07-09,,9.34,25.97,,13.79,32.87,,12.89,,9.9,1.01,1.7,18.74,
2017-07-10,,10.61,28.01,,12.47,29.39,,9.91,,13.14,5.47,1.83,17.31,
2017-07-11,,12.44,23.74,,13.01,26.9,,15.51,,8.84,2.48,2.18,16.83,
2017-07-12,,18.42,15.57,,13.23,29.41,,8.85,,6.22,2.75,1.54,15.24,
2017-07-13,,24.82,17.01,,16.19,28.55,,23.56,,7.82,11.084,1.35,15.47,
2017-07-14,,47.62,19.64,,18.06,27.6,,51.31,,6.46,19.418,1.23,16.82,
2017-07-15,,47.14,22.59,,14.93,29.24,,51.77,,10.05,27.752,1.85,16.23,
2017-07-16,,23.82,18.16,,19.58,34.63,,58.72,,6.79,36.086,1.93,15.52,
2017-07-17,,44.94,17.79,,15.33,31.84,,45.46,,12.17,44.42,1.47,14.89,
2017-07-18,,27.09,18.01,,15.11,26.27,,61.17,,6.09,6.81,1.2,14.13,
2017-07-19,,30.16,20.05,,11.18,25.0,,47.54,,6.6,2.56,1.52,14.04,
2017-07-20,,54.5,24.56,,9.69,26.17,,8.18,,7.06,2.7816666666666667,1.11,12.35,
2017-07-21,,41.97,20.82,,9.71,28.25,,7.8,,7.0,3.0033333333333334,27.07,14.18,
2017-07-22,,53.85,21.32,,10.49,29.49,,8.25,,7.66,3.225,27.04,15.343333333333334,
2017-07-23,,24.37,27.78,,14.95,31.42,,7.55,,8.39,3.4466666666666668,29.35,16.506666666666668,
2017-07-24,,42.69,22.76,,12.65,29.9,,17.32,,8.72,3.668333333333333,29.0,17.67,
2017-07-25,,50.04,19.56,,10.83,25.83,,27.7,,8.18,3.89,24.2,17.05,
2017-07-26,,51.12,19.21,,10.83,28.42,,31.42,,4.59,,27.41,16.17,
2017-07-27,,55.9,23.46,,13.47,28.62,,30.62,,5.83,,39.14,14.58,
2017-07-28,,51.05,36.31,,13.69,26.67,,31.55,,7.07,,37.46,17.67,
2017-07-29,,56.82,22.94,,10.35,29.08,,38.82,,8.31,,28.74333333333333,19.56,
2017-07-30,,23.6,32.14,,10.78,27.97,,30.09,,21.2,,20.026666666666664,18.43,
2017-07-31,,45.36,30.77,,10.29,28.83,,14.27,,6.55,,11.31,12.89,
2017-08-01,,54.93,45.06,,10.84,27.81,,18.17,,6.55,14.42,11.12,17.21,
2017-08-02,,41.25,30.2,,9.17,26.03,,23.79,,,3.52,15.54,14.17,
2017-08-03,,39.16,29.56,,8.33,22.38,,20.05,,,,16.37,14.65,
2017-08-04,,25.85,23.14,,27.11,24.55,,21.38,,,,24.42,13.62,
2017-08-05,,30.04,31.21,,38.87,27.34,,33.9,,,,15.58,14.84,
2017-08-06,,6.06,50.34,,27.85,28.27,,11.35,,,,17.93,16.75,
2017-08-07,,54.59,15.12,,11.44,25.05,,11.926666666666666,,,,18.09,15.6,
2017-08-08,,48.17,43.31,,8.35,24.75,,12.503333333333332,,7.36,,17.38,18.68,
2017-08-09,,33.6,39.0,,7.31,25.82,,13.08,,11.345,,17.53,16.63,
2017-08-10,,9.71,13.38,,6.31,23.33,,26.24,,15.33,,18.32,17.88,
2017-08-11,,16.65,27.68,,8.05,32.72,,24.16,,13.05,,20.42,18.51,
2017-08-12,,18.87,18.79,,10.19,32.06,,19.9,,8.1,,22.36,22.88,
2017-08-13,,23.74,19.55,,8.89,26.67,,30.96,,7.06,,24.65,21.49,
2017-08-14,,26.54,18.83,,9.1,29.5,,25.89,,8.2,,22.28,8.0,
2017-08-15,,7.35,14.91,,9.68,28.81,,32.28,,8.14,,23.83,20.27,
2017-08-16,,20.51,19.78,,6.52,32.41,,44.45,,15.03,,24.37,13.81,
2017-08-17,,21.86,14.83,,5.69,32.76,,34.76,,12.63,,24.732,21.56,
2017-08-18,,21.39,14.8375,,5.22,29.62,,38.85,,8.45,,25.094,19.78,
2017-08-19,,20.13,14.845,,11.1,32.33,,29.56,,6.39,,25.456,13.21,
2017-08-20,,11.17,14.8525,,8.87,37.5,,42.63,,6.93,,25.817999999999994,16.58,
2017-08-21,,16.04,14.86,,13.03,38.36,,30.77,,7.43,,26.18,16.88,
2017-08-22,,20.89,13.04,,14.16,31.68,,37.33,,7.32,,25.1,13.82,
2017-08-23,,27.15,14.83,,8.38,31.8,,19.78,,11.8,,21.75,6.26,
2017-08-24,,21.84,13.46,,12.04,31.39,,36.38,,10.72,,20.05,27.62,
2017-08-25,,19.86,13.89,,11.49,33.12,,44.42,,10.34,,18.91,7.17,
2017-08-26,,19.83,16.03,,12.11,31.66,,39.49,,8.18,,21.13,3.95,
2017-08-27,,7.65,17.52,,13.56,30.92,,50.84,,10.49,,22.05,2.62,
2017-08-28,,13.12,28.73,13.61,13.54,31.84,,17.97,,8.66,,20.16,4.14,
2017-08-29,,14.98,33.28,18.33333333333333,18.2,35.24,,29.91,,7.79,,20.25,3.7,
2017-08-30,,16.33,29.77,23.056666666666665,26.77,32.5,,30.46,,9.76,,36.12,5.1,
2017-08-31,,24.66,40.89,27.78,19.36,30.67,,18.97,,8.4,,172.28,7.45,
2017-09-01,,13.48,35.94,24.03,18.1,35.74,,12.36,,5.76,,109.72,7.69,
2017-09-02,,15.86,33.32,25.0,18.2,32.11,,12.16,,7.36,,112.46,7.59,
2017-09-03,,29.74,45.44,25.07,14.84,33.41,,11.25,,9.65,,18.08,7.61,
2017-09-04,,23.83,52.5,24.93,14.14,33.5,,13.92,,7.46,,22.85,7.71,
2017-09-05,,23.99,57.04,25.08,14.73,41.28,,13.67,,9.71,,22.04,7.6,
2017-09-06,,27.63,50.32,24.95,18.19,24.76,,12.08,,10.56,,19.97,7.6,
2017-09-07,,12.5,33.91,24.93,15.15,32.88,,12.97,,9.02,,17.19,7.75,
2017-09-08,,34.54,19.78,25.88,20.56,39.66,,17.47,,10.01,,16.84,7.71,
2017-09-09,,15.06,23.26,25.77,19.36,41.62,,20.76,,5.57,,25.456666666666663,7.7,
2017-09-10,,9.66,33.22,26.39,30.02,31.82,,17.71,,1.31,,34.07333333333333,7.7,
2017-09-11,,9.5,33.73,27.92,26.2,32.15,,17.61,,6.47,,42.69,7.67,
2017-09-12,,11.3,32.25,24.84,29.4,33.02,,14.26,,9.97,,43.17,7.62,
2017-09-13,,12.87,13.16,24.38,29.14,30.88,,20.02,,4.83,,40.11,7.63,
2017-09-14,,28.38,33.18,26.98,23.29,34.13,,18.91,,5.8,,37.53,7.69,
2017-09-15,,18.53,19.31,27.32,30.61,38.0,,22.56,,6.43,,37.34,7.56,
2017-09-16,,14.39,27.23,26.7,32.14,34.23,,21.38,,8.74,,36.74,7.68,
2017-09-17,,5.9,17.7,26.7,31.59,31.75,,30.88,,12.89,,37.68,7.59,
2017-09-18,,6.18,19.6,30.08,27.24,34.2,,38.15,,5.95,,34.34,7.71,
2017-09-19,,19.64,20.92,28.73,18.66,38.84,,36.53,,24.39,,23.59,7.63,
2017-09-20,,25.61,25.78,31.95,16.73,41.74,,30.21,,14.87,,28.72,7.73,
2017-09-21,,24.16,28.07,23.1,15.47,37.47,,11.61,,17.82,,22.295,7.66,
2017-09-22,,28.96,30.08,24.88,14.94,36.6,,9.48,,14.15,,15.87,7.74,
2017-09-23,,41.31,42.39,22.19,12.27,30.97,,9.41,,13.58,,35.1,7.62,
2017-09-24,,29.38,37.77,22.63,16.39,29.73,,16.84,,18.05,,38.96,7.57,
2017-09-25,,24.14,27.56,24.48,19.63,29.35,,16.3,,20.79,,36.47,7.65,
2017-09-26,,27.37,32.34,30.45,20.53,29.15,16.44,12.34,,23.75,,43.75,7.67,
2017-09-27,,7.85,21.74,29.26,26.15,28.45,3.48,15.93,,23.17,,51.03,7.71,
2017-09-28,,21.6,22.01,34.06,30.48,28.01,13.32,23.68,,30.83,,1.59,7.53,
2017-09-29,,8.95,30.37,40.26,29.53,31.95,10.07,26.92,,26.97,,1.55,7.62,
2017-09-30,,29.89,35.78,38.44,29.65,34.25,6.82,31.03,,17.59,,1.55,7.57,
2017-10-01,,21.92,23.47,32.9,23.32,29.4,26.6,28.09,,19.13,,1.33,4.38,
2017-10-02,,34.02,31.28,30.1,16.98,32.57,12.34,25.6,,25.31,,1.11,4.3,
2017-10-03,,29.93,30.05,34.34,15.38,34.69,1.9,32.0,7.62,27.74,,1.68,3.61,
2017-10-04,,30.31,16.24,35.79,20.42,39.92,2.35,30.07,17.02,27.86,52.5,2.42,3.93,
2017-10-05,,10.53,33.99,36.81,17.38,43.05,2.16,75.54,8.32,26.16,,2.07,4.83,
2017-10-06,,28.31,29.66,38.67,20.43,32.82,26.31,54.23,11.04,28.63,,0.98,3.99,
2017-10-07,,21.99,24.72,34.44,25.48,43.87,47.46,21.17,8.22,27.13,,0.67,4.13,
2017-10-08,,35.86,35.85,35.32,28.6,36.8,26.08,50.41,7.6,18.03,,0.43,3.82,
2017-10-09,,20.43,35.88,31.11,19.71,41.5,13.73,22.99,9.07,20.02,,0.24,4.44,
2017-10-10,17.7,45.08,28.71,30.89,22.94,70.62,4.56,26.71,,23.88,,0.87,,
2017-10-11,9.73,34.99,40.74,29.67,18.43,43.76,9.84,21.74,,43.3,,1.75,,
2017-10-12,,22.7,33.92,35.14,23.52,54.35,34.41,34.77,,27.75,,2.18,,
2017-10-13,,14.59,11.17,37.98,21.43,79.99,33.81,31.99,,28.63,,6.46,,
2017-10-14,,9.9,24.98,42.39,31.1,63.15,70.41,34.61,,24.69,,24.99,,
2017-10-15,,13.39,17.31,37.15,39.88,57.62,33.87,36.07,,20.78,,29.4,,
2017-10-16,,15.03,9.19,30.49,28.96,72.46,13.99,32.59,,24.38,19.97,30.87,,
2017-10-17,,17.23,6.88,30.46,19.74,67.21,35.57,32.26,,16.35,16.36,51.28,,
2017-10-18,,27.54,26.01,35.86,18.81,56.47,29.1,26.67,,25.89,12.75,66.34,,
2017-10-19,,34.64,45.95,36.35,17.24,57.92,14.67,25.37,13.28,17.49,9.14,74.41,7.07,
2017-10-20,40.28,38.72,38.81,41.14,15.35,84.66,2.2,40.66,1.38,12.32,16.21,37.96,3.83,
2017-10-21,27.85,34.89,43.89,34.52,17.32,81.47,28.96,38.07,28.44,12.08,23.28,49.77,6.51,
2017-10-22,26.22,28.1,44.44,34.88,26.57,68.38,31.8,32.95,48.405,10.86,,31.04,6.23,
2017-10-23,24.71,33.95,65.06,52.91,28.24,53.28,34.64,27.37,68.37,12.38,,31.08,5.95,
2017-10-24,19.89,27.3,34.76,86.13,26.58,40.66,40.72,31.42,30.85,11.79,,44.67,3.85,
2017-10-25,18.21,20.57,24.77,106.16,31.97,107.68,13.77,33.84,,13.68,,60.92,3.816666666666667,
2017-10-26,23.6,12.69,14.36,99.71,25.79,71.63,37.19,29.87,,20.3,,113.08,3.7833333333333337,
2017-10-27,32.46,19.69,19.74,82.93,33.02,18.11,39.35,30.26,,12.62,,74.38,3.75,
2017-10-28,6.36,32.07,20.15,110.71,29.39,80.8,36.22,40.62,,13.11,,42.78,4.7125,
2017-10-29,21.54,36.67,29.74,83.99,42.12,58.83,33.95,37.19,,14.02,,85.91,5.675000000000001,
2017-10-30,38.775,32.74,9.72,88.38,37.37,56.25,12.98,34.82,,10.89,,114.57,6.637500000000001,
2017-10-31,56.01,47.84,21.9,65.34,45.65,53.67,31.24,21.56,85.18,9.84,16.68,81.74,7.6,
2017-11-01,48.62,43.92,11.64,56.79,37.03,58.62,22.15,33.53,80.43,15.1,16.96,43.61,7.71,
2017-11-02,41.23,44.38,24.43,61.91,47.5,63.67,13.06,45.12,78.48,14.08,17.240000000000002,44.14,7.77,
2017-11-03,33.84,52.18,29.09,62.16,46.69,55.23,9.27,30.22,77.85,15.18,17.520000000000003,67.79,7.77,
2017-11-04,44.5,43.23,21.16,73.16,44.73,51.23,19.87,32.78,70.0,12.17,17.8,118.39,7.76,
2017-11-05,77.28,17.19,12.74,86.74,46.58,47.67,22.99,34.6,65.63,15.85,10.96,100.07,7.69,
2017-11-06,52.82,6.75,12.67,72.82,42.18,43.64,26.04,24.93,49.78,20.13,85.92,89.91,7.7,
2017-11-07,27.74,7.02,9.18,56.06,46.2,43.46,32.51,29.88,62.64,3.93,71.30666666666667,58.88,7.74,
2017-11-08,55.03,13.74,22.1,55.51,57.2,54.87,33.79,21.77,68.2,3.71,56.693333333333335,59.78,7.82,
2017-11-09,42.9,30.46,31.39,86.62,56.13,50.7,29.74,23.35,75.27,19.28,42.08,57.94,7.76,
2017-11-10,62.31,24.08,24.35,104.94,50.44,55.83,29.94,19.26,79.11,23.6,19.0,83.0,7.77,
2017-11-11,58.29,30.86,32.78,95.54,60.8,71.54,25.62,28.94,109.06,36.54,24.106666666666666,98.66,7.72,
2017-11-12,67.89,14.76,32.86,88.03,60.88,53.74,38.29,37.87,112.66,31.48,29.21333333333333,83.03,7.66,
2017-11-13,48.07,43.16,26.02,94.42,45.74,59.62,18.27,24.72,89.53,23.6,34.32,63.32,7.84,
2017-11-14,37.21,37.68,16.2,69.5,35.99,44.16,37.81,41.87,63.31,24.42,31.05,100.59,7.77,
2017-11-15,36.02,39.31,23.57,60.28,37.48,48.8,41.86,37.75,42.26,23.57,17.43,89.14,7.83,
2017-11-16,28.71,34.31,25.78,62.01,29.43,43.11,54.34,28.26,29.49,25.52,17.416666666666668,81.71,7.81,
2017-11-17,42.6,37.48,29.76,47.92,37.44,37.36,51.18,20.93,22.19,29.84,17.403333333333336,62.68,7.73,
2017-11-18,26.06,19.28,19.58,37.68,42.82,37.79,50.07,27.6,30.74,25.07,17.39,54.05,7.65,
2017-11-19,37.6,15.11,16.62,47.8,40.77,39.81,35.41,45.13,31.24,21.02,22.908,72.81,7.67,
2017-11-20,48.09,17.27,11.44,54.08,58.37,42.8,82.15,40.78,19.47,29.91,28.426,55.8,7.82,
2017-11-21,62.34,3.14,9.64,57.13,69.72,40.93,118.98,36.67,42.78,33.66,33.944,51.15,7.75,
2017-11-22,74.34,15.6,26.93,57.6,61.73,51.0,102.94,31.75,75.21,32.23,39.462,50.67,7.81,
2017-11-23,55.49,28.57,33.97,54.34,54.78,39.92,103.64,29.15,72.79,51.68,44.98,55.99,7.76,
2017-11-24,55.83,29.13,27.26,54.02,52.9,60.26,85.1,25.78,110.54,54.87,10.7,37.61,7.84,109.26
2017-11-25,45.65,38.5,45.01,48.1,54.83,68.38,52.42,25.51,121.73,21.83,16.29,35.21,7.79,127.09
2017-11-26,47.4,35.73,29.54,44.82,64.86,52.91,42.46,24.71,121.71,24.79,32.95,34.9,7.78,117.44
2017-11-27,43.8,24.36,19.64,41.09,65.26,55.76,73.76,27.3,95.86,60.42,49.61,28.37,7.8,111.81
2017-11-28,43.0,22.54,25.07,34.78,51.4,56.56,65.65,18.35,76.15,52.76,58.86,54.08,7.76,138.18
2017-11-29,54.62,23.71,26.94,40.91,34.01,67.32,37.1,16.65,71.32,44.48,53.64,51.65,7.9,109.74
2017-11-30,60.03,19.73,17.88,44.4,31.53,60.26,44.29,23.29,80.85,27.76,,64.74,7.97,118.09
2017-12-01,40.02,4.11,34.83,31.62,29.09,59.62,37.43,23.16,90.05,26.29,,119.81,7.89,123.8
2017-12-02,78.13,4.61,42.02,36.62,31.63,65.3,37.07,16.78,122.71,30.52,,114.76,7.88,128.73
2017-12-03,86.71,8.9,31.4,37.61,29.46,63.84,42.65,21.42,110.02,19.05,,87.04,7.84,114.8
2017-12-04,88.35,24.47,26.7,32.64,27.96,67.63,43.66,18.03,106.51,18.64,,66.54,7.76,112.41
2017-12-05,39.29,12.45,30.04,50.69,29.49,60.14,54.36,14.37,81.64,18.47,,90.16,7.8,117.93
2017-12-06,66.39,,40.77,43.68,44.14,48.64,39.96,20.02,77.64,18.65,,78.4,7.84,117.21
2017-12-07,40.27,,40.88,41.43,43.58,48.33,45.71,25.39,96.71,24.02,,65.1,7.88,94.63
2017-12-08,83.18,,47.78,50.26,51.29,61.72,47.19,32.23,77.73,23.9,,69.44,7.82,68.6
2017-12-09,59.39,,38.98,68.58,38.22,59.43,41.63,25.82,53.68,20.97,,52.89,8.03,60.62
2017-12-10,42.01,,45.45,90.07,27.02,39.78,27.95,25.97,37.76,19.06,,76.32,8.07,68.15
2017-12-11,53.61,,55.0,66.07,28.25,44.73,35.63,15.43,46.58,17.91,,83.65,8.27,73.75
2017-12-12,58.81,,28.49,38.75,22.08,54.6,41.95,19.68,36.79,19.16,,32.27,8.18,44.67
2017-12-13,51.5,,19.15,46.28,29.12,48.7,45.27,22.45,36.13,16.98,,28.16,7.63,50.16
2017-12-14,61.73,,15.41,42.19,25.2,48.56,54.55,25.8,64.81,17.61,,50.24,7.55,55.0
2017-12-15,72.02,,27.65,38.04,24.85,42.62,61.51,28.07,71.93,16.45,,49.86,7.55,79.04
2017-12-16,75.64,,52.58,23.98,32.47,42.31,42.81,29.34,43.04,15.89,,54.35,10.52,73.17
2017-12-17,105.69,,68.71,36.4,37.52,46.91,43.82,36.66,52.25,15.84,,48.42,7.27,70.74
2017-12-18,66.87,,66.46,45.37,29.55,56.42,24.56,51.86,63.46,16.82,,53.42,8.78,59.2
2017-12-19,48.64,,61.01,49.68,22.79,45.37,35.15,33.28,77.78,17.59,,29.52,22.21,66.9
2017-12-20,56.86,,35.3,67.35,25.31,43.0,39.61,14.9,69.33,22.4,44.02,20.26,15.67,77.54
2017-12-21,73.53,,25.9,66.06,49.22,51.64,39.39,28.5,82.73,24.44,92.07,43.46,21.79,79.71
2017-12-22,93.19,,24.92,48.84,80.06,50.01,47.73,31.67,57.23,24.89,44.94,56.18,34.32,56.97
2017-12-23,79.46,,25.37,43.85,77.57,57.5,62.93,42.28,48.63,25.49,27.97,43.65,34.25,73.09
2017-12-24,54.97,,25.72,59.85,64.36,47.69,65.15,28.04,65.61,21.55,23.24,51.36,39.37,62.78
2017-12-25,67.14,,24.74,56.1,61.54,38.5,61.78,27.11,82.6,20.73,27.375,42.49,37.88,76.07
2017-12-26,65.28,,37.33,38.93,63.43,53.45,42.82,31.21,66.62,19.3,31.51,45.58,41.78,64.6
2017-12-27,65.58,,58.63,58.98,64.21,47.38,37.79,21.64,69.82,23.38,28.59,42.85,41.2,63.87
2017-12-28,58.08,52.72,38.43,66.0,51.08,47.22,22.58,21.84,57.78,23.25,31.34,38.57,39.1,62.49
2017-12-29,61.52,17.18,35.45,61.36,39.17,49.58,15.09,22.99,52.57,23.1,65.8,54.47,29.28,67.11
2017-12-30,65.25,33.48,19.64,61.73,28.32,41.64,13.36,24.92,80.89,19.5,27.15,70.86,41.68,66.91
2017-12-31,90.79,32.36,26.74,76.45,49.5,39.55,24.38,18.47,112.64,19.09,9.06,59.4,42.77,61.91
2018-01-01,69.02,25.89,28.82,68.75,60.19,38.93,46.37,19.58,95.39,18.68,3.82,48.42,46.69,87.55
2018-01-02,93.51,24.78,17.19,68.68,50.44,51.26,21.65,17.54,98.75,18.93,26.48,48.92,44.93,81.38
2018-01-03,105.33,35.27,26.41,54.94,42.66,56.84,24.06,16.49,90.33,18.71,25.19,28.61,67.08,80.3
2018-01-04,65.69,46.62,40.16,66.31,30.7,58.03,42.28,18.69,35.0,,28.05,34.35,48.75,71.09
2018-01-05,36.51,51.89,31.36,48.57,15.74,52.74,23.45,19.16,57.98,,7.22,44.31,46.77,68.79
2018-01-06,41.95,59.57,42.57,39.65,27.13,47.04,46.6,19.47,49.1,,14.056,33.02,63.19,90.8
2018-01-07,50.46,62.13,50.15,57.39,25.4,50.17,43.32,24.91,54.14,,20.892000000000003,32.07,59.76,96.49
2018-01-08,48.73,76.84,48.76,54.55,25.25,52.61,35.42,27.37,68.59,,27.728,39.68,55.21,118.91
2018-01-09,68.56,70.18,50.51,66.79,22.39,57.35,30.75,26.25,101.8,,34.564,60.8,40.89,137.61
2018-01-10,55.23,54.29,18.73,58.51,27.65,56.34,38.33,33.08,70.78,,41.4,42.16,35.72,121.72
2018-01-11,59.41,37.03,26.63,56.22,32.01,55.98,22.32,40.11,60.26,,47.58,43.99,39.0,106.17
2018-01-12,47.58,48.6,31.97,62.37,17.78,52.03,47.96,28.86,50.55,26.64,20.76,43.56,69.77,82.2
2018-01-13,43.23,47.39,20.49,75.14,22.37,49.6,30.67,24.53,33.98,19.76,27.21,30.72,35.78,72.16
2018-01-14,10.99,53.1,28.71,64.8,26.75,48.64,28.99,26.16,37.74,20.39,27.94,49.59,56.36,62.6
2018-01-15,51.68,66.4,40.6,59.73,29.12,50.02,50.5,34.78,60.7,23.5,31.08,35.43,49.1,69.99
2018-01-16,12.21,59.88,42.88,54.0,39.04,43.58,20.54,41.55,52.2,23.22,41.2,53.28,17.45,54.92
2018-01-17,41.74,64.8,33.83,64.1,16.64,45.85,37.25,25.9,39.92,19.23,27.28,77.47,85.18,45.63
2018-01-18,31.7,65.34,44.7,72.89,27.45,37.53,36.57,22.37,43.42,19.1,23.77,56.89,71.98,45.97
2018-01-19,25.03,71.99,52.91,73.6,22.2,38.71,35.99,24.74,43.48,20.29,23.47,52.2,55.7,50.28
2018-01-20,60.49,80.04,51.59,43.18,24.45,45.46,21.83,31.66,49.83,21.19,26.94,70.72,71.96,51.98
2018-01-21,59.23,81.55,57.39,41.49,36.88,44.16,34.98,26.22,52.56,22.55,24.24,51.67,83.6,59.76
2018-01-22,70.9,77.88,40.29,68.33,33.49,52.29,37.59,30.88,52.3,19.82,24.22,80.44,82.67,58.53
2018-01-23,47.71,60.85,38.16,48.67,26.45,47.74,35.37,23.25,31.71,17.78,19.66,63.97,72.01,58.04
2018-01-24,40.9,43.36,28.97,42.04,28.72,45.11,42.45,14.67,49.84,18.36,16.64,68.73,61.27,50.69
2018-01-25,40.06,56.22,37.25,43.99,20.9,45.4,55.99,15.29,67.97,17.4,18.61,46.15,33.61,40.77
2018-01-26,43.5,63.78,51.81,44.09,42.45,52.7,46.98,14.25,86.1,17.71,19.74,43.38,32.93,45.46
2018-01-27,63.22,61.21,40.58,56.12,57.25,52.9,42.99,21.91,104.23,17.25,18.34,63.56,49.57,43.26
2018-01-28,83.69,62.46,53.46,54.01,55.88,48.76,45.14,15.62,80.72,13.69,16.14,64.12,35.46,45.71
2018-01-29,41.52,55.34,56.87,60.56,59.69,50.19,30.84,19.58,77.9,15.74,18.41,78.61,50.39,53.0
2018-01-30,41.0,56.31,52.14,56.85,66.28,51.92,35.32,22.04,52.07,13.38,22.06,40.81,52.8,45.35
2018-01-31,32.24,52.6,49.48,53.7,71.36,40.67,50.43,26.68,61.19,13.15,17.04,50.29,63.42,37.99
2018-02-01,39.06,41.2,37.94,60.7,61.06,36.26,34.56,18.05,57.06,13.89,17.92,30.7,51.89,34.93
2018-02-02,44.14,49.36,45.96,52.12,62.13,36.32,51.5,20.04,46.84,13.11,20.57,42.92,62.62,40.57
2018-02-03,7.97,46.48,32.07,52.29,56.21,50.3,49.6,26.56,44.32,14.2,15.59,77.78,68.96,31.73
2018-02-04,7.94,42.53,40.93,52.23,59.09,54.21,38.82,33.25,33.84,14.0,15.67,86.54,73.09,32.58
2018-02-05,32.93,40.8,34.94,43.11,71.31,56.47,54.63,17.54,33.73,17.08,15.69,73.03,61.4,32.18
2018-02-06,38.11,40.51,20.1,41.11,59.51,36.51,64.34,15.55,32.3,13.82,16.24,65.91,52.53,28.72
2018-02-07,49.84,25.11,16.92,49.34,46.54,39.53,67.38,19.19,21.18,16.12,23.75,54.31,47.85,23.36
2018-02-08,55.79,27.4,20.76,45.91,42.86,34.55,74.06,14.92,28.8,14.43,18.83,69.47,36.32,36.66
2018-02-09,42.09,30.91,14.02,49.11,40.36,35.92,92.29,19.09,18.52,18.68,16.82,60.7,51.88,23.74
2018-02-10,40.97,25.27,29.6,53.31,32.64,29.39,78.34,15.98,15.79,19.32,17.2,94.86,45.62,24.72
2018-02-11,29.52,38.11,22.69,43.54,17.54,34.88,22.82,15.6,31.16,12.41,19.08,102.21,38.89,31.4
2018-02-12,34.08,32.61,28.55,37.47,22.29,38.74,45.44,22.96,60.2,12.54,26.05,65.26,46.7,30.57
2018-02-13,51.44,44.28,27.95,38.83,23.1,44.34,25.15,37.9,99.5,12.28,11.88,63.08,48.7,36.2
2018-02-14,64.67,38.23,40.05,38.43,25.01,46.28,42.16,57.6,81.06,11.79,12.69,65.17,50.03,48.39
2018-02-15,62.74,35.76,40.81,40.95,28.0,46.88,56.85,96.25,58.92,12.86,31.89,45.86,49.33,33.46
2018-02-16,67.84,36.38,38.51,38.4,30.65,41.68,37.98,80.2,47.88,12.65,52.92,46.16,54.5,31.15
2018-02-17,47.95,43.4,42.39,44.13,29.86,39.46,47.54,84.97,30.64,16.54,165.48,38.36,56.25,27.62
2018-02-18,41.76,49.17,47.51,45.75,25.56,47.42,61.85,82.77,44.98,15.95,102.52,60.49,68.39,30.68
2018-02-19,44.06,51.46,33.17,49.74,30.61,53.02,60.19,35.7,34.1,16.97,39.56,89.57,68.23,30.21
2018-02-20,32.35,55.88,35.85,51.27,28.9,50.85,47.8,,29.31,12.89,41.95,69.73,61.85,26.24
2018-02-21,46.91,52.95,28.4,57.47,25.85,47.88,49.68,,32.77,17.76,47.12,38.47,55.37,26.62
2018-02-22,46.15,52.15,26.36,47.69,23.8,46.5,43.38,,37.11,16.89,31.74,39.8,63.23,24.84
2018-02-23,25.63,52.09,23.75,48.62,21.08,48.94,90.06,,36.6,17.32,35.74,39.47,55.44,23.99
2018-02-24,36.205,35.76,23.03,55.26,42.51,45.22,61.37,,20.95,17.81,38.0,40.12,55.15,21.64
2018-02-25,46.78,37.55,20.43,43.87,94.71,33.06,55.83,,35.85,20.55,36.6,63.51,55.315,16.94
2018-02-26,40.63,30.2,24.98,43.19,87.92,40.48,49.19,,49.87,23.29,42.07,53.56,55.48,16.28
2018-02-27,44.79,32.51,45.08,40.51,89.05,40.86,68.24,,37.29,18.36,37.54,51.77,45.0,18.8
2018-02-28,51.14,31.63,32.1,46.16,98.61,41.99,68.57,,36.33,17.94,38.03,81.28,49.22,25.64
2018-03-01,9.36,36.47,50.02,40.69,94.98,37.91,85.98,73.74,38.14,16.46,22.62,81.47,40.94,22.73
2018-03-02,36.24,45.24,40.18,45.55,98.26,43.91,94.7,88.2,31.66,17.53,20.8,56.37,44.56,23.63
2018-03-03,63.12,43.82,50.51,38.38,88.2,53.05,112.75,78.94,28.0,17.96,28.21,56.2,55.98,29.26
2018-03-04,44.82,44.8,33.49,34.95,77.14,50.33,88.63,68.28,26.32,18.93,77.78,58.18,62.81,22.9
2018-03-05,37.0,36.83,24.97,40.45,59.88,48.64,79.78,59.01,24.56,23.99,28.14,68.26,53.78,17.81
2018-03-06,42.05,33.61,26.86,44.99,61.54,56.45,99.76,81.88,43.75,25.36,28.27,61.55,50.74,17.53
2018-03-07,54.42,46.63,33.84,45.24,61.47,53.66,106.2,82.67,31.67,18.99,27.08,45.88,51.6,22.81
2018-03-08,67.24,40.31,33.49,57.76,42.5,45.08,61.54,85.47,50.33,17.81,36.45,60.92,47.42,22.24
2018-03-09,53.57,40.87,39.55,52.43,40.57,45.57,86.63,83.67,52.11,18.23,95.28,66.18,51.29,26.26
2018-03-10,56.94,33.03,33.76,41.74,38.13,50.9,110.22,74.93,45.95,26.84,57.22,91.2,59.25,26.52
2018-03-11,53.2,45.61,45.47,46.28,30.69,57.23,76.86,94.86,42.88,30.89,33.62,74.52,77.58,30.38
2018-03-12,50.69,38.92,17.77,44.49,36.22,44.39,67.31,85.33,31.2,31.15,29.76,62.44,41.66,21.52
2018-03-13,38.63,20.48,18.79,43.79,34.42,42.72,67.27,82.93,27.85,29.18,40.82,45.99,27.62,16.52
2018-03-14,24.38,38.25,14.83,48.03,25.22,49.57,72.81,84.76,29.5,31.63,35.31,24.9,29.59,13.8
2018-03-15,46.07,26.5,13.35,37.77,22.33,48.41,76.81,62.35,11.81,34.72,27.88,34.09,29.45,21.38
2018-03-16,36.86,23.65,14.79,43.04,36.08,43.99,48.2,81.13,20.39,40.85,29.59,60.08,28.14,12.68
2018-03-17,45.02,26.48,19.13,37.89,38.68,47.12,70.38,82.7,57.75,37.46,30.87,74.39,33.22,20.32
2018-03-18,10.65,20.61,26.31,45.83,47.83,37.7,75.87,47.61,51.39,34.26,30.39,84.96,33.06,23.36
2018-03-19,35.215,50.57,24.22,44.89,48.96,48.04,74.08,45.17,37.93,36.17,21.3,81.08,31.39,23.13
2018-03-20,59.78,46.5,21.59,51.95,39.03,47.14,65.87,51.7,22.72,23.55,25.23,50.35,42.72,13.58
2018-03-21,47.29,53.46,21.6,52.82,24.86,45.92,75.1,50.95,10.8,29.63,22.65,48.83,40.37,27.48
2018-03-22,60.16,34.26,28.59,45.99,32.86,32.33,,58.44,17.12,29.02,24.94,71.21,42.66,19.03
2018-03-23,62.24,32.05,32.94,46.6,46.94,36.12,,68.66,17.41,30.86,21.34,69.35,38.36,21.04
2018-03-24,52.74,58.64,37.83,50.02,51.96,39.62,,71.22,25.26,34.24,16.77,53.65,33.2,23.87
2018-03-25,57.77,54.78,25.78,54.47,51.79,43.09,,77.31,29.04,38.35,4.71,62.13,41.53,27.58
2018-03-26,51.56,64.14,21.06,52.72,51.08,44.76,,73.81,23.1,36.59,22.796666666666667,42.88,54.65,23.74
2018-03-27,50.27,73.5,12.2,49.55,49.84,50.92,,57.27,13.97,21.93,40.88333333333333,31.33,46.2,20.89
2018-03-28,55.1,,14.1,57.85,33.71,51.24,4.61,58.31,12.55,,58.97,43.54,24.33,20.99
2018-03-29,63.73,,20.3,57.43,37.69,48.28,51.76,21.45,17.22,,52.84166666666667,76.41,35.77,23.6
2018-03-30,48.08,,31.36,58.75,34.3,45.56,64.24,18.33,21.54,,46.71333333333334,66.68,43.01,23.6
2018-03-31,50.94,,52.63,67.56,37.38,49.61,82.74,14.95,20.53,,40.58500000000001,87.17,41.97,24.19
2018-04-01,52.22,,62.76,68.76,32.79,48.2,93.64,14.64,19.03,,34.45666666666668,100.86,42.71,23.34
2018-04-02,50.17,,46.55,64.33,29.27,44.0,80.7,16.42,54.44,,28.328333333333344,98.23,42.65,23.86
2018-04-03,68.45,,38.27,67.6,29.04,41.0,94.2,15.76,19.39,,22.2,91.4,60.0,19.63
2018-04-04,71.3,,55.15,65.46,38.72,50.85,108.76,15.85,23.36,,25.73333333333333,44.35,56.52,19.64
2018-04-05,42.57,,56.64,64.73,36.67,43.49,86.72,17.55,44.52,,29.266666666666666,70.08,43.56,14.34
2018-04-06,29.65,,46.24,54.04,32.04,46.02,66.44,17.84,14.98,,32.8,97.55,55.6,20.63
2018-04-07,73.07,,42.24,54.42,30.18,49.0,62.07,13.89,13.83,,3.7,93.05,67.81,13.13
2018-04-08,55.47,,46.15,56.29,27.04,44.24,71.69,11.54,65.33,,13.715,104.05,51.95,34.29
2018-04-09,57.33,,53.25,42.76,24.52,47.22,60.99,10.69,23.42,,23.73,98.39,52.8,19.29
2018-04-10,27.52,,23.9,60.94,29.03,37.75,69.45,12.04,29.1,,33.745,80.06,36.52,14.32
2018-04-11,22.98,,26.55,46.34,30.1,31.17,64.3,11.33,18.46,,43.76,70.35,62.71,19.6
2018-04-12,31.03,,20.72,48.2,33.5,38.29,57.35,12.83,17.47,,38.2,59.07,33.77,21.66
2018-04-13,39.14,,16.83,47.74,39.79,38.8,50.36,13.9,17.23,,8.06,43.98,28.84,14.29
2018-04-14,32.95,,23.02,47.69,39.31,40.13,63.43,17.01,12.73,,11.66,65.62,36.91,11.52
2018-04-15,45.89,,24.7,53.47,36.2,27.82,65.65,12.71,14.2,,15.26,60.73,33.24,11.63
2018-04-16,53.235,,23.77,55.85,28.24,36.09,81.41,13.16,20.28,,18.86,37.98,35.33,18.9
2018-04-17,60.58,,24.69,49.19,36.52,41.82,70.62,10.41,13.08,,22.46,40.94,29.03,7.51
2018-04-18,51.62,,24.28,51.01,38.64,45.82,73.88,17.878333333333334,14.73,,26.06,59.38,32.06,28.54
2018-04-19,36.42,,28.49,53.3,39.54,39.18,77.74,25.346666666666668,24.0,,29.66,45.28,34.88,11.95
2018-04-20,34.83,66.22,31.08,48.98,25.02,37.27,77.55,32.815,11.16,,21.34,45.52,34.04,30.26
2018-04-21,34.76,74.47666666666666,34.68,61.05,36.23,31.15,54.29,40.28333333333333,15.06,,2.14,66.89,42.16,23.67
2018-04-22,10.44,82.73333333333332,32.97,60.81,52.0,43.31,63.48,47.751666666666665,12.63,,19.175,70.82,37.8,20.73
2018-04-23,77.4,90.99,31.38,63.78,56.54,49.31,83.86,55.22,10.28,,36.21,71.61,43.28,19.6
2018-04-24,63.51,55.89,27.93,59.45,48.87,51.74,51.29,38.39,20.32,,31.36,49.49,39.92,34.95
2018-04-25,56.47,49.01,27.55,48.81,39.88,53.56,80.45,33.58,18.82,,15.89,42.43,44.63,17.57
2018-04-26,37.97,46.4,29.81,65.07,41.64,52.61,98.62,15.75,12.68,,24.81,46.37,45.22,29.11
2018-04-27,26.21,53.72,22.95,69.49,42.34,52.49,114.49,23.68,15.38,,39.86,42.32,44.64,16.31
2018-04-28,30.16,40.12,15.65,75.5,41.36,46.38,104.36,29.186666666666667,11.69,,39.91,39.32,38.39,12.65
2018-04-29,36.08,45.33,25.58,69.07,43.0,49.28,108.44,34.693333333333335,13.03,,57.72,68.36,40.11,7.55
2018-04-30,16.92,46.3,29.47,60.39,45.07,44.31,105.57,40.2,13.62,,21.46,52.55,42.29,32.05
2018-05-01,25.88,48.92,41.65,65.54,36.99,45.47,79.85,30.91,37.8,,23.72,51.24,41.94,34.26
2018-05-02,27.9,41.52,57.07,64.55,39.69,48.88,72.0,29.73,25.02,,25.86,56.0,43.25,32.62
2018-05-03,9.69,46.69,45.4,50.16,31.22,48.87,79.88,23.55,38.82,,40.97,85.36,51.25,30.3
2018-05-04,14.66,45.87,40.29,59.09,33.33,50.95,80.9,32.58,23.02,,45.32,101.61,55.05,12.46
2018-05-05,19.630000000000003,38.61,24.41,59.48,37.24,51.31,99.31,29.43,15.94,,40.5,111.96,58.65,26.60666666666667
2018-05-06,24.6,44.38,30.79,57.57,44.38,47.6,64.94,18.77,13.08,,29.806666666666665,94.99,38.56,40.75333333333334
2018-05-07,29.57,36.48,45.6,57.48,48.53,51.78,59.66,17.42,14.68,,19.11333333333333,84.84,35.64,54.9
2018-05-08,34.54,32.43,23.39,61.42,38.59,46.9,51.39,25.42,18.42,,8.42,90.6,33.45,53.09
2018-05-09,28.02,52.6,30.84,53.1,48.9,43.87,68.92,24.76,13.05,,,87.99,34.32,35.44
2018-05-10,35.85,41.46,23.49,57.78,52.12,45.59,85.58,28.8,13.27,,,83.94,30.24,51.0
2018-05-11,51.0,24.19,23.89,65.24,69.55,50.78,97.64,27.12,21.44,,,69.54,27.94,36.88
2018-05-12,37.9,39.45,17.65,67.9,42.32,50.32,85.57,36.24,34.93,,,55.5,27.47,56.23
2018-05-13,28.52,46.78,26.54,67.88,39.41,61.46,96.25,30.11,7.76,,,47.12,34.91,50.24
2018-05-14,27.48,37.5,34.08,56.2,39.44,56.79,131.27,31.38,15.68,,,70.44,40.44,43.79
2018-05-15,32.54,44.59,33.99,62.52,32.0,51.51,101.22,31.58,21.87,,,56.62,41.88,41.32
2018-05-16,27.07,29.15,17.05,54.41,35.11,48.44,93.88,23.65,11.08,,,68.29,39.76,40.74
2018-05-17,31.93,41.75,19.95,70.39,40.03,39.03,80.52,28.44,10.33,41.86,,75.99,34.53,54.21
2018-05-18,38.54,35.22,44.79,58.67,39.78,45.12,84.77,33.79,24.42,38.02,16.75,74.15,31.18,122.21
2018-05-19,24.78,42.52,48.23,57.66,52.35,46.38,72.69,19.13,18.33,35.54,19.09,98.27,29.52,64.07
2018-05-20,42.36,47.98,26.21,55.77,54.71,62.1,86.29,22.31,10.75,38.8,21.43,93.77,30.25,40.47
2018-05-21,59.94,36.12,29.4,60.27,57.07,59.66,56.35,24.93,12.4,38.82,23.77,106.57,35.44,51.06
2018-05-22,40.76,41.2,43.92,59.41,59.43,56.37,47.42,27.7,14.19,40.73,26.11,91.18,43.48,29.12
2018-05-23,48.3,30.74,33.92,59.46,39.26,52.86,42.42,47.92,11.97,42.01,,73.61,46.45,79.94
2018-05-24,32.34,34.78,33.21,53.43,19.04,47.17,50.41,33.9,9.98,41.07,,101.63,41.31,44.62
2018-05-25,40.07,27.78,24.94,48.95,36.92,55.12,64.85,19.88,12.88,41.84,,74.21,53.64,24.35
2018-05-26,33.52,22.59,38.06,49.85,74.57,36.5,92.27,22.34,21.74,42.98,,71.11,54.81,29.05
2018-05-27,37.12,19.04,51.17,56.75,49.39,49.07,79.5,19.37,17.36,42.48,,75.28,56.46,62.01
2018-05-28,31.1,30.76,43.95,59.11,124.7,45.6,95.26,41.57,13.69,40.83,,77.68,50.82,64.58
2018-05-29,25.67,27.82,39.32,59.1,135.66,46.07,109.79,36.16,22.99,44.43,19.11,80.15,43.54,82.13
2018-05-30,20.24,23.37,43.58,59.9,106.26,44.57,100.46,37.31,37.66,41.35,21.01,48.49,40.51,105.09
2018-05-31,19.51,21.01,50.16,50.6,76.86,45.54,98.82,27.83,42.74,34.32,22.91,61.73,32.53,100.6
2018-06-01,15.87,24.28,43.0,58.87,74.77,52.89,115.02,40.98,30.22,23.58,24.809999999999995,53.89,26.52,79.11
2018-06-02,18.23,23.96,43.99,60.12,7.48,35.35,93.91,47.83,30.05,20.8,26.71,61.13,28.29,57.54
2018-06-03,14.453333333333331,16.46,47.96,57.87,8.51,44.34,85.9,44.26,14.32,23.36,33.31,52.37,30.1,77.6
2018-06-04,10.676666666666666,15.51,42.95,57.03,9.83,57.7,84.15,43.96,68.27,33.48,14.86,41.93,29.15,100.25
2018-06-05,6.9,16.54,34.07,48.46,13.17,48.4,73.29,40.79,40.88,38.93,11.92,70.1,24.34,126.43
2018-06-06,14.85,12.58,24.65,48.47,13.16,47.76,78.54,32.66,42.3,42.855,19.82,94.49,26.6,44.58
2018-06-07,17.93,13.22,27.19,60.18,11.79,47.94,53.87,37.78,62.99,46.78,77.12,77.34,20.39,65.87
2018-06-08,13.14,11.05,25.31,54.22,9.48,40.15,65.12,47.58,45.15,32.46,55.48,35.54,26.3,63.95
2018-06-09,5.08,15.82,32.32,41.95,10.32,33.8,73.37,32.4,36.89,28.03,,30.99,28.03,72.26
2018-06-10,9.92,12.71,33.45,45.16,11.82,22.52,85.56,25.9,32.48,33.35,,49.77,23.88,60.03
2018-06-11,14.76,10.74,23.99,46.66,19.91,18.82,62.8,35.87,29.61,27.6,,50.65,24.69,46.41
2018-06-12,21.0,13.91,25.17,37.85,22.67,17.16,82.38,22.91,10.92,38.92,,39.2,24.44,46.96
2018-06-13,21.49,12.97,26.51,27.45,18.83,19.6,53.56,21.26,26.85,34.24,,38.38,25.84,36.27
2018-06-14,20.06,16.41,23.98,43.38,16.96,17.53,61.38,24.58,32.99,28.53,,47.67,28.12,47.71
2018-06-15,17.65,18.53,31.37,40.15,14.06,20.79,52.9,25.87,30.34,31.27,41.14,50.32,28.01,62.14
2018-06-16,18.73,13.77,28.32,45.76,12.78,22.0,69.93,22.69,47.03,29.86,,47.06,27.71,61.1
2018-06-17,,8.71,32.73,44.56,14.93,19.71,68.0,32.94,46.02333333333333,30.54,,42.86,20.83,59.68
2018-06-18,,11.02,29.86,46.41,15.71,19.88,59.59,38.3,45.016666666666666,41.74,,53.41,24.01,52.83
2018-06-19,,14.71,25.66,53.39,14.85,23.9,72.6,47.44,44.01,46.14,,62.32,20.66,54.36
2018-06-20,,21.95,15.15,60.2,18.51,27.49,77.72,43.45,33.74,34.83,,61.32,25.56,62.58
2018-06-21,,25.83,25.05,66.75,21.68,27.79,72.96,65.28,27.5,42.11,,65.73,28.31,62.72
2018-06-22,,26.92,27.11,64.38,25.46,25.78,93.57,58.19,26.54,49.88,,60.59,30.81,68.32
2018-06-23,,17.71,31.31,66.18,30.78,23.59,84.79,57.77,24.5,47.67333333333333,,61.66,27.3,63.17
2018-06-24,23.07,15.09,31.74,59.17,29.73,19.13,53.42,40.94,33.16,45.46666666666666,,62.2,29.0,64.6
2018-06-25,19.96,14.73,27.59,39.06,28.16,17.31,80.34,29.65,40.09,43.26,,58.03,25.78,50.27
2018-06-26,16.85,18.29,31.3,33.09,27.6,17.5,79.4,20.82,23.03,28.48,,51.49,24.74,50.39
2018-06-27,13.74,16.43,25.83,44.04,19.32,15.07,51.68,42.95,13.23,29.44,,23.74,22.35,43.4
2018-06-28,10.53,15.6,29.89,33.17,21.49,17.65,54.57,26.08,16.53,24.31,,41.04,26.13,40.44
2018-06-29,2.05,17.84,30.33,31.43,21.56,23.37,54.45,21.58,12.07,17.42,,30.16,29.35,48.0
2018-06-30,0.72,10.67,40.22,31.21,27.47,22.0,70.93,20.93,24.91,26.17,,34.25,35.28,61.59
2018-07-01,0.91,11.29,35.33,28.09,67.47,25.21,47.48,24.7,21.67,39.68,,28.59,33.36,46.14
2018-07-02,1.16,16.14,36.67,33.79,52.09,23.96,38.71,22.89,20.82,36.15,,29.6,32.83,53.13
2018-07-03,1.08,16.04,25.71,39.78,49.14,22.53,48.06,28.91,18.01,21.49,10.86,31.25,30.42,44.36
2018-07-04,0.88,14.42,23.34,45.71,52.85,21.98,59.27,30.06,22.69,20.67,7.3,34.1,28.5,47.28
2018-07-05,1.04,15.83,18.21,41.14,41.84,20.08,65.75,26.33,16.46,31.48,6.12,32.81,28.1,44.77
2018-07-06,2.02,15.59,13.72,40.01,40.88,18.73,66.2,33.35,16.69,37.0,9.44,49.06,31.54,37.35
2018-07-07,2.03,18.73,16.05,53.82,45.35,18.53,64.4,43.61,14.14,40.35,7.79,56.81,29.99,65.23
2018-07-08,2.51,16.35,23.4,65.27,57.16,20.17,59.81,40.61,17.08,38.63,5.7,57.03,29.37,54.03
2018-07-09,1.8,13.71,19.44,54.8,47.74,18.43,63.43,36.0,20.19,38.7,6.36,59.01,29.82,61.43
2018-07-10,1.26,14.05,17.08,43.89,44.21,16.26,44.08,29.89,17.19,25.46,7.53,56.39,27.51,53.27
2018-07-11,0.38,14.5,13.87,34.6,57.39,19.91,59.46,27.5,9.27,30.39,38.91,37.09,30.21,54.84
2018-07-12,2.77,15.79,11.27,45.16,44.56,20.46,64.11,28.76,9.06,25.23,16.8,32.42,28.53,37.76
2018-07-13,3.29,18.07,13.4,26.96,45.58,15.7,70.26,22.25,12.36,17.04,5.38,29.86,26.85,30.33
2018-07-14,3.69,16.19,15.14,29.2,54.31,15.88,64.46,30.65,7.93,37.11,4.84,32.24,27.58,21.63
2018-07-15,4.35,17.01,15.06,28.01,53.59,21.52,73.45,25.44,5.98,30.98,11.75,31.86,28.42,19.52
2018-07-16,7.95,13.25,16.12,23.59,50.48,16.13,61.17,21.33,9.15,29.37,18.73,33.6,31.16,20.89
2018-07-17,3.34,18.52,20.24,31.96,30.64,14.86,66.19,25.31,12.67,34.97,17.16,33.19,34.97,25.38
2018-07-18,3.02,17.83,22.81,32.43,22.34,13.58,63.25,29.14,12.63,40.09,37.17,32.39,35.13,28.24
2018-07-19,3.24,18.19,16.08,31.96,18.59,14.75,75.03,24.94,13.41,41.53,28.38,29.67,33.87,32.3
2018-07-20,4.47,22.36,18.83,24.18,15.08,13.12,79.53,26.85,7.57,27.54,8.55,29.51,34.64,24.28
2018-07-21,2.96,21.97,18.61,32.23,13.76,15.35,66.44,27.51,8.23,30.64,5.77,23.64,34.21,32.73
2018-07-22,2.96,21.53,21.63,24.91,10.97,14.36,64.92,18.23,11.48,34.04,5.78,20.56,34.36,31.82
2018-07-23,,15.16,18.07,26.11,8.76,15.37,60.64,17.47,17.24,39.98,4.74,22.8,32.27,34.5
2018-07-24,,13.77,19.22,34.46,11.42,15.58,49.99,40.1,18.61,38.48,10.31,23.79,30.19,28.85
2018-07-25,,12.29,14.35,21.39,12.88,16.66,51.77,15.22,16.97,31.95,10.18,20.22,30.52,26.08
2018-07-26,,13.43,16.83,18.6,10.88,16.19,47.33,15.08,14.34,27.37,48.94,18.44,27.3,27.44
2018-07-27,,15.22,17.6,19.82,13.84,17.72,45.76,16.21,13.41,31.03,23.63,25.3,30.17,29.93
2018-07-28,,16.19,22.09,24.11,13.61,18.44,38.21,20.04,19.99,27.33,8.24,19.37,30.96,27.33
2018-07-29,,15.94,24.44,26.19,12.36,16.26,54.35,20.81,17.03,26.45,14.72,18.87,30.49,25.7
2018-07-30,,14.61,22.0,28.09,12.74,17.7,60.49,20.75,14.31,32.44,10.89,19.16,28.73,31.12
2018-07-31,,15.43,17.29,27.81,38.62,17.22,59.21,18.83,11.5,36.58,18.93,28.43,27.66,23.43
2018-08-01,,14.61,12.09,29.94,19.64,16.38,62.02,18.01,7.96,39.25,16.69,47.11,24.5,29.91
2018-08-02,,15.23,21.72,29.3,22.6,13.63,54.92,17.7,19.84,42.72,13.74,52.35,29.3,28.73
2018-08-03,3.22,12.05,25.99,28.1,11.97,15.42,62.45,15.7,16.1,30.38,16.13,41.62,26.01,26.4
2018-08-04,2.86,12.14,20.97,29.61,11.71,16.46,56.19,16.8,18.95,38.44,15.09,36.23,27.58,30.57
2018-08-05,2.81,13.44,18.82,25.4,10.78,16.05,48.26,16.13,20.89,33.16,15.32,34.4,29.14,17.6
2018-08-06,4.84,14.22,17.12,27.42,12.7,16.55,59.38,25.39,20.66,34.94,12.0,31.14,27.11,30.9
2018-08-07,9.92,13.14,15.24,32.06,19.71,13.97,59.58,21.61,8.5,34.38,40.13,32.71,30.42,22.14
2018-08-08,6.63,11.18,18.57,31.12,16.2,13.81,66.4,18.05,8.57,33.25,13.16,31.31,30.15,20.11
2018-08-09,20.2,13.65,10.56,34.11,16.25,12.64,68.98,22.17,13.38,35.4,4.94,36.08,29.02,18.28
2018-08-10,22.77,11.75,13.72,31.83,15.47,14.98,60.3,16.42,11.07,34.38,5.66,27.59,30.69,21.17
2018-08-11,16.38,11.75,9.61,27.66,16.01,11.86,42.0,18.74,6.46,29.83,5.05,24.11,31.29,14.62
2018-08-12,10.33,12.48,9.08,23.92,7.65,14.52,40.45,14.74,7.68,28.86,4.59,25.35,30.56,14.52
2018-08-13,10.76,11.69,13.44,27.7,14.01,13.69,40.13,18.7,3.61,29.1,3.7,33.16,28.25,12.29
2018-08-14,7.14,11.02,10.41,32.47,22.36,10.2,33.8,15.67,8.25,38.17,4.52,30.22,30.65,16.01
2018-08-15,11.25,11.1,11.0,34.04,6.79,11.99,32.29,17.99,9.865,33.88,3.97,25.3,20.32,14.12
2018-08-16,22.45,15.54,16.84,31.87,7.37,15.01,28.27,14.45,11.48,36.6,19.68,26.32,32.6,21.01
2018-08-17,15.68,14.21,9.03,30.62,6.19,18.05,31.71,22.69,9.7,33.74,22.58,33.85,27.92,26.34
2018-08-18,18.69,14.37,10.1,30.9,5.23,18.6,36.13,22.53,8.85,39.73,6.54,37.38,31.71,28.28
2018-08-19,14.95,15.56,8.17,32.1,6.53,15.02,54.24,20.61,11.03,32.67,5.66,22.25,30.22,22.3
2018-08-20,23.59,14.54,9.05,39.36,7.92,14.53,44.41,29.08,14.54,34.69,28.25,15.29,28.91,18.45
2018-08-21,13.38,16.38,7.35,31.02,8.9,14.24,38.71,18.51,9.95,32.38,102.19,20.84,28.41,24.93
2018-08-22,14.02,16.23,7.55,25.33,16.37,13.14,37.62,20.18,13.26,29.55,24.47,20.31,33.17,17.77
2018-08-23,16.31,13.6,4.86,18.25,10.55,11.2,40.26,15.07,16.3,25.65,20.61,15.52,32.85,33.9
2018-08-24,13.94,12.61,4.89,19.29,10.44,12.62,36.01,17.66,17.85,31.61,20.77,19.43,35.73,23.34
2018-08-25,8.76,12.01,6.0,20.69,9.56,12.26,38.79,15.02,12.11,30.946666666666665,22.77,18.62,37.06,22.54
2018-08-26,,13.19,8.98,24.77,9.19,11.18,43.9,18.76,17.87,30.28333333333333,16.27,23.44,35.95,22.85
2018-08-27,,10.61,10.38,26.5,23.38,9.29,38.9,24.53,23.630000000000003,29.62,14.34,22.87,35.69,20.67
2018-08-28,,12.42,18.68,21.91,27.96,12.08,43.08,16.38,29.39,36.0,66.52,29.72,37.07,24.54
2018-08-29,,10.52,18.48,21.53,24.95,15.33,46.24,12.21,16.78,15.3,21.17,25.5,36.37,29.44
2018-08-30,,11.59,19.46,27.06,8.75,18.68,29.29,13.96,25.09,20.33,5.94,20.82,35.02,29.76
2018-08-31,,12.01,19.14,23.57,9.44,15.88,42.56,16.1,14.49,29.21,8.14,22.11,30.68,28.1
2018-09-01,,15.32,24.39,19.58,13.12,15.43,51.99,12.89,9.39,33.67,43.97,21.7,34.09,27.98
2018-09-02,,17.84,32.26,23.36,14.32,14.04,60.39,19.13,18.72,13.52,33.33,17.52,35.3,24.36
2018-09-03,,16.89,44.5,26.15,11.39,13.7,47.48,28.59,17.51,20.52,13.6,15.95,35.03,29.05
2018-09-04,17.57,18.24,50.33,26.55,9.69,13.86,56.79,10.58,18.32,23.02,14.02,18.1,38.92,26.93
2018-09-05,22.44,18.23,44.4,20.64,26.17,14.3,63.92,7.535,16.05,32.89,20.61,18.88,37.14,29.25
2018-09-06,22.93,17.79,39.37,26.24,15.44,14.29,59.57,4.49,11.47,22.94,13.74,20.8,36.66,31.81
2018-09-07,26.6,16.77,32.63,28.23,19.61,17.95,64.26,12.98,13.77,19.52,12.45,26.56,31.62,35.61
2018-09-08,,17.16,33.69,23.65,18.05,19.94,58.94,8.25,27.53,22.58,18.8,25.61,37.88,28.77
2018-09-09,,23.36,43.7,26.36,16.49,23.55,62.32,10.42,36.85,17.87,,22.55,40.075,33.2
2018-09-10,,21.64,35.48,29.46,13.89,27.14,61.46,4.05,21.01,19.64,,13.27,42.27,37.63
2018-09-11,,32.98,33.64,23.21,17.87,25.02,57.12,5.34,16.42,21.88,,12.3,40.49,30.15
2018-09-12,,33.73,36.56,22.44,23.28,20.9,57.25,7.86,14.83,21.21,,18.57,44.4,38.55
2018-09-13,,21.83,43.52,23.11,17.88,21.97,66.06,6.67,21.69,19.33,,24.72,38.85,37.87
2018-09-14,,32.17,35.37,24.58,19.32,30.31,62.03,9.5,17.75,20.13,,24.79,42.35,34.81
2018-09-15,,25.3,41.45,25.86,20.7,27.22,78.76,17.939999999999998,28.63,19.82,,27.95,41.8,39.56
2018-09-16,,19.68,37.48,26.12,21.74,22.86,77.92,26.379999999999995,26.42,22.39,,34.71,42.2,39.925
2018-09-17,,11.82,29.89,35.01,19.98,24.49,89.7,34.82,22.78,25.12,,34.58,35.51,40.29
2018-09-18,,13.4,15.27,38.79,24.56,21.89,87.48,28.13,25.53,25.65,,28.52,31.54,41.51
2018-09-19,,16.89,13.27,40.04,20.78,21.57,87.04,30.05,24.79,25.84,,36.04,32.06,42.2
2018-09-20,,18.67,15.8,49.18,23.37,23.53,56.66,43.1,16.1,27.92,,41.56,36.96,25.95
2018-09-21,,19.11,22.41,30.31,15.11,21.72,62.77,22.07,38.07,24.4,,58.88,40.99,41.37
2018-09-22,,21.83,24.6,23.89,14.26,27.07,58.28,15.9,38.9,18.28,,27.01,36.52,47.86
2018-09-23,,26.8,20.67,28.89,20.64,28.19,58.24,22.5,40.03,10.8,,29.18,31.89,27.91
2018-09-24,,29.89,21.88,19.54,19.56,21.51,62.14,5.87,15.0,16.19,25.46,18.05,32.13,20.67
2018-09-25,,22.54,17.92,22.48,14.19,20.19,73.78,24.72,33.31,12.47,,21.18,36.49,30.84
2018-09-26,,23.35,16.79,28.54,21.61,16.94,63.43,20.99,22.36,10.35,,20.58,37.66,27.49
2018-09-27,75.33,20.67,14.0,35.24,23.42,24.45,110.81,22.57,17.16,16.55,,20.41,44.87,25.36
2018-09-28,37.07,14.86,13.21,37.24,27.33,15.53,60.8,17.28,11.52,19.15,,25.73,36.45,21.89
2018-09-29,53.0,12.5,11.13,41.92,27.64,17.26,84.83,32.54,21.05,18.06,,23.3,40.25,20.11
2018-09-30,44.38,16.11,12.69,35.54,30.17,24.96,107.35,36.9,36.61,19.94,,24.86,31.92,25.72
2018-10-01,45.36,18.94,14.15,38.52,38.74,23.41,104.55,34.57,47.84,20.78,,23.78,29.32,21.47
2018-10-02,67.63,15.9,13.46,35.8,36.84,22.58,96.37,36.78,44.3,21.03,,27.09,27.34,14.92
2018-10-03,66.85,16.22,12.78,36.72,35.07,23.91,94.43,36.83,31.385,17.06,38.33,34.67,27.8,43.39
2018-10-04,69.39,8.9,10.81,45.63,17.01,24.63,101.69,40.47,18.47,20.1,22.61,51.58,28.68,30.86
2018-10-05,59.52,11.69,14.23,44.88,20.68,29.57,83.71,54.69,21.5,21.78,21.55,41.69,5.93,27.48
2018-10-06,69.32,10.5,15.03,32.93,29.63,29.21,94.19,37.65,26.83,18.11,24.05,45.55,8.34,46.63
2018-10-07,57.87,16.31,19.43,42.38,29.79,29.27,101.09,46.08,37.8,23.54,17.34,59.91,8.3,28.42
2018-10-08,40.0,18.26,18.66,51.05,30.61,28.65,102.12,52.99,39.34,20.87,51.14,53.06,8.62,52.71
2018-10-09,48.77,22.25,23.62,52.46,37.14,23.73,93.41,54.83,35.3,9.48,18.49,28.8,11.0,37.46
2018-10-10,65.26,23.46,24.71,43.9,33.67,21.94,78.98,50.92,33.84,17.22,16.69,35.97,11.47,57.33
2018-10-11,55.06,21.65,35.36,37.04,33.75,25.52,48.83,33.5,22.92,21.4,10.82,62.94,9.94,76.78
2018-10-12,39.74,22.96,33.56,42.01,19.54,27.9,57.91,39.27,29.07,17.28,9.49,63.73,10.98,44.5
2018-10-13,59.62,28.02,30.89,42.0,28.03,21.39,68.59,43.81,50.27,18.01,15.58,61.39,8.87,36.92
2018-10-14,51.12,34.33,30.56,40.16,43.29,27.41,49.47,44.61,37.85,18.63,19.84,55.39,6.88,25.73
2018-10-15,60.82,23.25,29.96,44.92,41.59,28.29,70.04,47.56,32.89,24.57,41.365,53.49,5.58,21.11
2018-10-16,57.6,19.06,17.9,54.38,32.5,26.04,77.0,46.87,35.62,30.09,62.89,27.12,7.8,21.99
2018-10-17,60.25,18.23,16.26,44.29,41.64,19.11,64.34,39.77,49.86,24.0,35.78,26.39,10.68,26.78
2018-10-18,48.62,21.13,18.73,44.65,37.67,21.12,54.97,32.67,66.53,22.76,26.8,28.91,8.91,30.342
2018-10-19,46.82,19.64,25.74,51.05,28.91,24.15,58.09,47.01,66.45,21.61,30.43,52.77,7.44,33.904
2018-10-20,54.3,27.25,18.13,47.64,31.21,26.5,53.14,41.02,66.17,18.43,29.82,61.5,6.57,37.466
2018-10-21,42.8,29.37,19.48,42.61,30.31,26.96,63.49,37.66,64.33,18.68,27.09,77.81,8.17,41.028
2018-10-22,57.78,29.12,19.31,41.32,31.92,27.86,85.76,34.98,85.98,18.41,27.74,53.21,7.22,44.59
2018-10-23,88.605,24.69,20.21,44.7,30.71,30.64,90.01,32.8,59.59,22.47,25.74,57.11,6.58,34.32
2018-10-24,119.43,24.3,15.61,56.09,31.61,28.14,99.7,40.98,51.64,21.24,31.32,47.41,7.49,47.53
2018-10-25,58.07,25.3,18.69,62.29,21.2,28.84,93.85,40.18,57.29,20.92,29.8,43.91,7.77,45.81
2018-10-26,48.85,30.95,25.47,53.02,25.6,31.72,142.43,22.88,88.11,22.48,31.37,61.83,11.76,41.17
2018-10-27,69.95,37.95,31.79,52.9,26.93,27.8,69.53,40.89,84.77,25.03,22.19,58.93,17.08,39.0
2018-10-28,47.74,38.38,50.28,52.78,23.82,36.66,41.53,39.85,128.93,15.61,25.82,70.93,10.17,37.22
2018-10-29,47.67,35.49,52.32,53.2,20.51,41.62,41.1,34.63,93.99,21.27,23.14,59.07,9.52,37.42
2018-10-30,53.16,28.94,21.44,50.55,24.58,41.46,35.67,38.91,73.12,24.7,19.4,48.61,20.02,31.09
2018-10-31,64.07,26.11,15.54,47.05,24.6,34.51,56.73,35.83,43.39,21.03,25.82,102.73,16.3,32.06
2018-11-01,54.52,23.72,13.71,45.98,28.62,26.9,49.93,39.88,37.97,19.98,17.26,56.74,6.09,37.06
2018-11-02,46.93,16.57,17.25,46.13,30.11,19.95,53.49,46.08,29.71,15.41,30.67,45.11,8.85,20.93
2018-11-03,52.79,20.21,23.51,45.43,32.63,23.14,51.42,56.68,26.99,14.1,11.88,40.8,36.9,23.45
2018-11-04,59.5,27.03,26.27,51.96,48.28,25.91,64.15,55.2,29.15,11.15,13.32,41.88,35.11,21.33
2018-11-05,55.01,21.7,22.85,45.0,47.1,27.53,51.9,32.01,22.95,25.27,24.42,39.54,34.42,19.42
2018-11-06,55.05,20.31,21.38,45.01,54.67,31.15,95.46,44.16,26.63,13.28,18.83,39.45,44.69,21.33
2018-11-07,67.0,27.35,24.89,51.22,51.55,34.91,94.96,45.72,39.23,11.34,68.7,36.81,40.15,35.14
2018-11-08,61.17,23.63,20.71,38.35,39.74,41.0,66.77,31.18,43.18,30.02,86.12,41.57,40.54,36.26
2018-11-09,39.6,25.02,25.98,47.94,46.86,36.77,72.55,34.78,40.88,27.13,76.23,41.49,37.02,26.53
2018-11-10,49.514,29.27,23.79,42.55,40.94,42.35,79.94,33.8,51.26,26.42,26.92,43.69,45.94,27.44
2018-11-11,59.428,34.04,28.45,51.68,40.5,44.0,81.01,38.34,118.98,22.36,27.08,41.03,47.14,30.3
2018-11-12,69.342,25.83,31.5,53.37,38.12,43.16,65.29,33.9,113.48,17.17,30.43,32.75,54.61,33.39
2018-11-13,79.256,28.07,46.49,37.8,36.14,34.36,86.95,27.92,116.88,15.79,43.21,21.63,64.4,35.94
2018-11-14,89.17,25.98,36.28,31.95,33.35,35.17,77.28,19.92,133.4,15.82,15.75,48.12,64.07,32.4
2018-11-15,36.84,17.61,25.99,32.95,32.19,30.37,123.27,21.79,101.83,27.39,18.39,28.87,72.01,43.96
2018-11-16,68.17,19.48,16.2,40.74,42.7,25.38,,29.97,78.71,19.76,16.648,41.94,65.96,18.09
2018-11-17,50.29,35.62,13.6,36.97,47.15,20.36,,27.47,63.84,18.19,14.906,33.16,51.17,17.51
2018-11-18,48.32,26.38,12.32,39.51,41.96,18.99,,22.4,37.11,19.12,13.163999999999998,58.23,41.59,15.47
2018-11-19,52.53,13.5,18.24,51.15,36.48,21.05,,42.72,60.08,24.92,11.421999999999995,61.44,36.38,22.63
2018-11-20,40.06,16.08,19.48,46.03,33.63,29.47,,27.8,60.2,19.59,9.68,31.97,36.24,35.86
2018-11-21,36.0,21.91,14.62,40.22,30.57,36.71,,21.4,,14.99,16.59,52.16,43.78,43.61
2018-11-22,41.82,11.65,15.4,37.22,26.57,34.42,,19.29,,11.73,20.61,73.92,44.21,39.89
2018-11-23,50.1,11.55,28.75,40.01,39.37,32.72,,29.13,,8.3,21.73,52.86,46.36,59.8
2018-11-24,47.34,25.36,37.14,37.48,33.89,36.63,,38.44,,8.07,23.21,49.72,32.03,57.6
2018-11-25,47.72,41.24,37.01,37.17,26.0,46.4,,45.71,,8.86,19.47,32.84,41.98,50.12
2018-11-26,56.39,58.03,46.88,39.8,19.52,44.11,,44.96,,16.83,13.01,42.32,45.51,37.99
2018-11-27,59.28,62.99,43.13,34.02,19.57,41.07,,41.87,,20.57,13.21,77.62,57.6,39.9
2018-11-28,72.2,52.81,34.91,34.61,13.86,43.73,,38.0,,19.47,33.52,76.29,65.61,41.41
2018-11-29,56.17,42.35,35.7,35.79,16.44,34.93,,39.95,,21.4,9.01,48.1,44.08,49.85
2018-11-30,46.56,47.85,26.2,35.79,29.72,40.48,,37.26,88.3,20.76,28.14,30.05,39.11,33.93
2018-12-01,42.37,50.45,25.18,35.45,25.7,35.54,,36.36,84.67,16.61,24.87,27.97,37.8,22.45
2018-12-02,38.19,59.89,22.14,39.35,21.72,34.25,,36.75,101.30666666666669,17.04,15.8,38.64,45.71,29.82
2018-12-03,42.7,43.92,26.18,38.44,27.87,36.37,,42.6,117.94333333333334,23.99,21.87,31.94,51.9,33.95
2018-12-04,42.71,24.11,15.45,38.12,22.96,37.26,,40.43,134.58,23.88,98.28,41.29,40.96,33.03
2018-12-05,41.44,26.63,27.94,32.33,28.35,33.84,,18.37,130.07,19.18,43.95,37.25,37.22,32.5
2018-12-06,43.34,35.15,25.65,40.87,28.7,29.75,,11.67,130.61,15.79,31.47,38.44,30.73,35.15
2018-12-07,43.5,33.42,27.6,32.45,27.51,31.2,,13.02,119.86,20.74,26.86,42.89,39.66,27.99
2018-12-08,54.91,52.77,30.72,37.6,25.08,36.84,,17.24,137.65,16.57,23.12333333333333,45.1,41.63,33.26
2018-12-09,51.18,80.57,32.88,39.85,24.21,36.66,,18.39,155.27,15.49,19.38666666666667,39.29,43.05,31.17
2018-12-10,39.64,76.51,27.31,42.51,20.17,36.29,,23.87,161.93,14.76,15.65,40.62,46.45,28.5
2018-12-11,32.76,69.85,25.82,41.9,21.5,31.26,,33.31,162.33,15.1,9.27,66.08,55.01,29.51
2018-12-12,39.05,66.64,30.5,36.34,17.88,36.7,,27.44,93.69,14.24,10.17,57.6,56.52,33.59
2018-12-13,55.89,59.79,23.49,24.89,19.2,34.73,,23.86,86.41,13.71,7.98,34.36,58.22,29.35
2018-12-14,61.74,50.06,24.09,27.74,20.41,24.87,,26.79,98.99,16.43,15.21,42.84,64.75,31.59
2018-12-15,71.46,48.1,48.79,29.58,22.84,37.42,,27.73,88.9,15.08,19.75,37.65,43.15,39.75
2018-12-16,76.37,73.64,46.55,32.7,23.53,49.21,,28.54,49.89,15.12,15.25,40.2,47.45,26.46
2018-12-17,73.67,51.64,49.14,32.85,24.04,34.28,,25.1,51.06,15.63,9.67,47.35,48.42,18.91
2018-12-18,63.89,38.34,24.64,37.13,23.91,20.98,,30.65,17.13,13.45,7.77,39.36,62.22,17.5
2018-12-19,55.2,57.86,19.24,37.05,32.04,23.73,,30.66,37.63,15.76,8.58,28.43,62.44,19.12
2018-12-20,55.5,64.96,21.85,40.5,28.53,22.1,,31.04,44.56,15.72,13.96,28.96,62.9,22.1
2018-12-21,59.025,56.78,27.3,38.38,32.96,27.57,,32.6,65.79,13.44,16.74,30.54,65.28,23.97
2018-12-22,62.55,41.65,34.56,44.98,28.51,36.75,,27.73,78.72,16.41,6.79,41.4,60.36,27.34
2018-12-23,53.79,46.25,27.99,50.65,26.44,42.72,,34.89,105.91,7.26,22.095,67.92,51.55,32.68
2018-12-24,63.46,41.44,37.41,43.25,33.07,34.26,,28.84,102.54,9.64,37.4,55.13,31.19,29.16
2018-12-25,70.54,54.0,36.12,36.37,38.3,43.56,,28.69,113.42,8.62,58.92999999999999,39.63,46.36,24.79
2018-12-26,63.95,55.22,36.73,39.09,33.34,39.08,,25.04,116.49,10.14,80.46,27.87,44.99,24.73
2018-12-27,47.86,55.3,37.12,40.96,28.24,28.38,,26.76,119.87,9.16,54.7,26.57,60.74,27.83
2018-12-28,44.86,57.62,32.06,37.38,29.98,36.78,,29.99,115.35,4.93,20.19,27.74,61.71,22.5
2018-12-29,51.76,47.62,31.96,39.29,36.71,45.65,15.18,26.66,104.11,4.3,22.13,26.59,56.83,24.03
2018-12-30,63.34,64.73,47.92,42.87,32.4,44.23,60.97,26.9,99.99,6.46,16.12,32.67,70.07,30.68
2018-12-31,60.07,55.18,69.62,41.44,31.43,38.19,70.44,23.11,85.67,5.43,18.74,28.89,75.33,28.79
2019-01-01,57.12,56.91,56.82,39.58,29.14,31.99,53.72,23.92,61.02,9.65,16.6,36.04,78.49,24.84
2019-01-02,48.23,51.25,36.38,43.3,23.3,33.44,46.44,26.45,91.78,6.05,17.35,32.9,72.82,30.25
2019-01-03,43.25,46.4,42.23,39.77,24.84,32.47,56.93,22.61,93.29,5.79,24.93,30.52,79.3,20.87
2019-01-04,51.71,41.42,47.31,28.75,26.35,34.39,57.04,15.31,106.51,5.19,31.63,37.85,78.4,26.24
2019-01-05,59.25,50.61,48.85,36.33,21.6,40.43,32.31,20.82,146.19,5.0,58.45,61.45,68.5,28.51
2019-01-06,59.42,64.29,30.74,31.48,27.44,46.03,41.91,30.05,99.07,5.47,31.31,52.22,67.82,26.07
2019-01-07,74.83,55.51,31.93,27.11,21.14,40.13,26.97,20.97,60.8,5.24,8.46,45.11,64.79,24.55
2019-01-08,73.64,47.42,31.65,27.37,25.19,27.73,42.37,30.93,72.8,8.92,14.64,35.76,69.65,21.18
2019-01-09,72.75,54.54,46.05,30.9,30.25,28.57,69.1,38.85,105.07,9.01,117.3,38.67,76.67,27.23
2019-01-10,60.48,56.23,39.2,30.92,35.39,34.38,72.31,33.12,121.45,8.68,31.68,37.97,77.91,20.07
2019-01-11,59.68,57.02,48.29,35.61,17.19,39.24,63.65,33.27,113.11,4.87,12.57,53.55,83.38,24.73
2019-01-12,73.43,61.7,44.27,39.78,21.35,40.02,56.28,37.12,90.12,8.24,12.37,59.19,74.35,24.22
2019-01-13,59.07,65.16,41.06,37.53,21.44,40.0,58.98,39.99,96.41,5.6,18.36,62.46,76.74,25.51
2019-01-14,80.26,50.93,54.55,31.33,21.1,37.84,85.39,43.53,83.48,7.37,53.85,49.14,66.58,26.84
2019-01-15,89.73,55.78,52.62,29.85,23.64,35.6,76.55,41.79,64.29,5.09,117.83,34.28,69.94,21.83
2019-01-16,84.85,69.72,40.96,33.75,25.62,35.82,33.83,33.66,153.41,4.91,55.36,40.67,84.14,24.73
2019-01-17,53.72,53.81,50.43,39.76,21.83,30.21,25.2,43.84,128.67,8.02,40.67,46.79,81.37,24.69
2019-01-18,52.85,54.41,56.44,30.35,28.03,30.69,29.4,31.96,109.19,8.96,32.22,42.24,74.07,21.59
2019-01-19,36.97,46.91,45.77,34.75,30.68,31.88,35.35,36.36,99.66,6.11,90.95,34.68,88.77,23.64
2019-01-20,35.32,63.97,35.54,45.03,31.84,29.49,41.42,35.48,80.84,5.23,43.08,42.14,81.16,22.52
2019-01-21,27.07,67.06,39.49,32.77,30.66,33.19,38.13,36.04,42.56,6.58,51.84,45.35,51.39,25.31
2019-01-22,23.56,72.89,40.99,27.01,40.16,32.82,42.25,32.21,17.55,9.17,31.6,28.28,68.24,24.82
2019-01-23,32.62,67.41,39.45,26.51,24.96,33.93,39.51,26.46,30.27,5.93,32.31,32.06,81.49,28.15
2019-01-24,39.51,61.46,36.67,30.57,19.5,29.43,22.17,28.39,27.6,9.45,42.44,38.57,77.46,20.37
2019-01-25,43.54,56.81,27.67,30.01,11.27,26.51,17.91,33.32,7.36,5.35,30.29,35.6,71.51,17.24
2019-01-26,20.0,52.2,25.33,35.41,15.62,23.49,15.48,42.61,25.44,4.54,16.73,42.7,64.39,19.39
2019-01-27,36.56,55.36,22.97,33.34,24.53,13.14,30.5,43.9,69.36,4.84,32.81,38.33,74.93,19.68
2019-01-28,53.12,53.78,33.89,33.6,27.44,18.86,42.17,53.27,51.84,8.94,39.49,29.3,71.42,20.15
2019-01-29,39.08,47.64,37.91,33.83,30.81,29.15,72.53,45.07,62.36,5.5,46.17,35.66,64.37,25.38
2019-01-30,40.04,59.22,45.84,35.84,24.29,33.69,78.81,31.88,77.3,4.99,28.75,39.17,69.67,36.53
2019-01-31,44.33,67.58,41.59,37.52,15.54,29.69,41.73,35.82,89.74,6.87,29.38,52.58,91.71,47.94
2019-02-01,36.28,63.66,45.34,33.12,18.87,34.07,41.65,41.25,83.16,7.77,10.94,35.74,86.53,47.46
2019-02-02,45.06,61.35,37.96,30.88,22.52,29.72,44.55,29.17,52.71,4.31,14.27,37.83,71.97,40.2
2019-02-03,53.55,64.91,36.74,29.44,19.59,34.63,67.5,28.49,60.92,8.42,14.29,44.31,67.59,48.7
2019-02-04,52.37,49.04,43.27,33.42,19.64,38.6,74.99,29.86,77.64,9.61,16.01,53.22,58.98,62.74
2019-02-05,42.29,65.7,55.63,46.33,19.34,38.11,58.45,40.67,49.65,12.19,17.84,54.55,58.86,43.18
2019-02-06,47.5,78.02,52.24,34.4,8.89,34.76,70.9,33.39,40.99,7.35,15.47,44.72,58.54,37.16
2019-02-07,55.84,73.99,41.97,30.25,14.14,40.27,55.76,19.74,53.62,8.81,14.8,33.03,64.32,32.23
2019-02-08,43.09,65.0,33.31,30.59,15.71,29.95,24.71,19.62,28.17,18.45,16.21,42.95,69.29,38.97
2019-02-09,41.7,55.17,18.49,33.55,26.11,35.28,38.41,19.92,21.97,8.52,26.43,36.72,62.04,34.16
2019-02-10,44.7,41.91,18.45,33.03,28.68,34.46,73.56,25.86,42.82,9.73,16.17,42.35,42.33,32.14
2019-02-11,51.3,37.69,31.72,37.03,29.79,32.49,47.5,23.12,65.86,16.8,12.16,48.86,46.91,39.91
2019-02-12,53.67,49.43,57.84,43.29,25.59,30.71,49.37,28.27,69.7,12.12,14.91,59.92,51.21,39.63
2019-02-13,52.04,52.51,79.41,43.36,22.79,29.39,54.96,25.3,91.09,13.82,15.23,64.44,71.82,41.96
2019-02-14,57.79,57.75,56.47,32.61,19.44,35.52,44.39,30.56,50.52,9.04,16.05,44.74,61.49,37.99
2019-02-15,46.37,59.52,32.8,28.15,22.07,28.5,22.13,26.01,59.81,10.45,14.95,43.88,71.49,40.95
2019-02-16,53.96,56.07,26.4,26.45,24.59,28.7,33.41,29.68,37.87,20.75,17.35,45.13,69.86,32.91
2019-02-17,51.56,62.98,18.38,34.81,24.89,26.53,34.57,38.84,28.92,27.31,22.64,36.24,53.57,27.85
2019-02-18,43.05,48.6,17.49,33.69,25.9,34.67,64.25,35.01,17.83,26.48,22.17,33.95,60.2,24.83
2019-02-19,39.32,50.9,17.42,36.66,25.7,31.04,65.38,29.59,15.31,24.43,102.64,38.75,51.1,19.85
2019-02-20,32.1,40.97,20.24,23.68,23.11,22.5,55.67,19.49,13.42,20.42,21.46,40.58,54.39,24.21
2019-02-21,29.13,41.82,21.84,34.41,20.83,27.44,52.14,31.01,17.11,14.83,35.34,43.64,64.79,27.25
2019-02-22,15.47,42.98,32.82,28.45,27.55,29.65,53.33,34.53,28.71,16.15,20.79,36.61,58.99,30.4
2019-02-23,59.67,43.98,42.25,37.26,35.48,32.58,75.03,50.53,17.21,19.68,71.76,49.95,71.74,31.72
2019-02-24,39.14,53.2,33.15,38.02,33.63,33.16,117.86,46.54,20.74,18.78,23.48,50.94,74.11,35.13
2019-02-25,43.21,55.66,29.26,42.49,29.92,35.68,76.7,38.18,12.13,17.68,15.03,47.6,69.58,30.89
2019-02-26,33.88,64.35,18.88,32.19,34.13,28.01,54.18,36.35,1.55,27.49,14.35,51.61,66.22,19.85
2019-02-27,38.45,58.28,17.23,31.38,30.93,25.47,69.4,35.91,7.219999999999999,23.62,6.38,38.53,60.65,23.58
2019-02-28,48.39,56.36,16.65,35.95,32.48,29.24,65.32,33.43,12.889999999999995,25.86,59.31,49.36,59.96,25.36
2019-03-01,47.63,53.3,15.1,37.75,31.31,26.37,83.46,31.94,18.56,21.55,120.56,57.51,67.86,33.63
2019-03-02,69.79,49.67,18.42,25.07,29.87,23.5,67.93,17.01,24.44,19.45,57.49,59.2,60.34,27.48
2019-03-03,21.17,55.58,19.22,33.59,24.5,25.1,66.71,25.43,25.91,20.07,40.81,56.37,63.59,23.63
2019-03-04,51.34,63.42,19.86,38.13,22.58,33.65,54.8,28.39,15.8,17.42,13.92,46.49,62.83,19.77
2019-03-05,59.73,56.77,22.26,36.3,27.63,26.83,53.49,31.28,12.4,33.85,15.55,40.62,57.22,33.17
2019-03-06,49.33,48.36,21.23,33.71,34.01,32.22,65.66,29.85,13.43,31.78,17.52,36.86,49.41,44.06
2019-03-07,52.99,39.54,23.03,39.32,35.45,36.21,101.24,33.94,20.43,30.3,23.27,54.93,58.6,44.93
2019-03-08,41.35,49.42,21.08,37.86,28.26,32.16,71.6,30.34,27.64,21.07,19.25,57.35,48.91,31.2
2019-03-09,57.32,56.41,26.0,33.51,24.54,26.07,82.4,35.3,13.08,33.0,16.54,58.57,59.11,29.66
2019-03-10,61.08,47.45,18.63,44.11,28.93,26.28,73.37,44.13,9.47,32.44,16.01,64.01,61.11,22.33
2019-03-11,47.77,55.52,17.53,42.09,33.53,26.75,75.13,42.08,9.42,27.01,19.92,53.06,56.11,22.67
2019-03-12,48.13,67.73,26.92,37.15,37.18,29.0,61.59,31.76,14.33,32.35,16.32,56.13,64.88,27.15
2019-03-13,50.53,59.27,25.37,33.94,37.47,35.6,79.7,25.59,15.38,36.71,18.35,52.01,94.17,31.25
2019-03-14,56.16,65.46,31.6,28.81,33.1,32.13,95.14,22.05,16.02,27.47,23.27,54.15,67.26,27.19
2019-03-15,58.49,54.19,34.93,33.4,39.39,32.17,61.32,31.69,22.29,32.28,13.1,47.6,97.28,29.47
2019-03-16,59.98,47.32,29.95,43.66,38.74,33.27,91.85,44.82,18.53,36.99,24.67,50.46,66.07,22.03
2019-03-17,64.12,66.57,34.31,42.0,43.96,25.92,112.34,40.64,15.39,36.2,36.99,52.21,69.55,28.04
2019-03-18,56.66,67.48,24.25,43.21,44.76,30.19,91.67,41.42,34.91,33.02,16.92,56.84,58.82,21.12
2019-03-19,45.03,59.72,18.89,40.14,44.18,26.68,93.17,37.4,21.36,24.12,21.68,57.42,48.67,29.78
2019-03-20,29.9,57.62,28.14,40.41,40.83,27.83,48.6,34.34,20.53,26.54,29.03,46.24,45.72,32.42
2019-03-21,41.42,61.82,28.28,46.64,44.33,31.53,51.01,38.21,22.21,22.98,112.63,68.35,58.3,36.81
2019-03-22,48.02,59.05,27.87,46.73,47.14,30.83,115.5,33.52,10.36,28.92,25.05,66.58,67.81,29.46
2019-03-23,50.85,58.37,22.44,52.24,52.6,31.37,139.53,36.25,13.51,19.14,22.27,60.73,65.11,29.24
2019-03-24,43.76,64.14,10.75,42.57,37.14,34.52,112.19,31.38,10.46,15.38,20.33,58.17,63.12,29.02
2019-03-25,38.94,49.93,23.65,36.06,30.84,34.56,83.38,25.93,15.33,20.49,25.47,47.95,55.99,21.8
2019-03-26,47.12,57.9,36.49,41.35,29.4,31.57,49.19,32.12,8.37,23.32,12.17,58.09,56.69,21.95
2019-03-27,63.51,55.64,37.94,43.23,36.16,34.62,71.28,33.04,12.09,20.32,21.49,55.4,61.46,32.91
2019-03-28,41.77,51.02,40.81,48.44,34.49,36.1,72.07,28.29,14.54,23.48,19.76,52.94,47.74,28.07
2019-03-29,24.82,62.38,41.51,46.51,33.22,37.07,66.48,29.86,15.0,22.04,24.6,38.66,53.96,30.44
2019-03-30,17.76,54.03,37.59,51.49,43.71,41.34,95.38,28.7,8.66,24.02,19.433333333333334,61.09,50.38,42.66
2019-03-31,28.63,52.26,21.53,48.72,35.92,38.94,72.64,31.86,8.84,19.17,14.266666666666666,64.76,51.96,34.64
2019-04-01,30.19,49.03,19.13,54.95,39.72,36.69,72.42,36.66,17.23,18.12,9.1,57.44,47.12,38.42
2019-04-02,25.6,46.15,21.34,54.67,38.18,40.44,67.74,36.84,10.37,24.38,17.84,65.75,46.11,31.67
2019-04-03,26.93,54.26,14.11,51.06,44.11,36.41,70.93,27.0,9.43,27.24,18.2,75.99,49.93,25.97
2019-04-04,21.82,50.92,12.54,60.25,40.34,34.99,97.16,33.02,4.48,29.25,11.37,69.83,49.66,20.32
2019-04-05,17.98,53.59,11.4,57.0,42.04,53.76,64.55,37.04,4.17,25.79,4.35,54.78,42.11,28.03
2019-04-06,20.2,64.46,12.49,50.84,33.79,43.5,49.47,47.1,9.24,26.43,7.6,47.12,42.45,40.3
2019-04-07,15.01,68.41,13.51,53.16,32.68,41.68,92.9,34.7,17.83,13.72,15.51,58.64,51.91,38.75
2019-04-08,18.04,59.17,12.61,51.32,40.69,34.53,73.77,33.4,5.25,15.59,14.91,62.1,47.6,22.15
2019-04-09,26.46,66.47,13.35,57.86,53.66,29.18,64.17,37.7,5.09,25.69,14.99,67.87,49.38,26.79
2019-04-10,13.73,45.42,12.89,50.86,53.46,31.83,87.3,33.75,9.26,28.67,9.0,66.0,54.35,39.57
2019-04-11,15.7,40.76,13.58,48.59,48.94,32.91,83.29,27.93,8.735,31.66,11.34,69.9,58.07,33.05
2019-04-12,17.56,51.55,13.42,51.94,34.46,42.54,73.94,34.02,8.21,24.17,16.64,72.74,46.32,30.87
2019-04-13,27.51,52.04,20.27,45.3,37.47,46.0,64.35,28.19,30.51,20.66,26.77,81.83,49.61,46.66
2019-04-14,46.45,56.7,13.17,41.86,41.94,37.66,96.07,28.71,7.99,17.91,34.63,68.09,48.69,28.78
2019-04-15,36.29,54.29,15.81,42.3,38.41,39.51,81.18,26.62,7.94,22.24,58.23,70.5,45.55,19.94
2019-04-16,48.98,51.67,14.36,47.49,27.93,47.0,56.73,28.01,9.43,26.08,51.32,50.55,37.88,20.53
2019-04-17,75.85,38.4,15.7,45.44,29.37,40.01,74.02,21.26,10.95,19.07,132.95,44.18,39.21,25.28
2019-04-18,74.03,47.27,14.86,50.12,39.08,42.42,84.49,33.67,7.71,23.27,58.32,64.48,44.07,26.51
2019-04-19,74.2,47.03,13.7,45.45,43.57,42.07,119.27,32.57,8.0,27.6,60.32,64.75,44.89,26.46
2019-04-20,77.88,55.89,16.87,55.67,47.16,37.92,111.35,38.01,8.68,26.86,64.38,72.28,47.52,24.65
2019-04-21,63.95,56.53,17.5,50.13,46.26,39.44,81.17,43.16,7.01,28.61,31.23,65.95,47.61,28.75
2019-04-22,63.21,45.27,11.95,56.24,46.37,42.82,99.2,40.31,23.29,27.8,24.09,45.5,52.09,39.42
2019-04-23,59.98,57.49,9.1,53.24,42.78,45.19,95.66,33.78,17.99,35.21,14.63,40.73,60.65,23.73
2019-04-24,40.16,53.21,9.33,61.45,46.65,46.82,98.1,54.63,8.57,28.05,18.78,41.16,55.08,27.14
2019-04-25,50.07,54.27,11.18,65.26,47.59,49.41,108.7,53.23,8.22,25.33,20.54,46.46,53.82,25.81
2019-04-26,59.98,57.17,12.59,47.45,37.25,61.91,103.18,41.76,11.15,30.27,43.9,66.47,55.52,34.54
2019-04-27,69.89,61.68,13.31,52.16,39.02,54.12,78.79,38.66,9.02,28.28,108.49,63.36,44.53,34.16
2019-04-28,51.25,53.79,14.98,54.0,38.15,46.78,92.73,43.09,8.65,25.11,62.28,72.33,39.2,23.72
2019-04-29,57.93,50.57,15.45,50.32,37.53,48.48,66.4,36.38,7.06,23.26,53.74,71.68,47.45,23.43
2019-04-30,78.36,60.14,18.63,57.54,44.06,45.87,63.71,40.79,10.51,25.34,46.06,40.87,55.71,35.2
2019-05-01,49.54,55.94,18.49,65.95,33.47,40.78,74.07,59.08,10.63,31.28,42.78,41.03,51.43,38.05
2019-05-02,64.47,46.73,19.34,65.33,34.24,41.64,74.05,47.63,5.82,33.26,33.32,75.58,38.65,56.99
2019-05-03,41.5,48.84,25.11,64.36,30.11,47.23,34.61,53.69,25.37,37.59,30.95,70.59,41.05,58.87
2019-05-04,2.97,51.98,26.4,46.34,31.6,42.01,63.17,45.01,36.58,30.69,10.79,55.31,46.24,67.99
2019-05-05,3.02,61.04,26.22,52.97,51.09,36.18,89.58,47.74,32.99,33.14,18.9,42.79,47.52,69.15
2019-05-06,3.11,66.44,17.59,55.91,60.4,33.27,86.5,43.13,26.11,27.67,34.54,47.06,42.12,68.43
2019-05-07,2.16,47.19,14.78,40.32,50.92,33.49,72.09,31.28,15.57,29.9,105.78,34.89,34.79,51.98
2019-05-08,3.12,34.37,21.36,47.34,45.54,39.92,71.68,29.99,23.67,29.01,70.79,32.21,33.48,73.55
2019-05-09,3.13,37.92,26.79,50.71,47.37,35.35,69.09,33.11,33.61,27.53,66.48,42.76,39.01,74.3
2019-05-10,12.168,49.37,13.48,52.66,39.75,35.22,67.37,40.67,36.53,33.36,42.63,48.3,48.23,54.72
2019-05-11,21.206,48.35,30.18,62.02,31.5,47.78,70.82,50.92,25.23,19.58,33.06,45.79,40.41,49.82
2019-05-12,30.244,41.87,18.9,57.85,47.31,52.22,73.6,51.64,24.45,20.99,52.39,65.43,45.35,37.05
2019-05-13,39.282,50.16,19.47,67.84,37.99,52.29,73.23,60.75,17.65,19.67,86.41,58.85,32.67,45.48
2019-05-14,48.32,50.77,35.41,54.85,43.47,55.14,94.24,54.44,19.63,25.14,32.56,54.82,33.63,43.31
2019-05-15,48.23,38.96,34.3,41.85,45.17,45.58,119.7,41.87,23.34,19.53,28.49,40.59,36.62,42.21
2019-05-16,51.86,44.94,32.88,46.97,42.82,38.79,101.14,43.82,15.88,18.37,10.31,58.11,40.85,43.36
2019-05-17,38.99,36.64,39.97,46.42,37.23,42.46,79.0,36.83,16.0,12.17,17.74,50.67,32.72,42.13
2019-05-18,42.22,43.17,35.56,45.46,27.47,37.63,100.67,38.05,14.09,19.92,28.24,57.26,47.85,44.47
2019-05-19,36.95,45.7,32.61,59.34,39.72,40.31,114.95,49.78,11.39,26.86,28.8,56.63,39.76,45.97
2019-05-20,46.68,40.95,28.16,53.31,44.33,52.92,85.22,43.56,14.09,26.11,55.5,51.82,29.81,34.54
2019-05-21,46.65,51.87,28.86,55.06,44.1,53.16,88.87,44.3,11.98,25.32,149.33,47.92,36.36,19.84
2019-05-22,54.34,62.73,27.46,38.34,38.63,56.64,67.5,31.52,11.28,26.95,65.88,41.22,38.44,41.48
2019-05-23,49.7,34.01,34.69,55.29,35.97,53.87,105.01,43.19,10.02,19.33,37.38,45.0,28.39,30.35
2019-05-24,56.31,51.84,38.11,31.11,31.33,50.74,50.18,38.42,13.22,20.92,43.04,59.75,31.63,37.15
2019-05-25,49.62,54.83,45.64,51.47,35.36,41.11,43.51,49.63,17.42,25.08,22.52,70.81,39.82,48.85
2019-05-26,50.32,65.11,51.3,59.94,40.74,36.25,72.42,51.54,26.98,25.44,18.555,58.8,37.65,54.63
2019-05-27,52.19,60.35,47.23,53.59,38.31,38.17,80.79,43.77,32.66,25.75,14.59,42.07,32.51,51.56
2019-05-28,49.86,51.83,42.45,54.43,40.29,42.15,72.67,52.3,29.81,26.91,31.97,60.98,28.04,42.23
2019-05-29,52.44,82.31,38.78,57.99,43.66,47.71,67.09,63.14,19.85,26.36,35.12,36.62,39.68,42.04
2019-05-30,52.86,64.17,51.03,49.58,40.37,55.34,110.97,54.46,23.55,30.14,35.22,36.83,38.47,45.17
2019-05-31,44.53,69.14,60.96,58.49,50.75,48.05,125.18,61.49,24.16,31.89,44.54,44.47,32.62,48.97
2019-06-01,40.22,52.56,67.66,64.56,49.58,45.42,75.68,90.99,30.85,31.93,34.58,35.58,30.08,39.43
2019-06-02,41.5,45.14,74.0,60.84,51.18,42.0,91.97,121.6,26.69,22.67,10.08,47.94,21.26,54.72
2019-06-03,47.63,51.34,79.9,60.03,51.5,39.38,58.13,127.57,19.75,24.17,11.61,43.61,37.03,43.53
2019-06-04,71.62,40.04,65.54,65.82,50.36,49.99,76.52,123.48,16.86,31.2,,49.18,35.1,42.88
2019-06-05,82.73,45.01,70.18,59.78,52.26,46.52,62.49,98.07,25.76,27.17,,42.51,36.69,54.64
2019-06-06,75.71,46.31,38.04,61.04,50.88,52.02,82.54,91.53,22.76,40.67,,58.08,28.36,41.27
2019-06-07,70.29,50.51,47.78,74.12,46.9,59.34,73.88,112.5,18.08,38.58,,86.51,29.83,56.71
2019-06-08,73.95,54.31,70.67,63.64,52.49,50.4,90.52,98.28,18.21,28.88,,100.38,33.93,55.48
2019-06-09,81.55,50.05,57.18,69.14,56.29,54.96,103.98,75.74,31.21,25.17,,78.46,27.8,75.1
2019-06-10,80.39,45.0,42.43,55.95,50.92,54.44,96.62,73.24,40.04,31.75,,55.12,33.91,62.52
2019-06-11,90.29,36.82,57.29,39.96,49.19,38.66,113.46,38.56,24.99,24.11,,52.39,,44.59
2019-06-12,85.2,30.56,53.52,62.12,40.71,34.8,81.42,104.93,21.92,30.66,,43.95,,41.43
2019-06-13,88.79,25.3,47.65,52.93,39.25,25.66,88.95,59.11,35.08,30.7,,56.56,,38.1
2019-06-14,77.88,24.42,48.14,59.31,34.76,25.63,90.2,57.99,21.48,32.36,,51.37,,32.84
2019-06-15,53.57,24.61,39.39,57.41,50.72,25.28,87.72,51.57,24.49,19.86,,51.18,,38.49
2019-06-16,30.45,25.18,40.82,46.81,34.18,25.32,103.83,59.95,19.68,26.84,,27.18,,47.37
2019-06-17,21.04,30.6,25.3,40.56,26.62,22.92,102.74,59.92,17.89,22.76,,36.65,,30.27
2019-06-18,24.37,30.67,43.82,48.99,43.19,25.52,105.03,106.55,25.52,23.74,,40.48,16.36,30.54
2019-06-19,7.21,29.26,43.0,61.02,42.75,26.23,80.71,110.44,13.25,24.29,,59.49,14.52,38.25
2019-06-20,41.97,32.97,35.7,68.57,47.38,27.66,87.4,86.95,17.01,19.06,,55.22,21.71,34.87
2019-06-21,74.84,38.03,37.37,59.68,49.3,29.42,79.18,71.53,21.5,23.74,,51.14,17.01,32.98
2019-06-22,113.94,38.81,31.92,69.18,35.87,33.89,40.62,99.79,11.88,25.78,,55.88,14.46,36.19
2019-06-23,108.07,37.89,42.43,57.33,31.48,25.89,49.23,73.16,25.95,18.98,,84.46,15.43,40.53
2019-06-24,101.47,32.56,47.02,37.78,43.74,31.78,63.56,42.18,24.19,9.78,,64.54,14.23,42.92
2019-06-25,90.33,30.97,43.43,54.02,34.39,28.48,72.63,58.79,11.66,15.03,,59.27,14.2,38.26
2019-06-26,52.14,25.3,29.75,46.26,31.31,25.99,65.37,45.38,16.2,22.65,,55.24,13.52,24.68
2019-06-27,52.95,28.6,15.31,46.84,42.03,26.41,68.62,52.55,19.68,32.73,,54.68,14.73,27.85
2019-06-28,31.31,33.5,23.12,38.39,64.68,24.92,66.63,47.31,17.03,25.16,,44.59,14.21,32.37
2019-06-29,21.31,37.55,18.98,37.99,33.39,21.45,61.99,41.72,9.36,23.02,,50.27,14.87,32.91
2019-06-30,43.43,33.55,19.25,44.4,42.98,24.0,44.53,46.52,11.36,31.58,,46.82,14.65,40.21
2019-07-01,69.91,35.0,38.58,58.0,39.57,21.07,45.34,49.54,4.82,25.22,,52.79,15.03,29.58
2019-07-02,58.82,39.44,31.2,64.82,25.61,17.96,33.92,79.6,6.8,28.92,,51.98,15.31,23.41
2019-07-03,49.16,33.59,13.47,42.31,21.47,19.24,37.78,36.88,10.3,17.15,,62.56,17.14,27.29
2019-07-04,21.77,27.13,11.91,28.2,24.11,18.73,41.17,22.0,11.12,15.28,,41.34,21.12,26.69
2019-07-05,23.22,25.86,6.92,22.68,26.49,17.83,47.56,18.77,6.21,14.08,,28.3,14.24,22.99
2019-07-06,21.04,29.0,14.93,33.71,40.07,19.48,48.25,30.58,5.42,15.75,,19.56,16.23,26.64
2019-07-07,50.85,32.8,23.7,38.66,14.2,20.16,50.11,33.54,6.92,17.59,,26.79,17.67,30.24
2019-07-08,27.37,29.35,23.93,35.11,31.5,16.37,50.54,29.77,7.95,25.15,,26.85,17.75,25.83
2019-07-09,27.49,25.43,25.99,25.75,11.11,16.83,54.37,19.4,7.76,36.79,,25.67,22.66,27.47
2019-07-10,33.43,30.18,27.07,28.65,14.5,16.24,55.5,23.4,9.17,23.79,,30.17,23.55,32.1
2019-07-11,30.35,31.66,24.91,29.84,15.33,16.63,52.73,27.49,9.32,23.29,,29.47,33.61,26.88
2019-07-12,34.38,32.12,29.0,28.38,20.69,16.69,35.66,23.85,11.47,21.32,22.38,30.56,23.15,25.94
2019-07-13,33.11,32.55,26.49,30.81,22.49,17.36,37.84,27.07,10.65,28.65,6.09,33.44,22.26,36.77
2019-07-14,49.25,31.64,30.21,32.77,17.6,16.68,26.32,32.3,4.38,26.3,8.69,32.96,24.72,31.62
2019-07-15,38.2,32.19,36.35,27.23,31.84,18.62,26.21,36.03,19.04,22.48,12.35,27.63,26.31,32.13
2019-07-16,32.57,25.04,27.46,30.05,24.56,18.08,33.6,54.19,13.19,16.87,13.48,28.01,28.26,27.69
2019-07-17,37.07,25.39,16.08,31.48,24.45,22.08,40.94,26.52,14.7,19.29,44.62,27.16,25.37,31.87
2019-07-18,45.92,23.45,29.49,30.75,28.11,25.61,55.89,22.27,25.08,18.33,45.29,25.25,26.2,35.8
2019-07-19,58.38,22.89,26.57,49.9,23.27,30.58,54.92,26.61,12.78,20.27,15.35,32.9,24.33,33.08
2019-07-20,52.03,25.53,39.38,29.1,36.02,30.44,35.35,26.71,20.48,18.76,4.59,36.67,28.29,37.65
2019-07-21,76.38,25.98,32.68,32.04,28.19,25.58,42.55,33.8,24.05,22.13,5.41,47.16,29.51,34.63
2019-07-22,113.3,27.44,25.69,34.79,36.33,21.49,46.39,47.05,18.31,16.24,7.2,47.36,29.77,29.49
2019-07-23,70.3,24.3,25.26,40.16,31.33,22.08,48.39,62.77,9.97,22.14,4.47,51.68,34.61,22.09
2019-07-24,57.81,25.88,32.18,33.1,33.65,21.22,49.1,62.49,12.02,27.31,106.24,37.06,31.47,24.9
2019-07-25,29.11,23.94,28.09,22.78,33.36,18.8,55.26,24.59,16.25,21.49,83.77,35.23,25.1,27.89
2019-07-26,42.64,21.84,22.33,27.72,37.51,15.66,53.29,10.08,7.5,14.03,77.08,19.22,24.0,20.01
2019-07-27,52.09,24.81,29.16,29.54,31.56,19.4,55.79,20.75,4.78,16.11,62.89,15.36,25.25,22.33
2019-07-28,47.92,25.68,55.18,30.62,20.97,19.12,50.14,32.22,3.57,7.2,65.28,23.09,23.69,22.05
2019-07-29,64.25,25.3,44.99,29.78,19.34,18.19,46.57,27.14,4.97,9.09,67.67,27.28,21.95,19.61
2019-07-30,43.27,23.02,38.45,27.42,28.68,17.98,53.02,28.63,8.75,13.14,16.15,28.54,20.01,22.5
2019-07-31,34.57,23.67,66.13,31.25,32.6,16.46,60.18,34.68,7.18,14.03,3.47,30.62,20.06,24.46
2019-08-01,24.93,23.76,62.67,32.51,22.55,14.78,72.16,34.48,6.41,11.71,3.84,32.68,22.94,20.11
2019-08-02,28.08,21.7,58.91,29.29,34.08,13.76,79.81,27.73,3.58,18.66,4.96,22.16,22.3,18.07
2019-08-03,30.53,25.31,62.68,27.74,31.81,14.61,69.47,23.44,2.98,16.52,5.46,21.71,19.2,20.23
2019-08-04,40.88,23.02,67.28,27.25,43.73,17.5,55.96,25.24,6.39,13.28,6.13,20.28,18.84,23.92
2019-08-05,43.28,17.14,42.93,28.66,37.16,17.12,52.84,26.75,6.44,10.51,11.98,23.75,21.47,26.62
2019-08-06,41.18,18.42,52.98,22.91,24.45,13.9,57.34,16.37,3.96,16.48,3.44,24.22,20.78,21.06
2019-08-07,26.52,14.32,40.1,29.87,25.04,12.08,70.01,22.32,2.49,17.22,3.16,18.91,22.28,21.64
2019-08-08,37.96,14.25,44.3,30.92,25.33,14.47,45.29,22.44,6.81,14.03,2.94,22.95,24.38,22.68
2019-08-09,45.15,17.32,37.47,26.17,27.54,18.47,55.99,31.92,15.62,12.0,3.51,31.19,23.87,22.62
2019-08-10,37.92,18.47,48.65,25.43,24.37,19.37,53.86,30.76,10.84,13.87,5.13,24.24,31.41,27.18
2019-08-11,34.34,17.76,56.49,26.21,19.8,18.34,52.47,29.17,12.65,14.89,6.84,23.46,30.75,31.28
2019-08-12,33.06,17.11,56.7,21.46,23.17,16.93,61.11,27.38,11.31,12.27,5.28,20.5,31.66,25.4
2019-08-13,47.71,18.88,53.95,20.73,24.96,13.8,47.51,26.48,9.43,14.61,8.38,20.06,30.56,30.425
2019-08-14,41.86,22.74,60.52,31.43,24.87,16.9,46.23,33.82,15.09,10.8,4.91,16.91,31.87,35.45
2019-08-15,31.08,22.46,41.27,23.58,33.65,15.36,47.99,29.88,10.91,10.12,4.52,27.44,33.88,33.97
2019-08-16,34.06,16.92,37.5,23.59,20.28,14.63,54.32,28.9,21.1,10.14,5.35,22.86,28.9,36.06
2019-08-17,42.78,16.32,31.21,16.51,20.82,17.03,55.98,22.75,13.95,14.29,26.93,16.74,24.18,28.25
2019-08-18,45.93,14.77,37.43,18.03,20.15,14.02,58.74,25.48,19.0,16.87,8.8,17.44,26.49,
2019-08-19,55.36,17.67,31.17,28.06,21.69,15.29,58.24,27.8,15.85,18.05,5.9,23.13,27.55,
2019-08-20,61.08,15.63,22.56,28.41,19.55,13.77,51.6,29.39,11.92,24.63,8.1,29.8,21.62,
2019-08-21,69.33,17.45,24.79,31.18,19.34,15.79,57.35,31.7,15.12,25.9,8.36,28.48,19.92,
2019-08-22,68.52,16.68,26.59,25.95,21.46,18.38,83.8,23.62,21.25,22.01,12.6,25.45,22.72,
2019-08-23,57.64,18.5,18.42,28.57,28.83,18.8,43.71,15.35,12.48,28.31,6.79,28.57,26.12,
2019-08-24,76.75,18.52,31.27,28.17,36.69,19.58,45.82,36.34,10.44,24.41,15.89,29.54,30.67,
2019-08-25,69.77,20.37,21.93,24.22,43.38,20.59,50.92,28.31,4.44,20.115,29.03,33.78,31.24,
2019-08-26,29.03,22.91,35.29,24.07,32.03,19.4,49.24,27.54,22.53,15.82,5.64,26.62,26.6,
2019-08-27,24.36,23.6,38.69,36.98,29.05,22.29,44.39,33.53,22.84,18.33,6.07,26.84,30.35,32.56
2019-08-28,51.74,22.94,51.83,34.34,31.39,23.02,49.99,33.95,19.52,19.26,7.63,32.48,27.47,36.47
2019-08-29,28.61,22.19,34.57,30.97,29.97,17.91,67.37,32.09,,20.87,6.39,29.76,26.61,29.78
2019-08-30,32.49,22.84,59.16,39.25,26.45,17.16,85.47,27.47,,18.45,5.96,30.07,26.98,23.09
2019-08-31,37.33,21.78,39.33,33.71,25.16,13.47,97.86,36.29,,19.43,5.44,32.86,19.78,
2019-09-01,47.56,21.03,40.6,31.24,26.21,14.1,142.3,29.59,,17.12,8.17,26.63,18.16,
2019-09-02,44.0,21.01,55.87,39.18,24.49,14.05,82.8,35.53,,15.45,7.71,30.47,16.1,
2019-09-03,42.54,20.36,49.45,32.5,23.47,12.22,102.6,37.42,,29.75,4.56,30.72,15.35,
2019-09-04,77.97,19.94,50.73,36.13,24.92,13.7,91.09,34.66,,34.02,4.25,25.37,16.2,
2019-09-05,73.91,18.43,42.75,28.87,30.05,16.22,52.72,27.08,7.67,21.35,8.16,27.44,12.12,
2019-09-06,84.1,17.88,41.25,27.22,29.74,14.98,64.06,25.25,19.76,13.45,40.37,23.04,13.47,
2019-09-07,53.43,16.27,44.92,24.58,25.21,14.41,67.47,22.34,14.59,13.84,5.26,21.93,15.58,
2019-09-08,57.52,17.38,20.04,32.4,25.75,17.15,80.95,36.4,21.65,14.57,5.93,25.31,17.62,
2019-09-09,71.99,18.74,36.98,30.84,26.43,14.98,116.51,29.69,27.72,17.04,5.45,33.16,15.78,
2019-09-10,39.15,22.64,68.76,40.53,35.66,16.46,,47.73,17.76,14.2,5.25,37.87,24.46,
2019-09-11,33.47,23.25,61.37,48.95,34.3,15.16,,39.01,17.79,15.6,45.7,30.86,20.23,
2019-09-12,22.98,24.32,55.72,32.08,31.22,14.9,,32.4,20.83,19.2,87.88,36.19,22.44,
2019-09-13,9.64,25.03,59.95,27.33,22.44,15.49,,24.44,17.62,29.03,5.76,38.34,23.88,
2019-09-14,13.0,27.33,56.94,28.64,30.95,16.87,,29.66,28.48,19.24,4.83,30.67,20.82,
2019-09-15,20.67,27.56,58.37,28.58,29.4,20.97,,29.3,32.83,22.4,7.92,19.33,19.0,
2019-09-16,26.28,25.41,53.64,35.4,24.53,17.92,,32.0,38.86,24.2,12.52,27.36,23.53,
2019-09-17,32.92,23.88,54.32,41.22,26.48,17.67,,38.11,39.25,28.21,22.41,24.31,19.0,
2019-09-18,34.64,26.44,57.81,37.19,32.39,25.02,,34.61,18.83,26.59,4.36,28.16,19.97,
2019-09-19,31.11,31.73,49.51,27.34,24.93,16.82,,24.05,36.58,23.48,3.68,39.37,19.32,
2019-09-20,42.49,30.27,57.05,29.76,19.91,16.03,,16.88,35.98,24.46,4.77,32.61,20.32,
2019-09-21,48.66,31.65,53.35,28.51,20.55,16.68,,19.62,18.88,21.75,5.82,34.98,23.26,
2019-09-22,51.35,31.13,59.37,21.15,23.77,19.56,,15.38,19.18,36.57,9.82,38.27,20.47,
2019-09-23,43.41,34.28,58.54,30.49,23.93,16.62,,22.41,21.31,32.18,5.91,35.83,20.1,
2019-09-24,60.11,43.22,45.56,28.92,22.55,18.13,,18.54,16.54,27.3,3.29,36.7,20.74,
2019-09-25,60.38,34.55,28.38,28.53,25.16,17.82,,21.18,15.0,25.56,3.03,36.92,25.34,
2019-09-26,48.71,30.31,48.1,24.16,26.03,16.42,,14.4,14.53,13.97,3.13,25.91,26.03,
2019-09-27,40.22,33.78,44.14,23.54,22.06,14.37,,13.83,13.48,11.17,7.06,24.83,30.49,
2019-09-28,34.33,42.02,37.83,22.22,23.48,17.95,,13.44,14.7,11.7,3.61,24.43,36.42,
2019-09-29,33.31,41.53,39.05,22.84,23.23,15.67,,20.21,12.48,14.39,3.35,25.01,32.53,
2019-09-30,42.88,34.56,41.73,26.67,19.91,13.19,,17.29,13.14,11.52,8.25,30.88,29.58,
2019-10-01,72.52,38.57,64.23,26.15,19.96,17.28,,19.0,15.39,15.92,23.66333333333333,29.12,25.66,
2019-10-02,41.28,40.57,67.72,34.94,23.17,19.45,,35.98,15.7,18.07,39.07666666666667,34.1,36.25,
2019-10-03,43.21,50.22,57.6,44.29,22.97,18.98,,33.35,11.51,21.01,54.49,31.95,36.78,
2019-10-04,48.48,49.07,57.91,32.54,21.49,20.09,,39.72,14.24,15.08,18.56,45.97,32.22,
2019-10-05,41.05,31.39,58.15,32.66,31.16,20.03,,42.46,24.1,27.04,58.6,41.91,33.96,
2019-10-06,68.56,37.5,55.94,40.18,31.45,20.61,,49.04,22.9,39.06,19.73,42.05,36.08,
2019-10-07,68.81,34.78,63.42,36.23,29.82,24.25,,50.44,22.39,36.75,130.43,31.55,28.73,37.42
2019-10-08,70.66,46.65,63.92,38.81,35.11,23.99,,55.95,23.63,35.6,64.11,33.02,37.35,31.69
2019-10-09,67.73,40.67,52.84,51.37,31.29,23.27,,36.55,33.12,32.11,59.623333333333335,43.2,29.73,31.23
2019-10-10,62.92,34.15,46.63,53.51,30.3,19.34,,50.07,20.76,42.89,55.13666666666667,36.15,40.39,24.81
2019-10-11,67.9,34.94,47.37,47.07,28.13,25.15,41.63,54.08,14.83,,50.65,49.24,29.86,17.41
2019-10-12,54.14,29.02,48.3,44.45,32.11,24.66,45.64,57.26,21.4,,41.85,48.34,13.35,29.37
2019-10-13,27.16,22.31,52.17,44.55,43.56,24.03,28.21,47.24,24.13,,38.53,49.59,15.9,26.75
2019-10-14,69.56,20.5,48.79,43.59,35.88,21.06,29.83,45.54,43.62,,45.78,51.24,14.38,30.06
2019-10-15,59.05,23.94,42.02,53.79,35.32,23.86,36.0,47.62,66.99,,22.47,48.5,15.67,47.76
2019-10-16,77.07,25.81,31.95,55.69,33.1,25.33,31.98,50.6,52.67,,20.84,52.1,21.96,51.95
2019-10-17,59.32,20.66,29.34,49.68,36.99,17.79,39.02,52.32,26.63,,33.9,63.12,20.8,28.81
2019-10-18,73.44,24.17,30.63,42.7,27.79,18.67,41.52,48.88,28.19,18.75,21.78,56.63,18.36,27.95
2019-10-19,93.28,20.61,29.19,43.23,26.61,21.13,70.63,55.13,19.51,20.6,128.86,43.18,25.87,29.61
2019-10-20,76.58,26.13,32.64,33.47,23.94,18.41,57.61,40.47,26.21,24.61,75.22,51.21,28.29,34.36
2019-10-21,114.49,22.97,27.49,36.8,29.96,20.2,64.78,42.63,27.52,27.11,47.6,40.89,25.61,29.54
2019-10-22,133.14,22.81,28.67,39.48,28.34,14.93,86.75,38.25,21.41,22.51,49.86,38.57,30.12,25.66
2019-10-23,91.42,17.5,36.29,44.15,26.49,14.48,68.19,37.95,17.4,16.81,43.48,30.96,26.67,23.48
2019-10-24,116.38,21.49,33.34,57.94,26.03,12.59,64.03,47.8,24.01,22.45,52.47,53.36,26.54,28.73
2019-10-25,90.23,19.33,32.03,52.25,32.01,13.74,60.76,57.02,19.29,19.52,33.36,58.26,25.26,25.04
2019-10-26,162.43,19.0,30.06,50.59,26.0,15.61,59.31,44.97,31.21,19.54,17.29,50.67,23.88,24.82
2019-10-27,103.24,20.17,32.75,47.27,26.24,17.96,60.14,50.71,22.5,19.78,18.68,42.25,27.95,22.53
2019-10-28,55.96,18.21,27.69,42.79,28.37,20.95,67.57,46.49,28.22,17.9,21.78,41.49,26.25,30.26
2019-10-29,51.34,20.89,33.76,33.2,26.64,19.55,63.16,27.04,42.64,18.13,43.44,42.53,27.21,29.36
2019-10-30,50.0,27.66,28.51,34.86,24.85,19.73,61.18,32.35,43.45,21.7,93.49,45.68,31.97,28.76
2019-10-31,51.69,35.18,30.92,38.29,24.81,20.34,71.28,35.38,37.39,16.02,51.53,49.6,39.53,25.6
2019-11-01,46.54,41.88,29.3,49.77,37.76,19.96,63.67,41.66,33.46,15.38,26.34,48.71,27.43,31.2
2019-11-02,39.52,30.92,30.83,35.0,49.12,20.79,52.53,20.41,41.03,11.35,25.54,60.74,30.05,31.08
2019-11-03,36.66,34.6,36.51,33.91,55.48,23.74,72.26,13.47,55.81,14.51,26.13,45.06,34.48,45.78
2019-11-04,62.53,38.89,44.21,36.82,47.57,27.88,86.33,21.81,42.93,12.72,44.71,40.66,36.96,41.87
2019-11-05,59.57,34.78,46.2,39.23,41.37,28.26,68.85,27.86,47.37,16.23,35.58,38.39,37.51,42.11
2019-11-06,79.31,55.74,45.94,29.77,24.88,27.88,91.81,32.48,60.65,18.85,46.57,49.84,41.04,42.72
2019-11-07,46.86,54.15,47.64,23.72,29.59,31.05,78.19,19.44,63.15,15.72,96.66,54.77,40.88,47.62
2019-11-08,27.22,42.01,55.69,32.33,32.97,28.77,51.07,26.65,37.14,16.33,94.89,63.63,32.8,52.53
2019-11-09,38.58,41.92,53.69,30.42,31.36,32.63,43.33,23.92,33.06,12.92,70.21,62.47,35.34,58.79
2019-11-10,51.38,41.1,53.81,38.5,26.51,38.45,53.98,30.41,42.15,22.42,56.02,68.85,32.36,44.89
2019-11-11,49.3,57.13,43.01,42.35,39.84,27.21,86.13,32.4,39.97,27.87,50.6,66.41,38.87,39.44
2019-11-12,34.64,46.59,31.9,48.8,47.48,32.11,90.88,35.2,51.42,19.71,71.96,70.64,34.03,34.42
2019-11-13,32.59,43.84,41.66,39.52,42.41,34.16,77.64,32.69,70.23,15.22,54.55,64.0,35.31,50.03
2019-11-14,27.68,38.82,43.38,26.54,54.08,34.65,73.26,24.67,78.85,10.01,59.11,68.85,28.46,59.48
2019-11-15,16.36,18.93,38.96,37.71,47.44,30.76,77.31,50.9,74.13,9.71,60.81,47.29,34.36,60.81
2019-11-16,16.41,21.06,38.12,31.94,44.06,30.5,77.82,38.4,79.93,11.08,62.66,51.04,24.68,47.96
2019-11-17,16.08,36.16,51.76,27.01,41.61,34.73,111.09,35.4,69.31,16.02,56.37,50.32,27.76,37.65
2019-11-18,15.8,30.81,29.15,30.33,42.89,41.27,76.54,42.12,66.6,20.02,66.81,43.58,31.24,37.44
2019-11-19,15.84,25.97,28.85,31.56,39.72,44.86,77.39,33.71,86.67,12.65,59.43,38.21,25.21,49.95
2019-11-20,16.99,23.22,22.78,38.99,51.19,35.3,63.54,44.37,92.94,13.14,54.08,48.96,28.4,60.68
2019-11-21,15.43,29.31,27.28,48.43,48.28,30.22,56.33,47.46,87.78,10.24,49.86,66.03,24.04,65.38
2019-11-22,16.02,32.59,27.26,41.54,42.84,29.72,34.16,44.57,84.27,7.19,56.69,60.61,27.77,55.76
2019-11-23,14.99,36.87,23.1,25.58,38.32,26.43,59.98,34.2,79.97,13.37,54.03,45.18,17.12,48.1
2019-11-24,16.21,47.58,33.32,29.6,43.71,30.62,41.43,47.76,43.62,16.72,56.39,46.3,32.53,51.68
2019-11-25,15.31,37.89,31.05,31.86,47.0,32.54,13.49,35.98,87.59,16.08,65.72,60.28,29.64,61.97
2019-11-26,30.45,43.3,33.72,39.21,49.53,32.79,21.67,30.19,91.45,13.5,45.06,61.13,33.3,62.87
2019-11-27,46.08,34.88,39.18,30.2,50.64,28.08,18.66,31.37,84.34,11.14,58.68,66.26,32.06,55.76
2019-11-28,40.11,30.99,32.91,28.72,49.72,27.41,16.12,35.71,63.97,11.47,45.12,62.43,29.61,51.67
2019-11-29,44.3,24.82,27.3,24.66,35.63,28.58,31.69,27.64,71.8,15.19,58.13,35.12,27.88,43.35
2019-11-30,41.06,19.8,31.58,23.38,30.34,24.91,17.68,26.31,77.18,19.66,47.32,51.42,22.96,44.15
2019-12-01,42.68,18.54,33.27,32.28,45.73,23.4,17.9,34.45,78.8,24.19,53.43,56.94,24.27,43.92
2019-12-02,48.16,22.64,23.57,32.54,49.6,22.17,27.51,34.14,88.44,26.53,47.08,55.6,27.85,42.3
2019-12-03,57.81,28.88,26.08,32.57,56.45,20.1,34.16,38.16,84.58,22.89,27.11,44.5,21.71,43.47
2019-12-04,51.79,44.53,34.43,33.48,46.86,30.71,22.43,38.59,82.55,23.74,61.97,41.07,26.59,56.45
2019-12-05,42.3,42.62,33.57,42.41,41.39,27.09,22.44,44.68,91.88,21.56,27.42,72.92,32.49,55.26
2019-12-06,47.75,40.61,33.97,32.34,28.97,30.81,15.8,36.28,83.84,17.87,43.36,61.14,58.08,63.55
2019-12-07,53.07,30.49,20.01,33.69,26.27,33.25,13.23,34.34,66.87,17.24,21.29,52.82,39.31,60.61
2019-12-08,53.65,28.46,20.11,32.51,22.69,27.28,20.05,34.74,46.24,20.02,28.96,54.34,40.55,42.28
2019-12-09,54.56,29.65,19.98,29.47,24.75,24.99,20.21,33.01,42.0,19.0,65.31,64.27,43.46,37.78
2019-12-10,35.3,33.44,20.15,38.14,15.74,24.18,19.69,35.58,40.3,19.17,30.85,46.63,45.3,34.82
2019-12-11,32.36,31.81,24.04,41.46,18.73,26.62,18.71,39.18,36.34,17.99,74.7,51.47,40.34,36.02
2019-12-12,24.18,37.02,24.0,44.13,16.58,23.84,23.65,40.94,34.18,13.14,75.4,79.11,42.26,36.73
2019-12-13,23.94,35.09,22.78,29.14,19.93,26.76,20.57,22.46,47.92,16.97,58.09,37.08,41.61,39.73
2019-12-14,24.07,28.77,22.61,22.94,20.46,26.37,25.28,21.17,65.75,16.45,42.72,41.45,32.31,41.66
2019-12-15,27.73,34.2,26.83,22.96,17.99,27.3,14.8,25.94,54.39,22.0,48.0,42.13,31.46,41.13
2019-12-16,30.45,30.69,26.19,22.1,18.38,25.47,14.24,25.34,66.3,24.54,46.41,40.94,40.86,43.5
2019-12-17,29.22,30.3,35.26,24.27,18.36,24.37,42.24,27.62,74.21,23.2,50.44,30.83,43.04,47.84
2019-12-18,24.83,32.35,29.67,32.08,17.47,24.3,16.82,31.24,78.9,24.27,57.9,33.53,47.89,53.85
2019-12-19,18.76,26.97,33.87,28.22,13.58,25.57,10.94,28.39,77.99,19.51,53.33,36.13,38.84,49.59
2019-12-20,15.46,28.4,36.82,29.05,12.75,25.49,15.06,31.68,85.54,20.05,62.79,34.8,29.93,43.53
2019-12-21,12.43,37.53,33.86,23.62,17.22,31.18,18.34,23.62,71.85,26.89,69.87,35.94,39.35,50.47
2019-12-22,8.94,45.17,38.89,21.48,13.55,28.57,16.59,23.49,88.12,23.21,64.02,38.69,46.2,56.41
2019-12-23,6.35,43.35,32.21,23.8,12.52,30.37,30.81,26.71,89.28,23.26,45.6,35.59,42.96,57.63
2019-12-24,4.87,37.89,28.38,28.17,11.28,32.49,33.28,29.28,71.56,32.52,33.35,47.06,38.6,56.77
2019-12-25,5.4,32.38,33.18,21.13,11.47,34.33,14.76,21.96,75.76,48.65,41.89,32.49,46.83,54.0
2019-12-26,10.61,43.66,27.5,25.73,16.71,29.67,17.65,23.43,52.37,46.13,49.12,28.11,47.93,32.95
2019-12-27,19.03,39.42,24.11,27.55,34.48,26.83,16.89,29.85,34.62,53.99,48.02,29.57,29.09,29.21
2019-12-28,19.15,37.81,28.28,27.92,25.59,31.39,11.68,26.6,42.2,66.65,25.78,36.27,37.06,35.44
2019-12-29,23.66,43.5,33.22,35.11,29.92,32.58,13.67,31.52,70.48,66.7,28.61,29.6,44.11,59.61
2019-12-30,23.67,44.92,35.08,26.44,29.28,36.01,13.74,24.64,77.4,31.33,24.57,37.5,43.56,63.08
2019-12-31,23.67,45.78,36.95,28.07,26.22,30.96,15.66,28.33,70.91,24.9,21.39,30.58,40.43,64.8
2020-01-01,23.67,37.39,24.79,39.58,26.13,28.71,16.47,39.32,72.08,40.21,17.51,54.13,42.93,57.26
2020-01-02,23.67,33.11,21.31,36.5,23.98,22.23,16.96,30.0,59.28,7.82,16.07,54.38,37.71,55.17
2020-01-03,23.66,32.98,25.52,27.82,19.37,22.63,16.89,17.93,62.71,27.0,15.62,41.04,34.07,43.7
2020-01-04,23.65,37.35,28.4,29.94,20.27,27.61,9.87,20.99,44.0,36.13,14.45,36.18,46.14,23.59
2020-01-05,23.61,45.1,30.88,30.21,19.38,29.06,15.59,26.11,52.07,32.48,26.13,30.41,43.66,36.53
2020-01-06,23.64,25.22,25.0,21.99,19.15,26.58,21.47,14.87,64.14,38.56,24.12,32.81,36.49,48.53
2020-01-07,23.58,28.66,28.97,22.82,18.09,27.64,17.36,19.03,69.69,8.63,25.68,50.94,35.13,59.37
2020-01-08,23.59,47.48,29.73,17.63,22.01,26.31,18.56,9.61,72.49,22.11,73.05,34.35,35.46,53.9
2020-01-09,23.64,45.49,27.67,22.0,28.78,20.13,19.29,20.76,45.51,23.77,156.05,45.67,40.21,46.31
2020-01-10,23.58,39.61,28.3,27.25,29.36,30.67,12.28,28.33,55.96,39.56,125.94,50.83,33.62,36.26
2020-01-11,23.58,40.4,27.22,30.98,30.66,29.76,15.8,32.18,73.01,36.72,74.73,40.1,46.81,37.24
2020-01-12,23.56,37.47,32.45,32.47,30.04,29.52,17.59,28.24,83.49,17.71,82.18,46.56,50.65,47.01
2020-01-13,23.69,46.68,33.52,27.98,24.18,32.27,11.03,24.61,75.43,25.62,62.32,37.9,51.15,47.84
2020-01-14,23.62,47.83,35.37,21.62,34.9,41.27,9.91,18.3,44.07,20.19,59.64,44.74,58.43,56.49
2020-01-15,23.66,55.92,33.57,26.19,17.6,36.53,12.94,20.05,34.36,19.48166666666667,54.33,47.5,58.14,48.09
2020-01-16,23.6,59.83,33.34,18.63,30.7,33.42,11.89,10.41,71.86,18.773333333333337,52.86,48.08,54.89,47.51
2020-01-17,23.62,43.88,26.76,18.97,30.24,25.51,18.16,15.35,59.04,18.065000000000005,49.2,39.04,54.29,44.3
2020-01-18,23.57,24.91,29.02,19.93,16.38,25.43,10.38,20.46,45.73,17.356666666666673,66.2,39.97,46.57,35.43
2020-01-19,23.6,29.97,26.29,25.86,14.33,25.09,25.7,39.73,30.23,16.64833333333334,79.13,50.48,38.07,35.86
2020-01-20,23.6,35.59,26.38,24.64,20.22,25.95,21.07,31.63,45.75,15.94,68.7,46.14,29.1,33.25
2020-01-21,23.61,36.29,31.09,27.6,23.55,28.47,10.29,30.6,39.57,22.56,43.67,53.34,34.92,35.92
2020-01-22,23.6,32.1,34.26,24.63,21.36,27.79,13.53,26.71,38.25,39.9,52.15,54.89,37.51,41.22
2020-01-23,23.56,31.17,34.64,27.73,28.89,23.8,19.67,44.71,27.59,40.09,52.42,49.54,33.38,40.9
2020-01-24,23.58,29.94,32.88,30.53,29.38,21.9,16.42,57.14,40.41,43.35,47.12,43.67,36.8,43.29
2020-01-25,47.16,30.14,34.13,26.8,28.27,24.01,15.22,41.64,21.09,43.22,50.31,39.26,41.96,46.21
2020-01-26,36.76,36.55,33.78,32.7,23.44,26.27,15.56,28.19,16.86,38.27,57.7,38.55,52.55,36.83
2020-01-27,41.25,42.71,31.54,26.6,23.99,29.09,16.59,18.13,29.25,32.32,57.83,58.51,53.33,44.57
2020-01-28,30.29,47.28,33.41,23.29,34.09,36.31,16.34,17.76,18.65,23.37,52.56,45.97,53.45,36.88
2020-01-29,32.37,50.62,26.05,23.96,36.45,27.33,19.53,23.66,25.39,28.73,42.15,53.34,52.46,32.35
2020-01-30,30.37,37.97,21.78,24.23,29.62,32.23,8.52,23.65,24.76,31.21,57.42,44.68,53.25,36.9
2020-01-31,34.61,47.97,32.79,24.36,28.41,33.28,14.83,27.43,70.53,27.1,64.29,42.47,56.73,32.28
2020-02-01,45.39,43.71,28.75,29.22,24.82,23.6,16.57,25.48,57.32,23.636666666666667,52.84,48.61,51.58,31.33
2020-02-02,26.07,39.98,23.73,29.69,26.28,22.37,21.59,28.89,60.29,20.17333333333333,52.34,56.42,55.43,31.97
2020-02-03,43.72,32.47,20.76,33.94,23.89,19.82,19.04,28.47,66.17,16.71,51.9,54.92,47.23,30.12
2020-02-04,41.9,32.0,26.69,41.0,24.37,22.31,12.52,26.02,42.81,37.74,51.45,64.82,44.03,32.33
2020-02-05,36.15,34.73,30.7,32.03,26.77,20.87,16.94,39.12,35.61,33.11,45.98,65.6,41.08,36.58
2020-02-06,41.16,41.55,33.97,33.75,25.75,22.55,12.6,44.36,29.32,39.2,80.65,52.03,46.71,27.59
2020-02-07,53.97,41.16,27.6,34.75,35.96,28.54,11.2,43.74,21.92,41.35,51.55,62.78,40.6,36.72
2020-02-08,68.81,38.36,29.24,35.72,26.75,22.27,12.42,52.62,30.54,43.9,38.28,62.17,48.19,35.46
2020-02-09,70.25,34.35,31.94,36.29,26.62,17.12,13.82,50.82,32.41,42.74,41.18,51.55,51.13,35.62
2020-02-10,71.69,32.75,34.11,31.92,28.12,24.04,14.1,45.46,34.75,42.74,44.08,43.28,52.3,46.43
2020-02-11,42.4,34.75,28.62,37.22,27.96,30.41,16.81,41.76,46.43,35.77,34.08,61.41,46.07,53.62
2020-02-12,44.73,34.6,30.14,37.86,29.97,27.5,11.65,52.01,46.57,37.25,38.16,56.7,44.08,55.77
2020-02-13,51.73,34.92,23.31,36.8,24.55,28.73,19.95,59.5,32.44,35.09,43.49,49.06,43.74,46.13
2020-02-14,31.28,45.01,37.77,43.62,26.94,25.32,14.65,60.62,28.63,39.73,30.43,58.76,48.64,46.64
2020-02-15,53.88,46.99,31.92,42.21,23.03,27.56,17.62,41.7,23.43,43.24,37.98,47.75,50.41,53.69
2020-02-16,76.89,49.12,21.95,40.01,24.11,34.95,13.81,36.29,18.46,45.83,39.74,46.34,46.08,40.59
2020-02-17,63.76,42.21,18.31,38.6,25.15,29.88,25.52,25.93,13.96,45.62,36.58,36.29,52.61,41.62
2020-02-18,75.45,47.44,24.7,42.7,39.35,29.11,21.54,23.02,14.48,50.25,53.2,36.74,63.0,37.94
2020-02-19,43.63,49.57,24.71,44.29,40.48,32.27,19.6,28.43,14.34,,41.44,49.74,69.11,39.9
2020-02-20,50.08,38.42,27.14,55.32,55.78,31.14,21.87,62.28,17.56,,126.98,58.24,55.25,49.28
2020-02-21,38.67,40.89,16.21,39.58,55.98,32.66,22.95,37.34,14.21,,77.15,54.19,43.76,42.11
2020-02-22,52.15,37.76,20.66,32.03,37.41,28.48,15.53,26.27,26.08,,59.73,48.74,47.92,39.74
2020-02-23,39.74,49.19,26.85,35.15,21.28,29.68,15.58,30.42,22.46,,53.28,61.16,55.44,44.47
2020-02-24,44.44,43.59,23.61,33.36,26.32,32.78,22.04,37.23,20.21,,35.73,59.99,42.28,46.68
2020-02-25,46.23,50.22,28.52,35.32,39.24,31.4,14.24,32.57,20.25,32.13,47.29,51.19,51.43,39.9
2020-02-26,37.79,36.49,39.14,38.64,37.33,34.42,11.95,33.78,21.39,30.07,39.42,65.03,54.66,40.48
2020-02-27,52.7,41.29,31.47,36.36,35.12,36.84,9.93,33.45,24.28,27.53,37.68,67.06,51.53,43.97
2020-02-28,50.27,46.4,36.16,41.53,42.81,35.27,18.0,57.46,21.2,29.72,41.91,64.07,46.5,51.47
2020-02-29,52.74,47.04,38.15,37.35,47.24,33.3,21.95,54.76,20.4,30.35,41.57,64.28,52.67,51.81
2020-03-01,41.7,49.93,50.11,39.84,42.76,33.69,19.29,58.03,19.82,29.65,38.66,72.11,50.62,52.32
2020-03-02,34.18,48.39,26.4,36.64,37.2,29.23,23.56,45.68,17.61,29.66,36.73,70.56,47.03,49.09
2020-03-03,39.83,61.01,43.88,32.39,38.34,29.24,21.67,39.54,13.71,30.09,39.38,72.23,35.92,45.68
2020-03-04,45.99,52.01,34.39,41.77,42.33,26.06,23.25,44.57,15.1,32.2,36.18,75.54,29.52,38.71
2020-03-05,38.62,53.06,20.27,36.98,38.37,29.33,33.13,51.61,14.75,30.07,24.88,66.29,31.83,26.21
2020-03-06,45.82,50.82,21.65,33.52,38.6,21.86,37.84,47.23,12.65,27.23,25.01,54.62,27.06,29.66
2020-03-07,64.01,37.49,24.05,35.47,39.7,23.93,21.8,38.14,12.72,29.45,22.13,40.75,24.6,26.65
2020-03-08,65.88,40.31,21.36,34.59,37.03,23.97,19.34,35.2,11.12,30.24,27.41,62.14,30.78,24.62
2020-03-09,67.75,45.57,20.12,34.54,36.14,18.94,24.24,42.54,12.0,32.77,35.74,64.83,37.24,19.25
2020-03-10,16.92,50.57,27.37,47.66,31.35,21.56,25.55,53.14,11.86,34.08,33.77,76.3,39.97,24.48
2020-03-11,16.68,50.73,34.46,42.36,35.62,21.78,22.76,58.4,11.43,30.16,25.22,73.03,40.62,23.99
2020-03-12,44.465,49.83,29.98,34.27,45.8,21.14,19.29,40.31,12.06,35.57,26.93,53.33,44.33,25.1
2020-03-13,72.25,42.26,21.73,37.42,34.83,20.64,12.3,40.26,12.81,36.31,33.49,51.0,50.3,25.04
2020-03-14,39.51,38.8,21.6,29.17,29.84,20.47,10.97,38.98,12.94,32.14,59.46,67.46,47.0,27.22
2020-03-15,33.16,49.32,30.14,37.25,34.5,22.61,12.79,50.33,14.0,32.95,23.66,66.38,43.06,28.67
2020-03-16,53.81,36.51,21.02,38.38,31.11,19.88,16.36,47.56,15.62,33.3,38.87,87.83,45.65,28.25
2020-03-17,67.58,31.85,30.61,40.59,31.53,20.94,23.28,52.03,15.2,31.27,83.65,76.5,41.94,34.5
2020-03-18,81.35,39.28,49.4,41.73,34.27,20.74,27.84,46.04,15.32,30.51,116.25,71.2,41.09,31.44
2020-03-19,44.44,55.4,40.15,43.16,39.61,24.86,24.79,50.39,39.79,30.29,109.15,69.56,45.49,32.35
2020-03-20,45.98,53.12,31.17,48.23,44.36,29.44,18.84,60.03,37.46,31.58,84.25,86.07,45.88,28.78
2020-03-21,36.14,59.91,45.38,43.19,38.06,28.78,19.37,57.23,18.41,26.71,49.0,77.24,42.77,25.43
2020-03-22,33.69,48.99,46.53,47.67,35.96,26.93,22.38,55.11,19.71,31.11,59.7,88.19,45.7,27.87
2020-03-23,49.45,42.02,31.28,46.48,37.21,28.82,29.21,50.47,26.65,31.26,65.57,72.65,40.42,29.73
2020-03-24,47.99,39.76,35.18,38.23,34.65,28.26,19.97,43.6,33.77,29.78,50.14,59.98,42.23,28.52
2020-03-25,38.86,38.24,37.16,32.11,31.82,28.67,21.77,38.79,19.54,28.07,53.59,47.16,38.14,27.74
2020-03-26,39.74,35.05,36.81,30.59,37.84,29.13,20.18,36.85,12.88,32.26,87.5,45.6,42.63,29.32
2020-03-27,34.41,35.6,33.97,27.38,25.53,33.42,20.63,38.52,36.78,25.63,74.43,35.1,53.93,37.28
2020-03-28,34.72,36.29,16.33,25.06,32.18,36.97,15.88,42.37,42.06,22.84,52.83,38.85,49.23,43.19
2020-03-29,40.17,37.19,34.65,35.75,38.54,36.94,11.82,54.46,41.66,22.1,63.34,53.13,36.25,38.57
2020-03-30,31.5,41.31,33.94,40.26,42.16,36.78,15.52,58.39,59.94,22.14,42.59,52.62,35.2,45.51
2020-03-31,36.86,42.69,35.24,40.96,37.28,37.4,18.99,63.43,46.99,22.14,37.94,44.5,40.33,44.17
2020-04-01,36.76,41.52,36.35,35.06,27.68,35.46,22.36,54.79,23.15,22.14,38.22,45.57,36.55,40.76
2020-04-02,38.17,46.12,37.84,39.47,33.27,33.65,23.58,61.46,9.06,22.14,60.21,46.11,38.57,32.28
2020-04-03,46.53,49.16,38.03,46.82,35.36,31.37,23.24,66.52,10.66,22.14,47.47,47.78,46.56,19.3
2020-04-04,58.08,43.88,38.31,41.26,33.08,26.57,22.33,58.64,11.72,22.14,94.05,41.64,44.84,30.65
2020-04-05,53.61,39.66,37.64,44.55,29.91,27.81,21.51,53.97,9.64,22.14,93.32,48.18,37.6,25.31
2020-04-06,49.67,42.79,32.83,44.16,31.38,25.48,21.01,54.3,6.48,22.14,47.29,51.63,30.17,17.23
2020-04-07,48.2,42.61,30.45,42.65,27.77,34.09,20.63,61.31,8.52,22.14,37.51,54.99,34.58,16.26
2020-04-08,49.83,52.65,34.11,45.8,27.87,36.03,18.78,62.85,7.66,22.14,48.77,53.07,51.56,25.67
2020-04-09,62.53,48.84,32.83,48.34,30.0,29.65,24.83,67.87,32.39,22.14,41.2,56.44,46.01,43.68
2020-04-10,42.61,47.67,37.08,40.36,37.27,28.05,31.62,50.44,21.47,22.14,42.21,53.28,39.11,36.65
2020-04-11,39.0,45.02,30.16,49.51,29.1,23.3,31.37,60.63,13.98,22.14,51.66,50.51,35.92,26.1
2020-04-12,42.16,47.0,33.51,50.15,24.84,24.1,39.31,67.11,16.02,22.14,67.58,52.32,39.28,25.74
2020-04-13,47.88,46.22,36.84,41.07,18.6,29.34,36.84,53.63,15.17,22.14,52.75,39.86,43.58,27.51
2020-04-14,43.35,46.63,41.74,40.74,22.11,33.8,46.98,47.71,13.23,22.14,38.96,48.44,40.95,26.57
2020-04-15,44.04,46.04,36.82,38.22,20.48,34.56,31.55,45.18,13.82,23.62,28.91,43.41,36.84,30.13
2020-04-16,54.24,43.3,35.94,41.87,22.13,33.93,31.94,55.51,15.46,36.07,64.06,51.39,36.95,24.22
2020-04-17,37.28,41.22,33.55,53.53,19.8,29.02,37.05,73.94,12.02,42.81,74.26,50.1,40.74,25.98
2020-04-18,39.3,39.05,33.46,49.14,21.16,24.66,31.06,71.23,10.54,43.02,65.22666666666667,45.98,42.84,25.12
2020-04-19,40.56,36.3,37.03,40.53,21.52,24.31,39.95,62.46,10.53,43.02,56.19333333333334,58.19,28.32,23.68
2020-04-20,38.31,32.7,35.57,32.67,19.7,21.8,34.75,37.77,9.46,43.02,47.16000000000001,52.65,29.78,19.01
2020-04-21,38.23,31.78,38.09,48.56,22.41,20.2,23.31,66.92,10.7,43.02,38.12666666666668,58.62,32.43,18.71
2020-04-22,42.22,34.71,36.05,46.94,23.51,23.58,24.64,62.97,12.0,43.02,29.093333333333348,65.96,33.23,19.18
2020-04-23,43.6,38.1,34.28,43.99,24.39,23.42,33.3,55.3,9.79,43.02,20.06,53.95,29.95,21.01
2020-04-24,51.81,34.36,37.53,47.98,33.12,23.95,26.04,63.8,10.233333333333333,43.02,34.41,42.34,30.46,22.75
2020-04-25,41.74,30.95,41.7,54.53,24.99,24.59,23.44,73.49,10.676666666666666,43.02,27.14,48.04,30.76,31.0
2020-04-26,44.44,37.25,34.53,47.16,23.97,25.52,18.78,62.13,11.12,43.02,24.34,42.95,35.45,44.57
2020-04-27,52.46,33.06,37.34,53.43,23.11,26.87,23.31,67.03,20.53,44.12,27.77,49.23,42.41,36.76
2020-04-28,50.2,33.9,38.1,58.96,23.16,23.68,31.79,74.53,30.0,43.57,25.26,59.58,44.55,32.29
2020-04-29,54.81,30.77,45.0,58.57,23.39,29.77,33.08,66.09,20.17,43.57,27.76,64.5,38.97,34.99
2020-04-30,56.97,32.26,42.2,59.55,31.42,32.53,41.62,70.1,30.36,43.57,29.0,51.56,39.23,39.46
2020-05-01,49.97,40.97,50.88,56.81,28.24,27.21,42.44,79.99,28.84,43.57,33.27,43.9,34.11,37.13
2020-05-02,55.72,38.88,46.97,60.45,26.78,30.87,41.29,91.17,38.06,43.57,37.92,40.61,40.83,36.34
2020-05-03,54.35,39.28,45.9,49.04,28.22,30.42,50.51,72.95,22.73,26.82,50.53,51.96,38.72,31.83
2020-05-04,58.72,42.46,41.28,50.56,19.64,32.53,53.72,64.94,16.15,27.11,55.16,49.42,36.06,30.11
2020-05-05,54.8,43.07,42.79,52.12,21.55,32.74,49.78,67.79,13.88,27.1,87.88,52.07,42.54,13.04
2020-05-06,59.96,38.88,47.7,53.95,26.63,31.28,49.34,74.54,13.65,27.11,37.08,56.17,37.83,19.59
2020-05-07,58.31,34.69,43.98,73.11,33.77,26.6,37.71,83.29,18.67,37.82,40.96,53.48,29.32,19.9
2020-05-08,57.81,31.87,48.61,74.28,40.69,29.18,41.96,92.2,10.99,43.77,34.78,59.21,24.44,23.44
2020-05-09,52.49,30.1,42.92,76.32,44.38,31.69,51.9,100.91,11.38,43.73,46.48,50.36,26.44,24.81
2020-05-10,56.28,34.13,46.44,63.71,38.5,26.82,54.37,83.27,24.02,43.77,127.98,54.73,30.16,23.19
2020-05-11,57.55,35.18,40.83,64.6,33.78,27.77,37.65,70.79,11.15,43.77,76.08,58.73,24.78,20.46
2020-05-12,57.89,26.07,45.26,64.1,34.29,24.41,34.92,78.92,20.14,43.77,54.6,52.76,26.32,19.85
2020-05-13,52.31,27.46,43.23,52.2,31.25,25.87,42.33,73.47,14.28,43.77,66.84,57.77,27.01,19.71
2020-05-14,51.86,33.15,48.56,50.22,22.81,25.8,40.85,67.65,14.72,43.77,48.54,67.13,28.47,17.21
2020-05-15,61.79,25.11,43.18,53.08,22.08,27.84,37.98,77.07,17.92,43.77,36.11,76.26,34.35,21.83
2020-05-16,54.31,32.49,38.92,63.12,21.61,30.88,39.88,89.44,19.75,43.77,38.76,88.66,43.58,28.31
2020-05-17,55.52,36.41,39.6,59.79,22.52,31.95,47.84,63.65,17.14,43.77,41.24,69.98,48.44,29.87
2020-05-18,54.41,35.55,43.39,53.55,26.95,35.11,47.68,61.06,18.33,43.77,35.69,75.42,47.64,33.55
2020-05-19,59.05,27.88,48.74,57.05,28.31,33.8,46.38,61.72,24.73,52.91,17.74,67.08,37.95,51.22
2020-05-20,60.12,26.03,46.54,62.34,28.45,29.47,37.91,71.92,37.59,64.78,26.53,87.55,31.41,49.1
2020-05-21,62.4,26.55,57.0,62.56,35.42,32.1,39.83,71.0,33.44,64.78,26.98,68.88,32.17,50.56
2020-05-22,62.39,34.42,60.89,55.45,39.65,28.72,41.0,53.74,30.61,41.89,27.27,43.33,35.45,52.47
2020-05-23,55.64,39.84,46.91,41.87,36.74,35.2,32.27,51.48,37.58,17.0,28.15,46.8,25.23,50.76
2020-05-24,57.16,27.7,49.94,53.31,33.04,43.37,31.5,55.27,27.09,17.0,29.05,48.84,32.04,48.0
2020-05-25,57.53,33.26,49.76,54.74,31.37,38.23,28.41,55.55,24.62,17.0,26.12,47.5,21.75,40.43
2020-05-26,50.52,34.72,41.21,38.73,38.78,37.5,30.7,34.74,23.61,17.0,33.28,43.71,25.07,48.22
2020-05-27,54.58,26.83,39.81,66.77,37.29,40.38,32.5,69.11,28.8,17.0,61.05,48.85,27.19,24.36
2020-05-28,55.49,27.7,38.64,55.92,36.68,32.09,47.9,73.51,23.8,17.0,28.13,61.95,27.9,13.71
2020-05-29,44.9,25.16,57.6,47.48,36.09,30.78,40.16,70.04,24.1,17.0,61.56,82.35,24.31,17.45
2020-05-30,47.74,24.01,62.0,50.29,29.22,32.56,51.12,62.58,14.82,17.0,24.54,70.86,26.96,21.62
2020-05-31,53.06,25.66,47.36,42.29,26.35,25.41,55.78,64.29,17.49,17.0,34.43,65.28,34.17,21.51
2020-06-01,66.9,20.96,49.45,50.57,38.02,30.2,50.42,72.06,21.15,22.8,44.51,74.05,23.69,14.81
2020-06-02,34.26,17.46,53.61,50.06,40.95,29.86,34.91,64.49,19.68,28.48,142.2,75.03,16.83,18.39
2020-06-03,73.66,19.62,59.22,52.16,37.94,18.84,38.16,64.22,23.82,36.15,72.29,69.32,14.84,19.36
2020-06-04,56.78,17.73,60.66,39.14,39.31,21.39,26.23,52.81,25.56,33.88,29.56,63.54,8.66,18.72
2020-06-05,4.08,18.92,55.1,44.83,37.11,20.05,29.06,57.47,21.94,40.04,29.4,72.53,9.92,30.3
2020-06-06,40.28,18.22,52.89,51.46,30.8,17.59,21.9,64.64,28.86,39.85,34.49,71.75,23.05,35.22
2020-06-07,36.32,14.91,56.57,45.4,36.71,17.98,20.13,64.41,31.71,40.04,31.95,61.08,27.2,38.36
2020-06-08,30.16,16.9,46.75,51.77,34.27,16.57,24.1,64.5,36.65,39.64,33.81,54.43,24.13,38.42
2020-06-09,39.69,16.73,55.54,49.14,42.58,20.04,29.75,74.49,33.86,37.4275,32.89,57.35,20.87,40.05
2020-06-10,44.32,15.65,41.46,40.8,51.12,17.59,40.94,65.41,35.06,35.215,27.03,51.3,19.07,40.65
2020-06-11,37.38,12.9,46.53,40.63,44.3,13.48,31.17,67.71,26.59,33.002500000000005,19.01,54.61,16.1,42.45
2020-06-12,45.05,15.56,52.79,43.37,42.83,15.47,25.75,93.6,17.35,30.79,17.76,70.47,12.38,34.37
2020-06-13,30.53,15.52,51.41,34.95,47.41,16.2,22.01,91.81,27.24,32.52,15.4,78.89,17.69,35.22
2020-06-14,35.29,13.54,52.51,38.86,45.48,17.74,20.51,93.14,29.44,32.52,15.44,72.98,23.68,39.34
2020-06-15,33.59,16.22,51.3,48.39,48.03,15.24,18.5,94.84,28.63,32.52,15.91,71.61,21.01,33.82
2020-06-16,38.44,16.51,56.23,51.4,51.25,13.05,22.24,81.32,21.69,31.49,16.96,76.8,17.99,31.19
2020-06-17,18.2,13.01,53.18,48.72,46.7,14.37,16.42,79.58,26.09,16.56,20.05,74.1,15.06,29.47
2020-06-18,75.83,12.63,73.43,47.98,51.53,13.99,13.52,69.32,27.65,16.48,24.53,53.48,19.28,31.9
2020-06-19,40.03,12.34,52.41,40.95,48.21,12.04,15.81,62.43,27.34,16.48,29.79,56.55,20.45,31.37
2020-06-20,46.04,14.16,61.97,36.24,54.11,13.86,23.19,55.44,41.97,16.48,20.86,59.19,20.2,41.25
2020-06-21,57.31,13.37,59.9,33.92,49.52,14.47,16.65,66.63,38.27,16.48,17.26,45.49,20.74,34.95
2020-06-22,45.85,13.04,71.42,42.76,49.16,15.94,20.83,79.1,34.85,16.48,61.83,53.53,23.96,30.15
2020-06-23,64.75,17.72,69.77,28.64,47.86,16.49,25.08,54.24,43.27,16.48,83.05,64.22,26.45,39.82
2020-06-24,43.31,18.26,70.18,24.77,47.33,20.81,28.08,49.35,35.12,16.48,24.42,46.24,23.23,38.01
2020-06-25,40.54,19.58,69.8,25.92,42.23,23.48,14.75,45.86,29.38,16.48,25.86,45.26,27.5,39.32
2020-06-26,44.47,19.53,66.85,24.82,46.84,24.41,19.42,32.75,19.9,16.48,111.93,39.55,30.8,25.96
2020-06-27,68.05,15.69,68.51,18.88,56.36,24.22,23.39,19.54,23.3,16.48,87.92,39.12,29.89,33.76
2020-06-28,26.34,17.59,77.45,18.05,56.4,22.25,17.37,17.28,30.14,16.48,69.95,34.4,27.73,37.34
2020-06-29,34.99,16.99,62.57,26.61,43.61,19.98,17.5,36.5,30.96,16.48,57.76,39.21,25.61,43.29
2020-06-30,41.64,16.08,68.75,37.29,41.17,17.4,21.7,58.07,28.3,16.48,30.12,50.71,26.0,45.32
2020-07-01,9.69,15.4,48.37,29.73,36.07,13.2,25.76,44.14,17.05,16.48,18.23,53.68,22.1,29.15
