Date,Ahmedabad,Delhi,Hyderabad,Patna,Visakhapatnam,Amritsar
2017-07-01,,,0.1,0.0,0.0,0.44
2017-07-02,,,0.01,0.0,0.0,0.29
2017-07-03,,,0.55,0.0,0.0,0.54
2017-07-04,,,0.18,0.0,0.0,0.995
2017-07-05,,,0.23,0.0,0.0,1.45
2017-07-06,,,5.74,0.0,0.0,
2017-07-07,,,2.26,0.0,0.0,
2017-07-08,,,1.05,0.0,0.0,
2017-07-09,,,0.67,0.0,0.0,
2017-07-10,,,1.27,0.0,0.0,
2017-07-11,,,2.42,0.0,0.0,
2017-07-12,,,0.54,0.0,0.0,
2017-07-13,,,0.42,0.0,0.0,
2017-07-14,,,0.57,0.0,0.0,2.23
2017-07-15,,,0.24,0.0,0.0,0.54
2017-07-16,,,0.06,0.0,0.0,0.44
2017-07-17,,,0.66,0.0,0.0,0.27
2017-07-18,,,0.19,0.0,0.0,0.1
2017-07-19,,,0.15,0.0,0.0,0.32
2017-07-20,,,0.07,0.0,0.0,0.59
2017-07-21,,,0.14,0.0,0.0,0.5
2017-07-22,,,0.06,0.0,0.0,0.17
2017-07-23,,,0.04,0.0,0.0,
2017-07-24,,,0.09,0.0,0.0,
2017-07-25,,,0.29,0.0,0.0,
2017-07-26,,,1.6,0.0,0.0,
2017-07-27,,,0.59,0.0,0.0,
2017-07-28,,,0.71,0.0,0.0,
2017-07-29,,,1.11,0.0,0.0,0.1
2017-07-30,,,1.34,0.0,0.0,0.21
2017-07-31,,,2.84,0.0,0.0,0.85
2017-08-01,,,2.65,0.0,0.0,0.46
2017-08-02,,,0.88,0.0,0.0,
2017-08-03,,,0.18,0.0,0.0,
2017-08-04,,,0.43,0.0,0.0,
2017-08-05,,,1.11,0.0,0.0,
2017-08-06,,,0.49,0.0,0.0,
2017-08-07,,,1.63,0.0,0.0,
2017-08-08,,,2.74,0.0,0.0,4.35
2017-08-09,,,0.88,0.0,0.0,3.01
2017-08-10,,,0.38,0.0,0.0,1.67
2017-08-11,,,0.87,0.0,0.0,2.64
2017-08-12,,,0.71,0.0,0.0,53.59
2017-08-13,,,0.41,0.0,0.0,25.73
2017-08-14,,,1.13,0.0,0.0,16.32
2017-08-15,,,0.74,0.0,0.0,20.66
2017-08-16,,,0.84,0.0,0.0,17.03
2017-08-17,,,0.99,0.0,0.0,19.21
2017-08-18,,,1.15,,0.0,23.76
2017-08-19,,,0.34,,0.0,25.23
2017-08-20,,,0.09,,0.0,19.06
2017-08-21,,,0.2,,0.0,19.74
2017-08-22,,,0.48,,0.0,21.26
2017-08-23,,,1.58,,0.0,16.37
2017-08-24,,,1.74,,0.0,17.46
2017-08-25,,,0.51,,0.0,16.79
2017-08-26,,,0.82,,0.0,20.39
2017-08-27,,,0.58,,0.0,20.63
2017-08-28,,,0.3,,0.0,19.23
2017-08-29,,,0.18,,0.0,16.93
2017-08-30,,0.0,0.16,,0.0,18.06
2017-08-31,,0.19,0.7,,0.0,18.17
2017-09-01,,0.23,1.69,,0.0,23.24
2017-09-02,,0.184,2.33,,0.0,17.52
2017-09-03,,0.138,0.4,,0.0,19.17
2017-09-04,,0.092,0.91,,0.0,18.41
2017-09-05,,0.046,2.2,,0.0,18.6
2017-09-06,,0.0,1.88,0.0,0.0,18.5
2017-09-07,,,1.4,0.0,0.0,21.24
2017-09-08,,,0.59,0.0,0.0,20.46
2017-09-09,,,0.21,0.0,0.0,21.03
2017-09-10,,,0.26,0.0,0.0,25.66
2017-09-11,,,0.25,0.0,0.0,18.18
2017-09-12,,,0.23,0.0,0.0,17.88
2017-09-13,,,0.72,0.0,0.0,18.2
2017-09-14,,,0.83,0.0,0.0,17.91
2017-09-15,,,1.44,0.0,0.0,19.6
2017-09-16,,,0.84,0.0,0.0,18.02
2017-09-17,,,0.25,0.0,0.0,15.68
2017-09-18,,,0.21,0.0,0.0,20.47
2017-09-19,,,0.06,0.0,0.0,16.76
2017-09-20,,,0.05,0.0,0.0,16.07
2017-09-21,,,0.06,0.0,0.0,15.93
2017-09-22,,,0.32,0.0,0.0,18.09
2017-09-23,,,0.79,0.0,0.0,14.53
2017-09-24,,,2.74,0.0,0.0,15.45
2017-09-25,,,0.93,0.0,0.0,17.17
2017-09-26,0.0,0.13,1.29,0.08,0.0,17.17
2017-09-27,0.0,0.12,3.95,0.09,0.0,17.16
2017-09-28,0.0,0.11,1.36,0.29,0.0,17.26
2017-09-29,0.0,0.13,0.43,0.02,0.0,17.29
2017-09-30,,0.1,0.34,0.03,0.0,24.69
2017-10-01,,0.03,0.48,0.12,0.36,6.61
2017-10-02,,0.05,0.28,0.11,0.14,2.34
2017-10-03,,0.1,0.65,0.12,0.41,2.21
2017-10-04,,0.08,2.06,0.24,1.28,5.67
2017-10-05,,0.09,5.94,0.19,0.11,3.03
2017-10-06,,0.15,1.49,0.17,0.56,4.69
2017-10-07,,0.09,2.64,0.08,0.57,2.31
2017-10-08,,0.09,0.96,0.2,0.21,0.0
2017-10-09,,0.09,0.9,0.17,0.22,6.65
2017-10-10,1.11,0.1,0.25,0.02,0.0,0.0
2017-10-11,0.64,0.1,0.52,0.06,0.0,0.0
2017-10-12,,0.08,0.92,0.02,0.0,0.0
2017-10-13,,0.09,0.03,0.05,0.0,0.0
2017-10-14,,0.09,0.0,0.04,0.0,0.0
2017-10-15,,0.09,0.0,0.13,0.0,0.0
2017-10-16,,0.09,0.43,0.14,0.0,0.0
2017-10-17,,0.09,0.07,0.08,0.0,0.0
2017-10-18,2.43,0.08,0.98,0.03,0.0,0.0
2017-10-19,1.925,0.08,2.01,0.17,2.12,13.24
2017-10-20,1.42,0.07,0.07,0.01,0.1,28.33
2017-10-21,2.42,0.07,0.06,0.07,0.34,27.97
2017-10-22,1.19,0.08,0.0,0.0,0.0,28.02
2017-10-23,0.92,0.09,1.08,0.16,0.15,26.67
2017-10-24,1.19,0.07,0.16,0.34,0.01,24.64
2017-10-25,2.13,0.07,0.0,0.37,0.0,27.32
2017-10-26,3.38,0.07,0.01,0.35,0.0,27.68
2017-10-27,4.05,0.06,0.21,0.26,0.02,25.08
2017-10-28,2.37,0.07,2.02,0.32,0.0,25.99
2017-10-29,3.75,0.08,0.02,0.44,0.0,26.57
2017-10-30,2.455,0.09,0.0,0.2,0.0,25.97
2017-10-31,1.16,0.08,5.25,0.22,1.11,26.31
2017-11-01,0.0,0.07,6.16,0.0,1.07,25.7
2017-11-02,0.0,0.07,4.5,0.18,1.1,26.93
2017-11-03,3.37,0.07,5.14,0.31,0.85,26.31
2017-11-04,5.22,0.07,3.75,0.68,0.83,29.17
2017-11-05,6.02,0.08,2.52,0.6,0.49,28.23
2017-11-06,14.62,0.07,3.17,0.46,1.04,26.22
2017-11-07,39.38,0.06,8.32,0.42,1.01,25.01
2017-11-08,51.5,0.06,6.02,0.55,0.99,25.25
2017-11-09,44.36,0.07,5.94,0.57,1.15,26.66
2017-11-10,39.8,0.08,3.52,0.87,1.04,26.69
2017-11-11,40.55,0.06,2.78,0.84,0.93,25.83
2017-11-12,0.0,0.06,4.07,0.55,0.53,24.9
2017-11-13,8.3,0.08,5.29,0.7,0.62,24.27
2017-11-14,32.14,0.07,6.43,3.5,1.09,23.97
2017-11-15,24.73,0.07,2.76,3.59,1.05,22.83
2017-11-16,6.98,0.12,1.81,2.39,1.45,24.21
2017-11-17,4.07,0.18,3.03,2.36,1.68,20.58
2017-11-18,3.84,0.08,2.92,3.59,1.19,14.11
2017-11-19,3.58,0.09,4.05,3.46,0.66,13.38
2017-11-20,81.26,0.1,9.33,1.69,0.83,15.21
2017-11-21,32.4,0.1,6.5,1.44,0.83,15.94
2017-11-22,37.06,0.1,3.1,1.64,1.09,17.21
2017-11-23,5.8,0.1,3.03,1.29,1.81,15.67
2017-11-24,5.88,0.11,2.49,2.9,1.94,17.59
2017-11-25,4.42,0.1,1.8,2.4,1.07,18.47
2017-11-26,16.9,0.1,1.91,3.12,1.1,18.92
2017-11-27,7.32,0.1,5.78,2.1,1.98,16.8
2017-11-28,8.85,0.1,8.15,2.55,3.56,18.88
2017-11-29,12.9,0.11,4.56,5.41,2.13,19.51
2017-11-30,24.51,0.1,3.69,7.2,1.13,20.81
2017-12-01,21.26,0.1,3.83,5.19,1.73,22.35
2017-12-02,7.27,0.1,3.93,7.22,0.69,19.74
2017-12-03,3.59,0.1,2.99,4.05,0.67,20.02
2017-12-04,4.86,0.1,2.43,3.5,1.04,16.63
2017-12-05,16.69,0.1,2.1,4.19,1.87,15.93
2017-12-06,3.73,0.12,2.52,4.08,2.23,11.05
2017-12-07,9.9,0.1,3.9,3.64,1.12,15.73
2017-12-08,10.1,0.1,3.66,3.55,1.27,18.04
2017-12-09,9.42,0.18,4.67,4.54,1.32,19.51
2017-12-10,14.29,0.25,2.35,2.81,1.9,17.46
2017-12-11,17.99,0.1,4.75,3.33,1.45,13.09
2017-12-12,28.35,0.11,6.17,2.57,1.67,11.12
2017-12-13,3.92,0.11,4.66,2.0,2.33,16.32
2017-12-14,3.21,0.11,3.88,1.74,0.93,22.25
2017-12-15,8.36,0.11,3.83,1.67,1.31,
2017-12-16,3.29,0.1,5.63,1.53,3.08,
2017-12-17,3.21,0.12,5.32,1.47,2.4,
2017-12-18,9.93,0.1,2.12,2.65,1.65,
2017-12-19,12.11,0.1,3.48,2.08,1.29,
2017-12-20,8.47,0.05,9.3,3.79,1.87,
2017-12-21,7.72,0.08,6.21,2.59,1.46,19.43
2017-12-22,5.22,0.19,7.58,1.82,2.32,7.89
2017-12-23,20.17,0.28,5.62,1.88,3.09,8.95
2017-12-24,17.71,1.04,4.49,1.3,2.09,10.23
2017-12-25,17.33,0.39,4.73,2.36,1.2,11.68
2017-12-26,11.46,0.42,4.36,1.73,2.26,12.87
2017-12-27,16.78,0.03,4.42,2.26,1.72,13.57
2017-12-28,26.51,0.0,5.69,3.34,2.68,9.38
2017-12-29,17.48,0.77,5.15,1.83,1.71,7.86
2017-12-30,9.53,1.18,4.63,2.08,1.01,9.95
2017-12-31,6.52,0.35,5.0,1.29,0.56,12.85
2018-01-01,6.33,0.24,3.74,1.1,0.66,10.61
2018-01-02,7.48,0.27,3.19,1.9,0.73,9.71
2018-01-03,9.5,0.21,5.07,1.82,1.65,5.67
2018-01-04,11.29,0.39,7.64,1.41,2.4,
2018-01-05,9.93,0.26,6.1,1.44,3.35,
2018-01-06,11.11,0.42,8.02,1.32,3.95,
2018-01-07,10.21,0.22,4.23,1.31,3.5,
2018-01-08,6.42,0.34,2.89,1.98,2.42,
2018-01-09,4.21,0.68,2.85,1.61,0.8,
2018-01-10,8.0,0.7,2.89,1.56,1.99,
2018-01-11,18.01,0.7,6.5,1.46,2.61,0.0
2018-01-12,16.31,1.39,6.66,1.31,2.76,5.61
2018-01-13,13.48,4.23,4.92,1.31,1.74,9.68
2018-01-14,10.19,1.71,5.41,1.0,2.3,8.75
2018-01-15,7.45,1.26,2.17,1.42,1.9,7.29
2018-01-16,13.33,0.4,11.61,2.39,1.77,10.69
2018-01-17,13.5,0.32,4.24,2.32,1.84,7.3
2018-01-18,9.53,0.05,8.02,1.91,1.79,6.48
2018-01-19,9.84,0.0,6.24,2.85,2.23,5.88
2018-01-20,24.42,0.0,10.57,1.72,2.66,6.38
2018-01-21,48.76,0.0,5.37,1.4,2.03,7.13
2018-01-22,4.11,0.0,4.31,1.98,2.11,6.37
2018-01-23,7.73,0.0,4.47,2.73,3.01,5.88
2018-01-24,18.66,0.0,4.5,2.36,2.715,5.28
2018-01-25,29.73,0.3,6.98,1.27,2.42,6.53
2018-01-26,20.09,0.6,8.14,0.8,2.125,5.08
2018-01-27,5.82,0.52,7.51,1.55,1.83,5.29
2018-01-28,12.69,0.84,5.89,1.89,2.54,5.82
2018-01-29,13.38,0.76,3.9,1.81,2.99,6.12
2018-01-30,19.45,0.49,5.56,2.11,6.39,7.04
2018-01-31,8.79,0.38,10.09,1.93,3.84,6.53
2018-02-01,3.21,0.62,6.12,1.61,3.85,7.08
2018-02-02,3.21,0.79,9.58,1.76,4.88,6.0
2018-02-03,3.21,0.45,8.68,2.52,4.8,7.37
2018-02-04,3.21,0.4,4.52,1.98,4.31,5.76
2018-02-05,3.21,0.36,1.65,1.28,4.76,6.23
2018-02-06,3.21,0.42,4.35,0.97,6.18,6.61
2018-02-07,3.21,0.36,7.84,0.85,3.81,6.05
2018-02-08,3.21,0.78,3.39,0.84,3.29,6.4
2018-02-09,3.21,0.61,3.35,0.77,3.86,6.94
2018-02-10,3.21,1.21,3.04,0.71,2.86,7.0
2018-02-11,3.21,0.67,1.49,0.83,1.92,6.14
2018-02-12,3.21,0.29,0.86,1.56,1.52,5.0
2018-02-13,3.21,0.35,1.1,1.22,1.3,4.98
2018-02-14,3.21,0.23,2.19,0.88,1.8,5.08
2018-02-15,3.21,0.16,2.42,0.68,4.97,5.37
2018-02-16,3.21,0.21,2.48,0.87,3.92,5.87
2018-02-17,3.21,0.33,2.83,0.79,4.18,6.21
2018-02-18,3.21,0.31,4.02,0.96,2.18,6.1
2018-02-19,3.21,0.79,1.72,1.71,2.72,6.35
2018-02-20,10.93,0.53,1.86,1.49,3.43,6.1
2018-02-21,29.26,0.93,2.73,1.55,4.3,6.06
2018-02-22,30.26,0.55,2.14,1.69,3.6,5.83
2018-02-23,40.05,0.0,2.22,1.47,3.38,5.94
2018-02-24,28.19,0.27,1.41,1.55,9.54,5.48
2018-02-25,16.33,0.2,2.2,1.17,8.39,5.335000000000001
2018-02-26,15.72,0.05,3.72,1.12,4.33,5.19
2018-02-27,18.38,0.06,3.91,0.8,3.35,5.83
2018-02-28,18.76,0.26,3.94,0.87,3.96,5.89
2018-03-01,17.01,0.56,3.4,0.74,3.79,6.22
2018-03-02,16.62,0.77,2.57,0.53,2.52,4.94
2018-03-03,13.17,0.57,1.75,0.36,2.28,5.72
2018-03-04,12.58,0.14,1.92,0.59,2.05,5.17
2018-03-05,11.58,0.0,1.85,0.69,2.99,5.16
2018-03-06,19.35,0.0,1.34,0.62,2.12,3.68
2018-03-07,13.31,0.0,1.67,0.74,3.57,1.86
2018-03-08,13.24,0.0,1.75,0.98,1.57,1.25
2018-03-09,16.0,0.0,1.94,0.84,1.34,0.85
2018-03-10,25.67,0.0,1.72,0.7,3.4,0.72
2018-03-11,25.34,0.0,1.13,0.64,2.71,0.85
2018-03-12,9.42,0.0,1.38,0.85,2.7,1.25
2018-03-13,11.7,0.0,1.41,0.84,3.05,1.38
2018-03-14,6.01,0.0,2.25,1.08,3.14,0.95
2018-03-15,8.02,0.0,1.21,0.98,2.89,0.65
2018-03-16,13.9,0.0,1.92,0.93,1.87,0.76
2018-03-17,9.61,0.0,1.92,0.79,4.33,0.72
2018-03-18,9.89,0.0,0.93,0.66,3.0,0.9
2018-03-19,5.03,0.0,1.37,0.81,2.13,0.79
2018-03-20,4.58,0.0,1.57,0.93,2.33,0.96
2018-03-21,6.0,0.0,1.98,0.92,3.03,1.35
2018-03-22,3.79,0.0,3.12,1.36,2.61,1.55
2018-03-23,3.21,0.0,4.81,1.57,2.44,1.63
2018-03-24,3.21,0.0,4.59,0.91,2.04,3.23
2018-03-25,3.21,0.0,3.08,0.83,1.15,2.21
2018-03-26,3.21,0.0,1.94,0.89,2.21,4.11
2018-03-27,6.99,0.0,1.71,1.24,2.8,1.88
2018-03-28,6.18,0.0,1.85,1.77,2.41,
2018-03-29,8.29,0.0,3.44,1.71,2.2,
2018-03-30,10.61,0.0,2.26,0.88,2.01,
2018-03-31,4.39,0.0,1.5,0.78,2.79,
2018-04-01,7.55,0.0,1.15,0.66,2.46,
2018-04-02,8.65,0.0,2.85,0.65,1.9,
2018-04-03,4.76,0.0,5.55,1.01,2.18,
2018-04-04,5.67,0.0,1.55,1.02,2.23,
2018-04-05,8.47,0.0,1.59,1.07,2.29,
2018-04-06,3.88,0.0,1.82,0.97,2.21,
2018-04-07,5.49,0.0,3.99,1.54,2.96,
2018-04-08,4.75,0.0,2.84,1.69,1.36,
2018-04-09,3.49,0.0,1.46,1.14,3.18,
2018-04-10,3.85,0.0,2.1,1.0,4.43,
2018-04-11,3.21,0.0,1.18,0.94,2.59,
2018-04-12,3.63,0.0,1.53,0.89,2.18,
2018-04-13,7.05,0.0,1.26,0.98,3.96,
2018-04-14,5.64,0.0,0.51,1.1,2.54,
2018-04-15,4.58,0.0,0.89,1.18,1.93,
2018-04-16,5.94,0.0,2.22,0.85,2.09,
2018-04-17,3.73,0.0,1.31,1.14,3.14,
2018-04-18,6.85,0.0,2.46,1.08,2.83,
2018-04-19,4.64,0.0,2.38,0.99,2.31,
2018-04-20,3.21,0.0,4.15,0.81,2.95,
2018-04-21,3.21,0.0,4.97,0.79,2.59,
2018-04-22,5.1,0.0,1.5,1.0,1.63,
2018-04-23,8.15,0.0,0.45,0.71,3.8,
2018-04-24,9.05,0.0,1.36,1.14,2.83,
2018-04-25,10.88,0.0,0.71,1.46,3.62,
2018-04-26,3.76,0.0,0.94,0.82,2.71,
2018-04-27,5.85,0.0,1.44,0.64,1.97,
2018-04-28,3.34,0.0,0.51,0.58,1.96,
2018-04-29,3.21,0.0,0.76,0.48,1.62,
2018-04-30,2.51,0.0,1.59,0.48,2.33,
2018-05-01,0.65,0.0,1.32,0.43,2.22,
2018-05-02,0.65,0.0,0.78,17.776666666666667,4.09,
2018-05-03,0.65,0.0,0.51,35.123333333333335,5.86,
2018-05-04,0.65,0.0,0.58,52.47,3.37,
2018-05-05,1.79,0.0,0.37,34.71,2.45,
2018-05-06,0.65,0.0,0.25,26.17,1.85,
2018-05-07,0.65,0.0,0.66,31.29,2.5,
2018-05-08,0.65,0.0,1.99,38.93,2.64,
2018-05-09,1.04,0.0,0.93,33.38,2.72,
2018-05-10,4.61,0.0,0.95,32.03,2.92,
2018-05-11,0.65,0.0,1.18,29.21,2.08,
2018-05-12,0.65,0.0,0.95,25.09,2.39,
2018-05-13,0.65,0.0,0.55,21.94,1.73,
2018-05-14,0.65,0.0,0.47,21.73,3.32,
2018-05-15,0.65,0.0,0.49,26.03,4.13,
2018-05-16,0.96,0.0,0.76,27.05,2.86,
2018-05-17,0.82,0.0,0.82,25.58,2.24,6.26
2018-05-18,0.65,0.0,0.88,28.55,2.71,6.23
2018-05-19,0.93,0.0,1.58,26.05,2.45,5.36
2018-05-20,0.87,0.0,0.62,20.34,1.69,5.54
2018-05-21,0.65,0.0,0.63,26.77,3.79,5.8
2018-05-22,0.65,0.0,0.44,25.77,2.07,5.98
2018-05-23,1.37,0.0,1.57,27.25,1.78,5.85
2018-05-24,0.65,0.0,1.7,26.09,2.22,5.78
2018-05-25,3.43,0.0,2.17,29.07,1.12,5.88
2018-05-26,4.78,0.0,0.53,23.05,1.76,5.77
2018-05-27,0.87,0.0,0.69,19.16,1.27,5.5
2018-05-28,0.65,0.0,0.72,24.9,2.56,5.75
2018-05-29,0.65,0.0,1.54,30.04,2.36,5.52
2018-05-30,1.97,0.0,0.66,32.04,2.15,5.17
2018-05-31,0.88,0.0,0.58,31.36,1.71,4.97
2018-06-01,0.65,0.0,2.16,22.49,2.14,4.6
2018-06-02,0.65,0.0,1.79,25.71,2.58,4.78
2018-06-03,0.65,0.0,0.5,22.35,4.47,5.24
2018-06-04,0.65,0.0,1.23,23.57,1.65,4.03
2018-06-05,0.65,0.0,1.45,27.67,3.71,4.18
2018-06-06,0.65,0.0,1.45,27.91,3.4,4.275
2018-06-07,0.65,0.0,0.71,31.27,2.39,4.37
2018-06-08,0.65,0.0,1.78,25.25,4.2,5.3
2018-06-09,0.65,0.0,1.62,21.51,2.92,4.35
2018-06-10,2.75,0.0,0.6,18.18,1.69,5.12
2018-06-11,1.03,0.0,0.7,26.78,2.06,4.38
2018-06-12,1.39,0.0,1.45,29.14,3.89,8.83
2018-06-13,0.72,0.0,0.73,27.25,3.07,5.89
2018-06-14,1.17,0.0,0.5,31.26,3.34,4.57
2018-06-15,0.84,0.0,0.48,32.98,2.82,4.49
2018-06-16,1.3,0.0,0.37,25.77,1.81,4.6
2018-06-17,0.94,0.0,0.31,22.67,1.73,5.09
2018-06-18,0.96,0.0,0.39,26.12,1.65,4.89
2018-06-19,0.8,0.03,0.21,27.06,1.57,4.7
2018-06-20,1.15,0.0,0.22,20.81,3.82,4.89
2018-06-21,1.88,0.0,0.39,19.29,2.35,4.66
2018-06-22,1.39,21.62,1.22,21.725,3.13,5.41
2018-06-23,1.1,18.61,1.61,24.16,2.54,4.98
2018-06-24,13.73,7.98,0.26,16.5,2.01,5.07
2018-06-25,2.56,2.05,0.21,14.0,3.44,3.45
2018-06-26,0.65,0.76,0.19,8.19,4.36,4.72
2018-06-27,1.1,1.31,0.28,14.05,4.88,3.58
2018-06-28,5.67,0.44,0.31,12.75,3.46,3.26
2018-06-29,1.54,1.01,0.29,14.54,4.8,3.84
2018-06-30,2.85,1.02,0.43,15.07,3.13,4.51
2018-07-01,1.19,1.0,0.32,12.91,3.78,5.27
2018-07-02,1.11,0.37,0.29,11.66,2.67,4.4
2018-07-03,0.65,1.98,0.68,8.29,4.1,3.6
2018-07-04,0.65,5.74,1.26,8.47,3.88,3.96
2018-07-05,5.26,14.04,0.31,9.98,3.92,4.11
2018-07-06,0.8,3.26,8.65,15.62,4.39,4.54
2018-07-07,6.37,2.46,9.5,18.13,4.28,5.01
2018-07-08,2.86,2.62,2.41,19.36,2.66,4.42
2018-07-09,1.92,1.01,1.61,25.86,3.21,3.31
2018-07-10,0.75,0.24,0.35,17.37,3.3,3.85
2018-07-11,1.07,0.39,5.29,19.97,4.14,3.95
2018-07-12,2.52,1.1,0.6,17.21,5.21,3.73
2018-07-13,0.65,0.99,0.25,17.56,3.81,2.14
2018-07-14,0.94,1.03,0.69,16.1,4.64,3.06
2018-07-15,0.65,0.41,0.38,14.98,3.64,5.49
2018-07-16,0.65,1.3,0.34,16.35,3.96,5.09
2018-07-17,6.65,0.85,0.27,14.92,3.48,4.28
2018-07-18,0.65,0.83,4.49,16.44,3.03,3.01
2018-07-19,0.65,0.47,2.47,18.94,3.19,4.41
2018-07-20,1.16,0.91,0.34,16.19,4.8,6.09
2018-07-21,0.9,0.88,3.97,15.04,5.72,8.48
2018-07-22,1.03,0.63,0.55,12.44,4.27,8.49
2018-07-23,0.79,0.48,0.28,12.9,3.73,6.25
2018-07-24,0.79,0.45,0.54,12.3,3.78,3.58
2018-07-25,0.72,0.56,0.29,8.43,3.86,4.75
2018-07-26,0.65,0.6,0.26,11.31,4.68,1.92
2018-07-27,0.65,0.54,0.39,11.48,3.64,3.61
2018-07-28,0.65,0.45,0.41,11.95,3.5,7.89
2018-07-29,0.65,0.44,0.53,8.37,2.21,10.86
2018-07-30,0.65,0.29,0.53,8.43,7.91,12.12
2018-07-31,0.65,0.57,0.72,8.94,3.94,7.91
2018-08-01,0.65,0.28,3.86,7.13,3.93,7.34
2018-08-02,0.65,0.31,2.86,12.1,2.71,7.84
2018-08-03,0.65,0.21,9.83,12.81,3.52,11.38
2018-08-04,0.65,0.33,2.39,10.83,4.99,5.86
2018-08-05,0.65,0.4,1.0,10.9,2.58,8.64
2018-08-06,0.65,0.49,0.44,14.73,4.94,7.62
2018-08-07,0.65,0.59,0.64,17.74,4.14,7.2
2018-08-08,0.65,0.58,0.73,18.76,4.84,6.75
2018-08-09,0.65,0.47,2.69,16.18,3.73,5.88
2018-08-10,0.65,0.33,4.27,15.49,3.98,9.18
2018-08-11,0.65,0.27,0.98,16.26,4.38,11.65
2018-08-12,0.65,0.1,0.37,14.59,3.27,11.65
2018-08-13,0.65,0.09,0.28,19.19,6.34,8.93
2018-08-14,0.65,0.19,4.19,17.64,7.4,10.34
2018-08-15,0.65,0.07,0.54,13.99,6.275,11.11
2018-08-16,0.65,0.11,0.15,12.58,5.15,7.36
2018-08-17,0.65,0.23,0.22,13.59,3.77,10.23
2018-08-18,3.17,0.05,0.21,17.87,4.01,11.03
2018-08-19,16.89,0.03,1.33,17.28,1.59,10.81
2018-08-20,0.65,0.12,0.16,16.53,5.84,8.03
2018-08-21,0.65,0.09,0.1,14.03,3.18,4.98
2018-08-22,0.65,0.05,0.18,13.79,3.4,6.46
2018-08-23,1.07,0.04,0.22,13.67,2.88,7.12
2018-08-24,0.65,0.16,1.41,17.94,1.94,9.67
2018-08-25,0.65,0.03,3.26,17.22,5.85,7.516666666666667
2018-08-26,0.65,0.08,1.4,15.04,19.16,5.363333333333333
2018-08-27,1.02,0.07,0.73,15.42,32.47,3.21
2018-08-28,0.79,0.09,4.2,15.1,5.54,5.75
2018-08-29,0.65,0.08,1.87,12.15,4.79,11.83
2018-08-30,0.83,0.2,10.26,17.68,3.82,7.52
2018-08-31,0.65,0.12,19.1,19.06,6.18,4.19
2018-09-01,0.65,0.04,10.98,17.41,6.08,7.26
2018-09-02,0.65,0.15,1.95,12.84,2.99,1.93
2018-09-03,0.65,0.79,1.42,11.66,3.61,5.56
2018-09-04,0.65,0.13,9.86,12.52,3.87,5.25
2018-09-05,0.65,0.08,19.46,13.53,4.39,4.11
2018-09-06,0.65,0.03,21.59,17.03,4.87,6.87
2018-09-07,0.65,0.28,7.09,14.55,4.82,7.52
2018-09-08,0.65,0.06,0.39,13.21,3.14,8.23
2018-09-09,0.65,0.14,0.58,10.57,3.55,11.46
2018-09-10,0.65,0.23,6.36,7.64,3.25,11.24
2018-09-11,0.65,0.06,2.91,6.87,4.08,11.58
2018-09-12,0.65,0.03,8.14,6.15,4.25,9.22
2018-09-13,0.65,0.03,8.36,7.7,2.53,8.54
2018-09-14,0.65,0.07,7.44,8.63,4.48,9.74
2018-09-15,0.65,0.12,5.4,8.03,6.08,10.03
2018-09-16,0.65,0.0,7.68,7.99,5.44,10.48
2018-09-17,0.65,0.01,1.23,10.22,3.96,10.36
2018-09-18,0.65,0.0,4.07,11.18,5.14,10.57
2018-09-19,0.65,0.0,7.6,13.06,4.65,10.75
2018-09-20,0.65,0.01,12.12,17.18,4.42,10.58
2018-09-21,0.65,0.01,1.25,13.1,2.75,10.26
2018-09-22,0.65,0.01,0.59,11.96,2.73,9.23
2018-09-23,0.65,0.0,0.78,10.09,3.97,7.31
2018-09-24,0.65,0.0,1.5,11.44,2.71,6.79
2018-09-25,0.65,0.01,3.13,11.9,2.89,12.25
2018-09-26,0.65,0.01,9.91,11.19,4.23,15.71
2018-09-27,0.65,0.06,2.19,8.25,4.6,13.8
2018-09-28,0.65,0.12,14.97,9.66,2.91,15.15
2018-09-29,0.65,0.1,24.06,7.7,3.56,14.48
2018-09-30,0.65,0.03,15.5,5.65,2.39,15.52
2018-10-01,0.65,0.04,2.79,6.31,2.68,15.25
2018-10-02,1.28,0.04,5.23,6.64,4.5,15.23
2018-10-03,3.3,0.32,1.19,9.21,2.01,14.76
2018-10-04,4.34,1.1,1.33,11.24,4.11,13.28
2018-10-05,4.34,1.64,1.37,11.6,3.98,8.32
2018-10-06,5.84,0.83,5.93,8.99,5.1,12.6
2018-10-07,7.16,0.57,6.31,7.71,2.67,14.68
2018-10-08,7.16,0.82,3.19,10.06,2.22,10.72
2018-10-09,7.16,0.73,18.56,14.79,2.6,8.76
2018-10-10,7.16,0.61,28.24,15.34,3.41,10.38
2018-10-11,7.16,0.41,24.01,13.19,5.2,7.66
2018-10-12,7.16,0.66,19.53,13.94,3.65,12.73
2018-10-13,7.16,1.96,14.77,11.4,2.26,14.86
2018-10-14,7.16,1.1,14.87,7.46,3.73,14.5
2018-10-15,7.16,1.22,2.0,7.67,4.86,10.83
2018-10-16,7.16,3.04,2.12,7.28,3.34,7.83
2018-10-17,7.16,1.98,1.68,10.19,2.59,9.42
2018-10-18,7.16,3.63,1.17,15.12,5.72,10.72
2018-10-19,7.16,1.9,2.31,12.58,4.89,10.52
2018-10-20,7.16,1.57,5.02,9.21,4.47,9.03
2018-10-21,7.16,1.59,5.56,11.05,5.09,12.19
2018-10-22,7.16,1.88,7.44,12.18,4.12,11.45
2018-10-23,7.16,2.39,3.97,14.32,5.88,9.5
2018-10-24,7.16,4.26,7.03,10.68,5.26,8.39
2018-10-25,7.16,3.59,6.28,13.87,6.04,10.25
2018-10-26,7.16,4.01,2.37,19.37,3.33,11.32
2018-10-27,7.16,3.47,13.98,19.03,4.8,11.77
2018-10-28,7.16,3.28,10.85,14.99,1.27,13.46
2018-10-29,33.44,3.04,5.56,14.97,1.4,11.44
2018-10-30,109.23,3.69,8.99,15.7,1.39,9.24
2018-10-31,3.27,3.41,14.01,16.14,1.41,11.31
2018-11-01,7.26,3.76,8.22,21.2,1.4,9.26
2018-11-02,6.95,2.6,5.21,18.39,1.5,6.98
2018-11-03,15.09,0.89,1.46,13.87,1.27,8.81
2018-11-04,53.35,0.31,0.95,17.58,0.95,2.86
2018-11-05,26.9,0.91,1.31,18.72,1.68,5.01
2018-11-06,11.36,0.75,3.93,11.05,4.49,11.73
2018-11-07,11.42,0.44,1.3,7.34,3.61,14.0
2018-11-08,13.92,2.07,1.08,9.93,4.25,6.07
2018-11-09,11.32,2.96,2.22,9.0,2.97,11.45
2018-11-10,12.11,2.63,1.99,11.45,3.38,13.02
2018-11-11,15.01,3.79,6.93,11.51,1.2,9.36
2018-11-12,13.11,2.31,4.06,10.28,2.41,8.87
2018-11-13,15.48,3.26,10.63,7.7,1.65,9.11
2018-11-14,6.81,1.87,13.56,9.74,1.38,4.13
2018-11-15,6.81,1.54,17.29,12.04,1.58,4.33
2018-11-16,6.81,0.86,12.65,11.15,1.96,8.72
2018-11-17,6.81,1.72,1.17,9.86,1.96,10.12
2018-11-18,6.81,6.73,0.72,11.87,2.05,10.09
2018-11-19,6.81,1.68,0.92,23.74,1.53,7.84
2018-11-20,6.81,2.77,1.66,25.43,1.33,8.36
2018-11-21,6.81,0.94,1.71,19.97,,7.91
2018-11-22,6.81,0.92,2.21,23.97,,11.97
2018-11-23,6.81,2.27,14.82,19.14,,8.49
2018-11-24,6.81,0.99,10.4,11.18,,9.28
2018-11-25,6.81,0.9,2.17,11.74,,13.36
2018-11-26,6.81,2.34,2.91,21.44,,12.22
2018-11-27,6.81,4.61,2.68,21.89,,13.63
2018-11-28,6.84,2.44,2.45,19.45,,11.14
2018-11-29,6.89,3.41,4.64,18.78,,11.75
2018-11-30,6.9,1.91,12.75,17.72,2.59,9.59
2018-12-01,6.9,1.44,6.58,14.65,2.17,12.07
2018-12-02,6.89,3.02,2.28,14.01,2.293333333333333,12.0
2018-12-03,6.88,2.75,2.53,15.16,2.416666666666667,8.0
2018-12-04,6.93,3.2,5.61,20.12,2.54,7.97
2018-12-05,6.94,2.6,0.87,16.37,2.3,10.88
2018-12-06,6.93,3.23,1.53,15.11,2.19,14.09
2018-12-07,6.95,10.5,1.01,14.52,1.13,9.04
2018-12-08,6.93,5.16,1.3,13.16,2.57,9.91
2018-12-09,6.96,2.02,0.59,14.26,3.06,12.65
2018-12-10,6.94,5.42,0.91,24.66,2.39,10.59
2018-12-11,6.95,3.03,10.42,25.27,3.38,8.26
2018-12-12,6.95,8.65,2.9,29.33,2.67,7.87
2018-12-13,6.94,3.29,1.86,28.28,2.48,7.89
2018-12-14,6.9,3.69,2.03,20.7,1.38,5.19
2018-12-15,6.97,1.01,0.95,12.92,1.03,5.52
2018-12-16,6.94,0.78,7.28,11.65,0.99,5.91
2018-12-17,6.93,0.95,4.7,12.52,0.52,7.42
2018-12-18,6.94,0.95,1.62,11.58,3.78,9.47
2018-12-19,6.96,1.35,3.49,12.57,1.84,11.26
2018-12-20,7.0,4.93,9.98,14.56,1.84,9.35
2018-12-21,7.0,2.46,9.43,13.13,1.94,9.05
2018-12-22,6.99,2.37,6.86,15.14,1.26,8.49
2018-12-23,6.96,19.67,4.8,11.18,0.01,7.06
2018-12-24,6.95,2.75,7.54,10.06,1.35,6.72
2018-12-25,6.94,10.85,2.22,8.34,3.91,6.83
2018-12-26,6.94,3.65,1.27,12.58,5.12,7.22
2018-12-27,6.99,3.06,9.82,15.14,4.13,8.33
2018-12-28,6.93,0.47,22.15,11.06,2.4,6.44
2018-12-29,6.94,1.05,11.18,13.33,1.69,11.8
2018-12-30,6.98,2.31,1.78,12.04,0.77,9.25
2018-12-31,6.93,2.53,3.94,12.79,3.87,9.09
2019-01-01,6.93,2.21,4.12,17.17,5.23,6.66
2019-01-02,6.99,2.42,3.35,23.23,3.89,9.93
2019-01-03,7.0,3.28,6.34,19.92,4.75,8.12
2019-01-04,6.98,0.93,4.87,17.84,3.98,8.44
2019-01-05,6.97,1.29,1.25,25.27,1.29,7.0
2019-01-06,7.02,0.52,0.97,24.23,1.99,6.12
2019-01-07,6.99,0.59,4.08,15.72,2.51,5.53
2019-01-08,6.99,0.4,14.59,10.87,4.8,5.34
2019-01-09,7.07,0.5,16.8,10.18,3.39,4.32
2019-01-10,7.02,0.81,6.54,13.45,2.42,6.18
2019-01-11,7.02,1.44,1.66,21.31,1.12,7.25
2019-01-12,6.96,1.54,1.25,20.44,2.31,4.91
2019-01-13,6.95,1.11,0.74,18.76,2.59,5.02
2019-01-14,7.03,0.1,0.99,11.02,3.12,3.56
2019-01-15,7.03,0.3,4.9,9.96,4.0,5.08
2019-01-16,6.94,2.04,2.85,14.44,0.61,6.95
2019-01-17,6.97,2.26,6.64,17.1,1.03,6.77
2019-01-18,6.96,0.89,5.06,14.33,1.86,5.41
2019-01-19,6.96,1.72,2.45,11.86,3.32,6.21
2019-01-20,6.95,3.26,10.7,11.12,4.29,5.76
2019-01-21,6.95,1.0,1.3,20.69,4.08,2.56
2019-01-22,7.02,0.1,0.75,19.3,4.31,2.36
2019-01-23,6.95,0.64,0.84,11.72,3.82,2.76
2019-01-24,6.92,0.43,0.91,10.23,4.62,0.0
2019-01-25,6.95,0.08,0.51,11.69,6.46,0.23
2019-01-26,6.95,0.03,0.75,8.29,1.84,0.01
2019-01-27,6.93,0.05,0.92,6.04,0.63,1.0
2019-01-28,6.93,0.17,1.06,8.37,1.37,2.71
2019-01-29,6.92,0.37,0.87,6.87,1.34,3.49
2019-01-30,6.94,0.71,1.78,7.12,0.87,0.64
2019-01-31,6.93,0.36,7.33,12.12,0.82,0.38
2019-02-01,6.93,0.1,1.66,12.95,1.38,0.22
2019-02-02,6.92,0.12,1.43,11.51,3.69,0.08
2019-02-03,6.94,0.14,1.4,7.26,2.85,0.0
2019-02-04,7.02,0.88,2.79,7.74,1.24,1.1
2019-02-05,7.06,2.92,1.41,8.32,2.48,4.79
2019-02-06,6.94,1.37,1.36,8.34,3.23,5.11
2019-02-07,6.93,2.96,0.53,10.4,2.66,5.11
2019-02-08,6.97,4.03,10.15,7.65,1.72,3.51
2019-02-09,6.9,0.78,19.0,6.05,0.5,1.52
2019-02-10,6.91,4.16,1.17,5.5,0.58,1.52
2019-02-11,6.92,6.94,0.82,7.23,0.17,1.52
2019-02-12,6.9,6.24,1.05,7.39,0.28,4.54
2019-02-13,6.99,6.47,1.62,7.38,0.26,6.46
2019-02-14,6.95,3.87,0.98,7.84,1.07,5.26
2019-02-15,6.98,2.02,0.39,7.91,0.37,5.73
2019-02-16,6.98,0.76,6.88,6.27,0.68,5.73
2019-02-17,7.03,0.95,6.75,4.72,0.44,5.73
2019-02-18,7.02,0.81,3.58,4.57,0.64,5.21
2019-02-19,6.99,1.36,1.13,8.99,0.41,4.26
2019-02-20,7.0,2.78,0.53,7.77,0.62,3.92
2019-02-21,7.03,2.24,0.66,8.05,0.9,2.91
2019-02-22,7.03,2.66,1.03,9.74,0.41,3.33
2019-02-23,6.97,0.89,2.49,6.06,0.65,4.56
2019-02-24,7.02,0.92,5.77,4.37,0.46,4.75
2019-02-25,7.02,1.18,3.05,8.12,0.67,4.47
2019-02-26,7.08,0.74,6.78,12.94,0.64,3.79
2019-02-27,7.09,0.73,16.59,10.87,0.7566666666666667,3.38
2019-02-28,7.04,1.1,5.3,6.57,0.8733333333333334,2.54
2019-03-01,6.94,0.72,4.16,6.28,0.99,2.65
2019-03-02,7.07,1.45,0.6,7.8,0.59,2.56
2019-03-03,7.04,0.73,0.44,5.71,0.44,2.52
2019-03-04,7.04,0.98,2.04,5.39,0.5,2.57
2019-03-05,7.03,0.33,16.9,6.79,0.55,3.56
2019-03-06,6.98,1.0,16.55,6.48,0.6,4.28
2019-03-07,7.03,1.11,15.98,4.68,0.34,4.76
2019-03-08,7.1,0.67,6.32,5.49,0.69,4.26
2019-03-09,7.08,0.47,1.71,5.85,1.6,4.39
2019-03-10,7.06,0.61,0.62,6.95,0.37,5.84
2019-03-11,7.08,0.47,0.61,5.9,0.46,5.47
2019-03-12,7.05,0.37,1.89,6.65,0.68,7.53
2019-03-13,7.04,1.04,0.95,6.48,0.54,11.08
2019-03-14,6.95,1.03,7.52,5.35,0.67,10.09
2019-03-15,6.98,0.49,4.2,5.37,0.18,12.65
2019-03-16,7.03,0.27,0.67,5.32,0.16,13.13
2019-03-17,6.97,0.28,0.42,3.79,0.2,14.22
2019-03-18,7.03,0.29,0.91,4.42,0.91,11.72
2019-03-19,7.01,0.58,0.55,4.76,2.35,9.83
2019-03-20,6.97,0.44,0.47,7.05,0.92,7.95
2019-03-21,6.98,0.29,0.35,5.3,1.61,11.45
2019-03-22,6.99,0.19,3.13,4.3,1.51,9.46
2019-03-23,7.02,0.25,1.45,2.95,1.52,12.51
2019-03-24,7.03,0.21,1.22,3.18,1.12,12.22
2019-03-25,6.99,0.26,1.31,5.11,0.88,12.59
2019-03-26,6.98,0.32,2.13,6.5,0.49,10.25
2019-03-27,7.03,0.37,2.49,6.6,0.51,12.0
2019-03-28,7.03,0.94,2.02,7.61,0.43,9.69
2019-03-29,7.06,1.04,2.01,9.31,0.66,10.15
2019-03-30,7.07,0.61,1.41,9.64,0.76,7.92
2019-03-31,7.0,0.82,2.78,5.71,0.91,11.82
2019-04-01,7.08,0.58,4.72,5.53,0.93,8.73
2019-04-02,7.11,1.03,1.6,6.34,0.71,11.17
2019-04-03,7.17,0.91,0.97,7.94,0.7,13.28
2019-04-04,7.17,1.27,1.03,5.46,1.02,10.8
2019-04-05,7.06,1.04,2.32,5.61,0.9,12.88
2019-04-06,7.08,1.13,2.16,5.49,0.88,10.46
2019-04-07,7.08,1.04,0.99,4.43,0.79,9.02
2019-04-08,7.09,0.43,1.01,5.91,0.87,7.3
2019-04-09,7.09,0.66,0.88,5.93,0.74,7.33
2019-04-10,7.14,1.31,3.73,5.43,0.66,7.89
2019-04-11,7.16,0.84,0.84,5.54,0.955,7.71
2019-04-12,7.11,0.87,0.6,5.86,1.25,8.04
2019-04-13,7.14,0.47,1.73,5.1,1.38,6.49
2019-04-14,7.18,0.71,2.32,4.26,0.72,8.05
2019-04-15,7.11,0.8,1.34,5.47,1.46,7.05
2019-04-16,7.17,0.34,4.77,4.68,1.72,7.45
2019-04-17,7.12,0.64,2.03,4.19,1.21,7.02
2019-04-18,7.11,0.74,1.78,4.51,0.72,7.17
2019-04-19,7.15,1.49,0.82,4.84,0.48,9.54
2019-04-20,7.08,1.13,0.6,4.79,0.7,10.68
2019-04-21,7.06,1.6,1.29,7.45,1.7,12.83
2019-04-22,7.07,2.07,0.41,5.44,1.07,14.66
2019-04-23,7.08,3.07,1.54,4.9,0.66,10.89
2019-04-24,7.17,1.91,0.7,6.38,0.56,9.15
2019-04-25,7.153333333333333,1.42,0.87,6.36,0.9,9.04
2019-04-26,7.136666666666667,1.73,0.79,5.72,0.86,11.01
2019-04-27,7.12,1.17,1.71,6.0,0.73,12.91
2019-04-28,7.13,0.86,2.56,5.12,0.61,12.61
2019-04-29,7.1,0.85,0.55,5.93,0.58,9.75
2019-04-30,7.03,0.75,0.66,6.78,0.32,6.79
2019-05-01,7.07,0.72,0.41,5.34,0.38,7.32
2019-05-02,7.02,0.69,5.07,5.1,0.91,10.26
2019-05-03,7.13,0.68,2.54,4.83,2.33,8.21
2019-05-04,7.08,1.04,4.19,3.27,0.95,8.83
2019-05-05,7.11,0.48,6.5,4.23,0.66,10.98
2019-05-06,7.06,0.7,6.63,5.99,0.66,10.06
2019-05-07,7.06,0.64,12.32,6.39,0.55,10.58
2019-05-08,7.11,1.21,8.48,6.97,0.42,9.16
2019-05-09,6.94,0.65,11.33,7.04,0.94,12.03
2019-05-10,6.81,0.29,11.86,8.91,0.74,8.36
2019-05-11,0.0,0.25,5.02,5.39,0.79,9.82
2019-05-12,0.0,0.19,1.8,3.65,0.61,13.61
2019-05-13,0.0,0.45,5.55,5.3,0.73,10.66
2019-05-14,8.78,0.15,1.82,6.27,0.68,8.65
2019-05-15,14.19,0.77,3.06,5.63,0.59,9.3
2019-05-16,13.15,0.57,6.88,5.16,0.72,8.13
2019-05-17,13.34,0.52,6.91,5.42,1.13,9.45
2019-05-18,13.44,0.06,6.62,4.93,0.95,11.06
2019-05-19,13.19,0.18,6.16,2.79,0.86,9.87
2019-05-20,13.6,0.44,1.06,4.68,1.11,8.32
2019-05-21,11.66,0.17,0.62,6.87,0.8,7.14
2019-05-22,13.6,0.25,2.26,5.56,0.46,8.64
2019-05-23,13.48,0.64,0.39,4.41,0.45,7.57
2019-05-24,11.95,0.92,1.35,5.0,0.54,6.72
2019-05-25,13.93,0.11,3.25,5.37,0.4,8.45
2019-05-26,13.16,0.15,3.48,4.04,0.39,9.71
2019-05-27,13.58,0.3,1.96,6.87,0.63,8.95
2019-05-28,14.2,0.43,1.26,7.62,1.6,9.36
2019-05-29,13.8,0.48,4.26,6.19,1.83,7.03
2019-05-30,13.55,1.09,0.57,5.19,2.63,11.0
2019-05-31,13.67,0.65,0.47,4.79,1.77,10.94
2019-06-01,12.18,0.86,1.58,4.7,2.53,13.48
2019-06-02,14.01,0.24,1.63,4.25,1.49,13.2
2019-06-03,10.98,0.11,1.07,5.1,4.77,11.55
2019-06-04,7.46,0.14,2.79,5.96,4.03,8.7
2019-06-05,50.97,0.17,0.9,4.32,2.2,10.42
2019-06-06,94.48,0.14,0.38,4.89,3.73,11.59
2019-06-07,48.265,0.01,0.33,5.28,2.81,8.94
2019-06-08,2.05,0.08,0.71,5.94,2.16,10.58
2019-06-09,14.86,0.28,0.34,4.41,2.8,9.68
2019-06-10,56.49,0.15,0.18,5.95,3.39,8.38
2019-06-11,49.93,0.34,0.15,6.0,3.17,9.93
2019-06-12,33.1,0.28,0.2,5.56,3.8,7.28
2019-06-13,1.48,0.29,0.05,6.31,2.75,6.81
2019-06-14,1.48,0.61,0.06,7.17,3.93,6.45
2019-06-15,1.48,0.67,0.15,6.9,3.21,11.36
2019-06-16,1.48,0.17,0.05,4.91,1.68,8.94
2019-06-17,1.48,1.1,0.16,4.95,4.13,8.09
2019-06-18,1.48,0.44,0.16,5.52,2.74,5.28
2019-06-19,1.48,0.55,0.05,5.8,4.78,7.14
2019-06-20,1.48,0.59,0.13,6.06,3.62,7.62
2019-06-21,1.48,0.64,1.05,4.61,4.74,9.01
2019-06-22,1.48,1.42,0.79,4.72,7.23,10.41
2019-06-23,1.48,0.69,0.55,5.02,3.2,9.24
2019-06-24,1.48,0.26,3.04,4.59,1.78,6.2
2019-06-25,1.48,0.51,1.93,4.16,1.73,7.87
2019-06-26,1.48,0.41,0.45,5.61,2.31,8.02
2019-06-27,1.48,0.34,0.06,4.12,3.0,8.68
2019-06-28,1.48,0.44,0.07,4.47,4.73,9.38
2019-06-29,1.48,0.22,0.07,4.78,4.15,10.21
2019-06-30,1.46,0.75,0.16,4.4,2.66,9.86
2019-07-01,1.46,0.72,0.09,7.26,7.78,10.62
2019-07-02,1.48,0.41,0.09,7.07,4.32,9.95
2019-07-03,1.48,0.59,0.1,6.32,4.3,9.08
2019-07-04,1.48,0.87,0.26,5.94,3.61,6.96
2019-07-05,1.48,1.12,0.12,6.06,3.88,6.22
2019-07-06,1.48,0.56,0.37,5.54,4.13,9.27
2019-07-07,1.48,0.16,0.04,4.52,3.02,8.63
2019-07-08,1.48,0.81,0.02,5.3,1.49,8.07
2019-07-09,1.48,1.5,0.04,5.41,6.04,6.12
2019-07-10,1.48,1.07,0.01,3.81,3.33,5.37
2019-07-11,1.48,1.05,0.04,2.89,2.76,10.43
2019-07-12,1.48,0.48,0.09,4.78,2.73,9.54
2019-07-13,1.48,0.07,0.07,4.12,4.14,10.68
2019-07-14,1.48,0.05,0.29,2.4,1.79,10.17
2019-07-15,1.48,0.63,0.17,3.75,3.75,9.36
2019-07-16,1.48,0.09,0.8,5.57,3.74,9.33
2019-07-17,1.48,0.11,0.22,5.51,6.34,6.4
2019-07-18,1.48,0.25,0.31,5.22,3.08,8.1
2019-07-19,1.48,0.53,0.59,5.47,5.27,7.96
2019-07-20,1.48,0.33,0.22,5.37,1.44,9.62
2019-07-21,1.48,0.23,0.18,4.62,0.72,7.74
2019-07-22,1.48,0.31,0.31,4.62,1.04,13.71
2019-07-23,1.48,0.43,0.09,4.31,1.65,14.56
2019-07-24,1.48,1.54,0.09,3.18,2.96,13.14
2019-07-25,1.48,0.18,0.15,2.89,3.47,10.07
2019-07-26,1.48,0.41,0.06,4.35,4.17,13.25
2019-07-27,1.46,0.74,0.03,4.39,4.46,12.61
2019-07-28,1.45,0.35,0.08,3.61,3.55,11.83
2019-07-29,1.48,0.75,0.02,4.38,4.59,12.32
2019-07-30,1.7,0.8,0.03,4.98,3.11,13.25
2019-07-31,3.39,0.53,0.09,4.4,3.55,8.2
2019-08-01,3.39,0.39,0.02,4.9,3.09,5.79
2019-08-02,3.39,0.32,0.0,5.68,3.3,4.83
2019-08-03,1.94,0.33,0.03,6.43,7.65,8.31
2019-08-04,0.52,0.29,0.02,4.8,3.78,3.18
2019-08-05,0.52,0.49,0.14,6.92,6.18,8.74
2019-08-06,0.52,0.96,0.15,7.13,5.66,12.32
2019-08-07,0.52,0.58,0.08,6.76,6.68,12.05
2019-08-08,0.51,0.39,0.07,5.32,5.42,13.8
2019-08-09,0.52,0.25,0.12,5.5,4.6,4.09
2019-08-10,0.52,1.03,0.05,5.47,6.03,2.47
2019-08-11,0.52,0.99,0.06,4.95,2.99,3.37
2019-08-12,0.51,0.89,0.37,4.02,7.41,3.88
2019-08-13,0.52,2.21,1.52,5.33,5.21,4.31
2019-08-14,0.52,6.58,0.41,5.43,3.51,2.0
2019-08-15,0.52,3.43,0.03,4.96,1.23,1.98
2019-08-16,0.52,2.66,0.19,5.31,6.64,2.7
2019-08-17,0.52,1.33,0.16,6.86,7.78,2.0
2019-08-18,0.52,2.31,0.5,6.22,4.27,2.15
2019-08-19,0.51,2.5,2.63,6.9,6.54,2.92
2019-08-20,0.52,3.44,4.54,7.81,5.89,2.0
2019-08-21,0.49,4.66,1.05,7.16,3.58,2.0
2019-08-22,0.52,1.68,0.43,8.17,7.13,2.0
2019-08-23,0.52,1.65,0.23,5.61,12.57,2.0
2019-08-24,0.52,1.52,0.09,5.78,6.87,2.0
2019-08-25,0.52,1.6,0.06,5.38,2.47,1.935
2019-08-26,0.52,1.03,0.05,7.05,5.9,1.87
2019-08-27,0.52,0.84,0.07,6.19,3.71,2.0
2019-08-28,0.52,3.88,0.06,5.75,3.43,1.98
2019-08-29,0.52,0.44,0.15,7.89,,1.98
2019-08-30,0.52,0.71,0.71,7.46,,2.0
2019-08-31,0.52,1.11,0.6,5.44,,2.0
2019-09-01,0.52,0.79,0.03,4.29,,2.0
2019-09-02,0.52,1.3,0.02,9.48,,2.0
2019-09-03,0.52,2.28,0.04,6.15,,1.96
2019-09-04,0.52,1.74,0.01,6.07,,2.0
2019-09-05,0.52,0.94,0.06,6.41,5.85,2.0
2019-09-06,0.52,1.37,0.06,5.45,5.4,1.98
2019-09-07,0.52,2.45,0.04,5.23,4.73,2.0
2019-09-08,0.52,1.31,0.04,3.84,3.86,2.0
2019-09-09,0.52,1.62,0.05,5.38,3.34,1.98
2019-09-10,0.52,2.8,0.05,6.74,5.13,2.0
2019-09-11,0.55,2.06,0.03,62.9,5.22,2.0
2019-09-12,0.52,1.28,0.05,53.19,4.67,2.0
2019-09-13,0.52,1.04,0.03,60.4,5.33,2.0
2019-09-14,0.52,0.52,0.09,64.5,4.13,1.98
2019-09-15,0.52,0.49,0.65,29.18,1.55,1.98
2019-09-16,0.52,0.82,0.41,38.85,2.46,1.96
2019-09-17,0.52,0.51,0.12,30.21,0.92,2.0
2019-09-18,0.52,0.42,1.13,39.22,2.06,2.0
2019-09-19,2.65,0.17,0.37,44.33,0.96,2.0
2019-09-20,0.02,0.28,0.27,34.57,1.38,2.0
2019-09-21,0.58,0.98,0.22,40.39,2.69,1.95
2019-09-22,1.14,1.07,0.31,28.63,1.07,2.0
2019-09-23,1.7,0.49,0.65,38.34,1.48,1.98
2019-09-24,2.28,1.0,0.42,27.24,4.63,2.0
2019-09-25,2.04,1.06,0.33,0.0,3.93,2.0
2019-09-26,2.04,0.78,0.31,0.0,9.39,1.95
2019-09-27,2.04,0.19,0.12,0.0,8.06,1.98
2019-09-28,2.04,0.37,0.16,0.0,3.17,2.0
2019-09-29,2.04,0.14,0.42,0.0,3.67,1.98
2019-09-30,2.04,0.27,0.6,0.0,4.67,2.0
2019-10-01,2.04,0.59,1.36,,4.8,2.0
2019-10-02,2.04,0.73,2.33,,6.64,1.99
2019-10-03,4.1,1.08,0.53,,11.31,2.93
2019-10-04,6.04,1.52,0.24,,11.96,2.91
2019-10-05,2.04,2.01,2.61,,6.56,2.15
2019-10-06,2.04,1.66,1.32,,3.15,1.98
2019-10-07,2.04,1.28,1.41,,5.04,2.0
2019-10-08,2.04,1.14,1.94,,12.41,2.0
2019-10-09,2.04,2.53,1.59,,2.54,2.48
2019-10-10,2.04,2.06,2.06,,3.91,2.0
2019-10-11,2.04,2.74,1.54,,4.16,1.83
2019-10-12,2.04,2.96,1.31,,3.04,2.11
2019-10-13,2.04,3.84,1.45,,2.92,2.0
2019-10-14,2.04,3.34,1.84,,1.88,2.0
2019-10-15,2.04,5.87,1.89,,1.13,2.0
2019-10-16,2.04,4.29,4.68,,1.6,1.99
2019-10-17,2.04,2.36,3.08,170.37,1.54,1.95
2019-10-18,2.04,1.4,1.78,105.76,1.1,1.88
2019-10-19,2.04,1.69,1.85,59.13,2.31,2.0
2019-10-20,2.04,1.68,2.23,38.5,0.94,2.0
2019-10-21,2.04,3.3,2.03,24.54,0.97,2.0
2019-10-22,2.04,3.4,2.35,21.88,2.07,1.96
2019-10-23,2.04,2.52,1.67,46.74,1.66,1.96
2019-10-24,2.04,5.3,0.53,41.88,2.85,1.92
2019-10-25,2.04,1.92,0.27,41.68,3.52,1.96
2019-10-26,2.04,1.52,0.27,30.37,2.5,1.98
2019-10-27,2.04,1.56,0.21,21.36,1.25,2.03
2019-10-28,2.04,0.91,0.28,40.25,1.17,2.06
2019-10-29,2.04,2.2,0.41,50.18,0.74,2.0
2019-10-30,2.04,1.97,0.49,73.39,1.23,1.64
2019-10-31,2.04,3.88,0.17,45.97,2.32,1.98
2019-11-01,2.04,3.05,0.16,39.44,2.68,2.0
2019-11-02,2.04,0.97,0.2,39.05,4.64,2.0
2019-11-03,1.89,1.19,0.3,19.9,3.05,2.0
2019-11-04,1.91,0.94,0.41,13.93,3.76,1.84
2019-11-05,1.91,0.68,0.48,24.93,4.47,1.98
2019-11-06,1.91,1.39,0.49,24.03,3.39,2.0
2019-11-07,1.91,1.05,0.22,43.15,2.42,1.98
2019-11-08,1.91,1.01,0.27,58.56,5.62,2.0
2019-11-09,1.91,0.79,0.26,41.3,4.32,2.0
2019-11-10,1.91,0.55,1.41,32.14,2.42,2.0
2019-11-11,1.91,0.83,0.29,17.4,2.9,2.0
2019-11-12,1.91,1.16,0.25,35.88,2.62,2.0
2019-11-13,1.91,1.57,0.37,46.92,1.14,2.0
2019-11-14,1.91,2.14,0.36,48.29,1.24,2.0
2019-11-15,1.91,2.34,0.84,30.48,1.42,2.0
2019-11-16,1.91,1.2,0.66,20.98,2.08,2.0
2019-11-17,1.91,0.22,4.54,10.36,1.41,2.0
2019-11-18,1.91,0.68,2.68,13.79,1.18,1.98
2019-11-19,1.91,1.51,6.97,21.42,1.13,2.01
2019-11-20,1.91,2.19,2.09,19.08,1.16,2.01
2019-11-21,1.91,5.87,2.11,8.63,1.32,2.0
2019-11-22,1.91,2.72,1.84,7.71,1.62,2.0
2019-11-23,1.91,1.0,10.22,5.16,1.81,2.0
2019-11-24,1.91,0.49,9.46,3.23,3.9,2.0
2019-11-25,1.91,0.79,0.99,7.43,1.96,2.01
2019-11-26,1.78,0.77,0.7,7.02,1.18,1.98
2019-11-27,2.02,0.3,3.6,7.95,1.1,2.0
2019-11-28,1.8,0.18,6.68,9.26,1.24,2.0
2019-11-29,1.65,0.52,0.5,17.3,1.33,2.0
2019-11-30,1.72,0.84,1.86,5.61,1.13,2.0
2019-12-01,1.87,0.58,6.33,3.88,0.87,2.0
2019-12-02,1.87,0.75,0.59,6.47,1.58,2.0
2019-12-03,1.87,0.65,0.3,6.9,1.52,1.98
2019-12-04,1.87,0.67,0.45,9.91,1.44,1.96
2019-12-05,1.87,1.9,0.69,11.82,1.3,1.9
2019-12-06,,1.84,5.16,12.26,1.7,2.0
2019-12-07,,2.22,0.78,8.81,0.71,1.85
2019-12-08,,5.55,4.29,6.75,1.05,1.98
2019-12-09,,2.04,0.29,9.04,1.61,2.0
2019-12-10,,3.14,4.2,8.79,4.02,2.0
2019-12-11,,4.94,2.33,9.78,4.13,2.0
2019-12-12,,2.16,0.46,7.42,4.49,1.93
2019-12-13,,0.22,0.17,4.1,3.35,1.98
2019-12-14,,0.5,0.9,6.22,1.32,2.0
2019-12-15,,0.31,0.07,5.64,1.1,1.96
2019-12-16,,0.1,0.12,4.51,1.25,1.98
2019-12-17,,0.09,0.3,4.3,1.13,1.98
2019-12-18,,0.16,3.88,7.11,1.09,1.98
2019-12-19,,0.52,0.18,5.33,1.06,1.93
2019-12-20,,1.05,0.32,6.29,1.0,2.0
2019-12-21,,0.61,0.34,6.22,2.38,2.0
2019-12-22,,0.18,0.72,10.24,0.95,2.0
2019-12-23,,0.32,0.52,8.17,1.33,1.98
2019-12-24,,0.82,0.07,8.14,1.61,1.9
2019-12-25,,0.29,0.05,4.32,2.95,2.0
2019-12-26,,0.25,0.05,3.45,4.49,1.96
2019-12-27,,0.2,0.04,2.52,4.24,1.98
2019-12-28,,0.4,0.08,3.33,2.23,1.96
2019-12-29,,0.34,0.09,2.85,0.71,1.98
2019-12-30,65.59,0.72,0.02,3.35,2.16,1.75
2019-12-31,2.74,0.22,0.04,4.59,1.64,2.0
2020-01-01,2.52,1.38,0.02,5.32,1.25,1.98
2020-01-02,2.52,2.65,0.04,7.18,1.33,1.9
2020-01-03,2.52,2.8,0.04,5.47,1.13,1.82
2020-01-04,2.52,5.45,0.05,4.59,0.98,2.0
2020-01-05,2.52,4.8,0.06,3.64,0.65,1.85
2020-01-06,2.52,1.13,0.08,3.88,0.75,2.0
2020-01-07,2.52,0.3,0.01,4.84,1.1,2.0
2020-01-08,2.52,0.19,0.01,5.06,1.88,1.9
2020-01-09,2.52,0.04,0.05,3.75,7.61,1.92
2020-01-10,2.52,0.33,0.03,3.48,1.21,2.0
2020-01-11,2.52,0.86,0.08,3.61,1.27,2.0
2020-01-12,2.52,1.56,0.17,3.55,0.98,1.94
2020-01-13,2.52,1.58,0.27,4.42,4.12,2.0
2020-01-14,2.49,0.31,0.08,4.85,7.65,1.86
2020-01-15,2.49,0.34,0.09,3.76,3.41,1.94
2020-01-16,2.52,0.26,0.02,4.47,3.97,2.0
2020-01-17,2.3,0.3,0.01,1.69,0.96,2.0
2020-01-18,2.0,0.34,0.01,3.98,0.86,1.93
2020-01-19,2.0,0.09,0.02,4.12,1.34,2.0
2020-01-20,1.49,0.22,0.03,3.21,1.86,1.94
2020-01-21,1.04,0.85,0.05,2.42,0.68,1.95
2020-01-22,1.04,0.79,0.05,3.09,0.84,2.0
2020-01-23,1.04,0.07,0.1,2.32,2.7,1.83
2020-01-24,0.16,0.06,0.12,1.53,3.1,2.0
2020-01-25,1.04,0.37,0.12,2.14,4.01,2.0
2020-01-26,1.04,0.83,0.16,1.99,1.52,1.83
2020-01-27,1.04,1.36,0.08,2.35,1.0,2.0
2020-01-28,1.04,0.09,0.08,2.76,2.56,2.0
2020-01-29,1.07,0.19,0.28,2.18,2.32,2.0
2020-01-30,1.08,0.14,0.08,2.55,2.26,1.96
2020-01-31,1.05,0.33,0.0,1.82,1.26,1.93
2020-02-01,1.04,0.56,0.01,2.17,1.6,1.856666666666667
2020-02-02,1.04,0.44,0.0,1.37,0.74,1.7833333333333334
2020-02-03,0.81,0.51,0.05,1.52,0.49,1.71
2020-02-04,0.52,1.45,0.02,2.2,2.94,2.0
2020-02-05,0.52,0.4,0.03,2.21,4.87,2.05
2020-02-06,0.52,0.82,0.01,2.05,0.99,1.94
2020-02-07,0.52,0.44,1.45,2.98,3.76,2.0
2020-02-08,0.52,1.12,0.01,3.12,0.66,1.95
2020-02-09,0.52,0.46,0.0,2.14,2.15,2.0
2020-02-10,0.52,1.72,0.0,3.86,0.91,1.98
2020-02-11,0.52,4.01,0.01,4.07,0.83,2.0
2020-02-12,0.52,1.32,0.12,2.37,1.16,2.0
2020-02-13,0.52,0.5,0.37,2.93,6.35,2.05
2020-02-14,0.52,0.06,1.27,3.35,2.3,2.0
2020-02-15,0.56,0.39,1.27,2.69,2.74,2.0
2020-02-16,0.61,0.82,0.74,3.35,2.22,1.98
2020-02-17,0.59,1.2,0.35,3.83,3.04,1.96
2020-02-18,0.56,1.46,1.63,1.83,3.08,2.0
2020-02-19,0.56,2.16,1.07,2.52,1.82,2.0
2020-02-20,0.56,0.43,0.1,3.94,0.98,1.98
2020-02-21,0.56,0.32,0.08,2.0,0.85,2.0
2020-02-22,0.56,1.42,0.09,1.93,1.15,1.88
2020-02-23,0.56,1.56,0.07,0.12,3.97,2.0
2020-02-24,0.56,0.16,0.12,0.92,4.93,1.9
2020-02-25,0.56,0.59,0.1,2.48,2.52,2.0
2020-02-26,0.56,1.53,0.07,2.1,3.34,1.9
2020-02-27,0.86,1.24,0.0,2.89,1.21,2.0
2020-02-28,1.13,1.11,0.46,4.42,3.86,1.96
2020-02-29,1.13,2.68,0.82,4.44,4.36,2.0
2020-03-01,1.13,7.59,0.61,4.46,3.18,1.98
2020-03-02,1.13,4.39,0.75,2.32,2.75,1.98
2020-03-03,1.13,1.51,0.61,2.41,3.19,1.98
2020-03-04,1.13,0.66,0.77,0.78,2.28,1.94
2020-03-05,1.13,0.27,7.99,0.73,1.18,2.0
2020-03-06,1.13,0.6,0.84,0.89,0.85,1.98
2020-03-07,1.13,0.37,1.53,0.44,1.29,1.98
2020-03-08,1.13,0.63,0.75,0.4,1.98,2.0
2020-03-09,1.13,0.33,1.03,0.27,1.83,2.0
2020-03-10,1.13,0.42,0.61,0.28,1.23,2.0
2020-03-11,1.13,0.36,1.54,0.33,2.01,1.96
2020-03-12,1.13,0.7,1.09,0.94,1.64,1.89
2020-03-13,1.13,3.61,0.63,1.54,0.75,2.0
2020-03-14,1.13,0.47,1.88,1.19,1.14,1.98
2020-03-15,1.13,1.37,1.07,0.6,3.13,2.0
2020-03-16,1.13,1.28,0.84,0.43,2.67,1.98
2020-03-17,1.13,2.99,0.91,0.7,2.66,2.0
2020-03-18,1.13,2.21,0.73,0.41,3.39,1.83
2020-03-19,1.13,1.49,2.29,1.06,6.1,2.0
2020-03-20,0.0,0.43,1.5,2.58,5.73,2.0
2020-03-21,2.5066666666666664,0.68,2.8,3.38,2.82,1.98
2020-03-22,5.013333333333333,0.5,4.11,0.79,1.62,2.0
2020-03-23,7.52,0.74,0.42,0.36,1.21,2.0
2020-03-24,3.33,0.64,0.21,0.35,3.25,1.98
2020-03-25,2.85,0.71,0.4,0.28,1.22,2.0
2020-03-26,2.8,0.7,0.18,0.28,0.69,2.0
2020-03-27,1.08,2.33,0.11,0.31,1.34,1.94
2020-03-28,3.56,0.71,0.12,0.3,1.53,2.01
2020-03-29,1.95,1.31,0.1,0.29,1.55,1.98
2020-03-30,4.88,1.32,0.1,0.63,1.84,1.98
2020-03-31,2.5,1.45,0.29,2.98,1.17,2.0
2020-04-01,1.88,3.01,0.28,3.17,1.81,1.98
2020-04-02,2.09,0.97,0.35,2.99,1.02,2.01
2020-04-03,5.44,0.77,0.42,1.51,1.03,1.98
2020-04-04,4.85,0.89,0.52,1.03,0.84,2.0
2020-04-05,5.63,0.26,0.18,1.42,1.0,1.94
2020-04-06,3.94,0.24,0.2,0.29,1.07,1.7833333333333332
2020-04-07,1.47,0.13,0.13,0.38,0.97,1.6266666666666665
2020-04-08,1.08,0.05,0.13,0.35,1.16,1.4699999999999998
2020-04-09,2.04,0.07,0.31,0.38,1.25,1.313333333333333
2020-04-10,3.51,0.14,0.2,0.37,1.08,1.1566666666666665
2020-04-11,6.71,0.04,0.35,0.43,0.89,1.0
2020-04-12,3.97,0.0,0.47,0.47,1.04,2.0
2020-04-13,2.56,0.0,0.14,0.41,1.2,2.0
2020-04-14,3.61,0.01,0.38,0.36,0.98,1.79
2020-04-15,1.67,0.02,0.22,0.28,1.27,1.83
2020-04-16,3.22,0.01,0.11,0.29,2.64,2.0
2020-04-17,1.83,0.0,0.23,0.56,1.37,1.98
2020-04-18,2.45,0.0,0.31,0.27,2.0,2.0
2020-04-19,0.95,0.0,0.23,0.2,1.15,2.0
2020-04-20,1.02,0.0,0.18,0.26,0.89,2.0
2020-04-21,1.5,0.0,0.14,0.23,1.05,2.0
2020-04-22,2.16,0.01,0.22,0.29,0.71,2.0
2020-04-23,1.23,0.01,0.41,0.36,0.7,2.0
2020-04-24,0.67,0.06,0.16,0.37,0.9766666666666666,2.0
2020-04-25,0.56,0.0,0.28,0.25,1.2533333333333332,1.98
2020-04-26,0.75,0.0,0.28,0.19,1.53,5.05
2020-04-27,1.34,0.0,0.16,0.16,1.22,8.48
2020-04-28,2.51,0.0,0.05,0.14,0.84,8.81
2020-04-29,2.46,0.01,0.04,0.73,1.25,8.72
2020-04-30,1.64,0.0,0.05,2.62,1.76,8.81
2020-05-01,0.92,0.0,0.08,0.84,0.7,8.72
2020-05-02,0.65,0.01,0.02,0.09,2.37,8.72
2020-05-03,0.89,0.02,0.39,0.1,2.15,8.72
2020-05-04,0.9,0.0,0.25,0.09,1.23,8.67
2020-05-05,1.91,0.03,0.29,0.76,0.75,8.72
2020-05-06,1.57,0.06,0.07,2.79,2.31,8.72
2020-05-07,1.72,0.04,0.21,2.79,1.17,8.23
2020-05-08,0.86,0.1,0.59,2.76,1.54,8.81
2020-05-09,1.14,1.08,0.13,2.93,0.93,8.72
2020-05-10,0.84,0.15,0.77,2.49,3.0,8.82
2020-05-11,0.76,0.27,1.02,2.24,0.74,8.72
2020-05-12,0.97,0.27,0.22,2.59,0.4,8.82
2020-05-13,0.88,0.39,0.31,3.05,0.77,8.63
2020-05-14,0.81,0.22,0.29,2.19,0.63,8.81
2020-05-15,1.62,0.22,0.82,2.67,1.0,8.72
2020-05-16,1.25,0.15,1.25,2.52,0.41,8.81
2020-05-17,1.29,2.12,0.84,4.04,0.29,8.81
2020-05-18,3.15,2.77,1.58,2.17,0.88,6.88
2020-05-19,2.43,1.74,3.74,1.27,1.31,8.81
2020-05-20,1.96,0.16,3.44,1.62,3.09,8.72
2020-05-21,1.86,2.43,3.68,1.68,1.06,8.82
2020-05-22,2.64,11.36,4.6,1.3,0.72,8.72
2020-05-23,1.69,0.39,3.02,1.1,0.7,8.82
2020-05-24,1.34,0.07,1.95,1.77,0.68,8.26
2020-05-25,0.98,0.11,0.38,1.79,0.66,8.82
2020-05-26,0.99,0.27,0.66,1.19,0.86,8.63
2020-05-27,1.08,0.05,0.85,1.42,0.86,8.81
2020-05-28,1.41,0.01,3.04,1.36,0.91,8.72
2020-05-29,1.37,0.03,1.45,1.74,1.07,8.72
2020-05-30,1.27,0.01,1.02,1.54,1.9,8.82
2020-05-31,1.13,0.26,0.74,2.29,0.92,8.72
2020-06-01,3.08,0.38,1.08,2.4,0.84,8.33
2020-06-02,5.19,0.68,1.83,2.03,0.73,8.81
2020-06-03,3.65,0.85,0.54,1.09,1.23,8.72
2020-06-04,3.39,2.28,0.26,1.52,1.61,8.27
2020-06-05,2.98,2.01,0.23,1.1,1.62,8.82
2020-06-06,3.18,0.38,0.57,0.43,1.4,8.72
2020-06-07,3.63,0.8,0.17,0.73,1.17,8.81
2020-06-08,3.84,0.47,0.51,0.66,1.78,8.63
2020-06-09,3.27,1.0,2.76,0.56,2.52,8.82
2020-06-10,6.7,1.52,2.59,0.66,2.08,8.72
2020-06-11,7.98,0.97,2.73,0.59,3.38,8.82
2020-06-12,13.19,0.67,0.39,0.59,2.85,8.53
2020-06-13,8.68,0.53,0.16,0.55,1.26,8.82
2020-06-14,6.74,1.71,0.11,0.52,0.97,8.72
2020-06-15,6.77,0.73,0.18,0.61,1.51,8.81
2020-06-16,3.36,0.51,0.21,0.67,1.69,8.08
2020-06-17,3.04,0.19,0.22,0.75,1.39,8.82
2020-06-18,2.98,0.22,0.32,0.79,1.69,8.72
2020-06-19,3.62,0.27,0.49,0.46,1.45,8.82
2020-06-20,3.59,0.2,0.85,0.55,1.87,8.72
2020-06-21,2.87,0.63,0.43,0.81,1.57,8.82
2020-06-22,2.67,0.37,0.91,1.28,2.32,8.72
2020-06-23,2.46,0.33,0.47,0.91,1.33,8.82
2020-06-24,1.19,0.27,0.54,0.7,1.6,7.97
2020-06-25,1.22,0.49,0.66,1.18,0.92,8.82
2020-06-26,1.72,0.7,0.59,0.86,1.45,8.54
2020-06-27,1.62,0.43,0.95,0.97,0.73,8.82
2020-06-28,1.34,1.74,1.11,1.24,0.38,7.85
2020-06-29,0.79,1.13,2.71,1.74,0.0,8.81
2020-06-30,1.35,0.49,2.51,2.02,0.0,8.72
2020-07-01,1.87,0.65,2.62,2.14,,8.82
