Date,Ahmedabad,Bengaluru,Chennai,Delhi,Lucknow,Hyderabad,Patna,Visakhapatnam,Amritsar,Jaipur,Amaravati
2017-07-01,,0.4,0.02,0.0,4.21,0.35,0.0,0.0,2.46,0.46,
2017-07-02,,1.96,0.04,0.0,3.16,0.34,0.0,0.0,3.35,0.78,
2017-07-03,,0.49,0.05,0.0,3.04,0.52,0.0,0.0,3.56,0.34,
2017-07-04,,0.42,0.0,0.0,3.14,0.45,0.0,0.0,3.34,0.21,
2017-07-05,,0.75,0.35,0.0,2.9,0.69,0.0,0.0,3.12,0.19,
2017-07-06,,0.81,0.0,0.0,2.6,1.26,0.0,0.0,3.0250000000000004,0.13,
2017-07-07,,0.84,0.04,0.0,3.14,1.33,0.0,0.0,2.93,0.1,
2017-07-08,,0.73,0.14,0.0,2.48,1.26,0.0,0.0,,0.26,
2017-07-09,,0.5,0.11,0.0,2.15,1.01,0.0,0.0,,0.11,
2017-07-10,,0.56,0.11,0.0,2.32,1.83,0.0,0.0,,0.0825,
2017-07-11,,0.63,0.17,0.0,1.97,2.66,0.0,0.0,,0.055,
2017-07-12,,1.04,0.2,0.0,1.55,2.28,0.0,0.0,,0.0275,
2017-07-13,,0.69,0.64,0.0,1.99,1.95,0.0,0.0,,0.0,
2017-07-14,,0.54,0.63,0.0,1.9,1.21,0.0,0.0,2.49,0.0,
2017-07-15,,0.57,0.45,0.0,1.68,0.46,0.0,0.0,3.64,0.0,
2017-07-16,,0.41,0.0,0.0,1.07,0.76,0.0,0.0,3.6,0.32,
2017-07-17,,0.42,0.05,0.0,1.53,4.0,0.0,0.0,2.135,0.64,
2017-07-18,,0.49,0.0,0.0,1.68,0.47,0.0,0.0,0.67,5.2,
2017-07-19,,0.51,0.45,0.0,1.56,0.46,0.0,0.0,0.99,0.47,
2017-07-20,,0.38,0.5,0.0,1.5,0.58,0.0,0.0,1.0,0.79,
2017-07-21,,1.18,0.17,0.0,1.31,1.0,0.0,0.0,1.02,2.55,
2017-07-22,,1.38,0.16,0.0,1.53,0.49,0.0,0.0,1.22,0.06,
2017-07-23,,1.07,0.0,0.0,1.48,0.37,0.0,0.0,,0.44,
2017-07-24,,1.14,0.01,0.0,1.53,0.69,0.0,0.0,,0.0,
2017-07-25,,3.18,0.11,0.0,1.54,0.87,0.0,0.0,,0.92,
2017-07-26,,0.36,0.08,0.0,2.03,0.95,0.0,0.0,,0.28,
2017-07-27,,0.59,0.0,0.0,3.08,0.88,0.0,0.0,,0.56,
2017-07-28,,0.79,0.31,0.0,3.08,0.96,0.0,0.0,,0.17,
2017-07-29,,1.34,0.04,0.0,3.1,1.63,0.0,0.0,2.08,0.36,
2017-07-30,,1.27,0.0,0.0,2.99,3.43,0.0,0.0,1.6,0.5499999999999999,
2017-07-31,,0.82,0.01,0.0,1.98,5.05,0.0,0.0,30.21,0.74,
2017-08-01,,2.03,0.03,0.0,3.09,4.08,0.0,0.0,0.16,0.18,
2017-08-02,,0.63,0.01,0.0,3.08,2.23,0.0,0.0,,0.37,
2017-08-03,,2.39,0.02,0.0,3.09,1.32,0.0,0.0,,0.17,
2017-08-04,,0.98,0.02,0.0,3.1,1.86,0.0,0.0,,0.84,
2017-08-05,,1.64,0.09,0.0,3.11,3.04,0.0,0.0,,0.07,
2017-08-06,,3.42,0.0,0.0,3.11,2.36,0.0,0.0,,0.03,
2017-08-07,,3.19,0.09,0.0,3.1,6.23,0.0,0.0,,0.06,
2017-08-08,,1.98,0.0,0.0,3.07,8.55,0.0,0.0,7.12,0.35,
2017-08-09,,1.19,0.21,0.0,3.1,7.29,0.0,0.0,6.5,0.35,
2017-08-10,,1.06,0.54,0.0,3.06,2.62,0.0,0.0,5.88,0.16,
2017-08-11,,1.39,0.22,0.0,3.09,3.36,0.0,0.0,13.77,0.05,
2017-08-12,,1.34,0.1,0.0,3.1,1.92,0.0,0.0,7.28,0.04,
2017-08-13,,1.11,0.0,0.0,3.11,2.16,0.0,0.0,1.9,0.01,
2017-08-14,,1.47,0.0,0.0,3.12,4.63,0.0,0.0,0.96,0.0,
2017-08-15,,0.84,0.0,0.0,3.1,4.55,0.0,0.0,1.24,0.0,
2017-08-16,,1.18,0.02,0.0,3.13,2.13,0.0,0.0,1.47,0.0,
2017-08-17,,0.76,0.11,0.0,3.11,2.16,0.0,0.0,1.65,0.0,
2017-08-18,,0.88,0.0,0.0,3.12,2.31,,0.0,1.44,0.0,
2017-08-19,,0.66,0.0,0.0,3.0,0.82,,0.0,1.16,0.0,
2017-08-20,,0.54,0.0,0.0,3.0,0.4,,0.0,0.77,0.0,
2017-08-21,,0.56,0.0,0.0,2.85,0.91,,0.0,1.05,0.3,
2017-08-22,,0.67,0.2,0.0,3.1,1.7,,0.0,0.91,0.16,
2017-08-23,,1.01,0.09,0.0,3.1,2.09,,0.0,0.94,0.27,
2017-08-24,,1.31,0.05,0.0,3.09,2.48,,0.0,1.14,0.42,
2017-08-25,,0.82,0.06,0.0,3.11,2.48,,0.0,0.95,0.16,
2017-08-26,,0.54,0.21,0.0,3.09,1.79,,0.0,1.09,0.4,
2017-08-27,,0.64,0.12,0.0,3.11,2.44,,0.0,1.3,0.04,
2017-08-28,,0.62,0.0,0.25,3.14,1.02,,0.0,1.06,0.09,
2017-08-29,,0.57,0.02,0.0,3.11,1.07,,0.0,1.18,3.63,
2017-08-30,,0.69,0.0,0.0,2.87,1.15,,0.0,1.54,0.99,
2017-08-31,,1.05,0.07,0.35,2.89,1.99,,0.0,1.45,0.07,
2017-09-01,,1.78,0.36,0.21,3.1,5.07,,0.0,0.78,0.02,
2017-09-02,,2.18,0.01,0.0,3.1,9.87,,0.0,0.97,0.0,
2017-09-03,,1.2,0.04,0.0,3.14,1.32,,0.0,1.16,0.0716666666666666,
2017-09-04,,1.56,0.02,0.0,3.15,2.52,,0.0,1.44,0.1433333333333333,
2017-09-05,,1.86,0.03,0.0,3.11,2.56,,0.0,1.41,0.215,
2017-09-06,,1.57,0.11,0.0,3.1,3.19,0.0,0.0,1.78,0.2866666666666667,
2017-09-07,,1.83,0.07,0.0,3.11,5.76,0.0,0.0,1.57,0.3583333333333333,
2017-09-08,,1.81,0.68,0.0,3.12,3.6,0.0,0.0,1.68,0.43,
2017-09-09,,2.21,0.14,0.0,3.14,1.89,0.0,0.0,1.71,0.48,
2017-09-10,,1.27,0.0,0.0,3.13,1.52,0.0,0.0,1.48,0.2,
2017-09-11,,1.03,0.03,0.0,3.11,1.56,0.0,0.0,1.34,0.08,
2017-09-12,,1.01,0.02,0.0,3.1,1.72,0.0,0.0,1.99,0.22,
2017-09-13,,1.11,0.26,0.0,3.11,3.46,0.0,0.0,1.98,0.49,
2017-09-14,,1.22,0.09,0.0,3.09,2.49,0.0,0.0,1.32,0.92,
2017-09-15,,1.01,0.05,0.0,3.14,1.79,0.0,0.0,1.43,0.96,
2017-09-16,,0.67,0.08,0.0,3.11,1.7,0.0,0.0,1.66,0.38,
2017-09-17,,0.64,0.0,0.0,3.11,0.63,0.0,0.0,2.15,0.13,
2017-09-18,,0.54,0.0,0.0,3.1,0.55,0.0,0.0,2.15,0.64,
2017-09-19,,0.55,0.0,0.0,3.1,0.56,0.0,0.0,2.04,0.7,
2017-09-20,,0.51,0.07,0.0,3.01,0.57,0.0,0.0,3.69,1.73,
2017-09-21,,0.6,0.08,0.0,3.41,0.48,0.0,0.0,8.83,0.21,
2017-09-22,,0.91,0.51,0.0,3.59,0.73,0.0,0.0,8.19,0.08,
2017-09-23,,2.24,0.51,0.0,3.46,3.63,0.0,0.0,7.31,0.25,
2017-09-24,,1.99,0.06,0.0,3.52,5.19,0.0,0.0,7.57,0.1,
2017-09-25,,1.97,0.03,0.0,3.61,2.39,0.0,0.0,8.13,0.04,
2017-09-26,0.0,1.75,0.07,1.38,3.18,3.48,0.51,0.0,7.73,0.0,
2017-09-27,0.0,2.04,4.2,1.74,3.57,3.04,0.15,0.0,9.11,0.61,
2017-09-28,0.0,1.0,0.04,1.54,2.64,2.2,0.73,0.0,9.74,0.34,
2017-09-29,0.0,0.69,0.06,1.82,3.59,2.26,0.07,0.0,8.37,0.64,
2017-09-30,,1.08,0.05,1.73,3.59,2.07,0.1,0.0,8.8,1.01,
2017-10-01,,0.92,0.03,2.34,3.47,4.06,0.56,2.23,2.52,0.63,
2017-10-02,,0.75,0.0,2.43,2.74,2.16,0.67,2.04,1.16,0.31,
2017-10-03,,0.83,0.01,1.27,5.11,7.43,0.32,2.09,1.4,0.49,
2017-10-04,,1.16,0.0,2.07,7.57,12.69,0.54,3.12,4.03,0.92,
2017-10-05,,1.11,0.04,1.59,2.61,17.97,0.44,0.46,2.14,0.24,
2017-10-06,,1.78,0.05,2.11,2.0,8.81,0.41,2.25,3.11,0.45,
2017-10-07,,1.67,0.04,1.72,1.96,10.84,0.36,2.27,2.09,0.22,
2017-10-08,,1.31,0.05,2.14,2.0,6.82,0.66,1.18,0.34,0.23,
2017-10-09,,2.84,0.05,2.97,1.99,5.21,0.68,2.67,2.7,0.58,
2017-10-10,18.77,4.13,0.04,3.28,1.86,3.27,0.11,0.0,0.0,0.76,
2017-10-11,15.99,2.37,0.02,2.71,1.41,4.89,0.12,0.0,0.0,0.57,
2017-10-12,,2.39,0.07,2.56,4.44,6.71,0.11,0.0,0.0,0.65,
2017-10-13,,2.33,0.04,2.34,2.6,1.1,0.16,0.0,0.0,0.69,
2017-10-14,,2.03,0.05,3.4,2.06,1.48,0.26,0.0,0.0,0.84,
2017-10-15,,1.22,0.02,3.62,2.77,1.2,0.53,0.0,0.0,0.63,
2017-10-16,,2.24,0.05,3.42,0.52,0.96,0.61,0.0,0.0,1.4,
2017-10-17,,3.41,0.06,3.39,1.29,2.38,0.23,0.0,0.0,9.08,
2017-10-18,34.37,3.57,0.03,3.38,1.32,11.62,0.09,0.0,0.0,8.58,
2017-10-19,28.25,2.2,0.03,4.52,2.88,11.82,0.63,5.75,4.45,9.54,
2017-10-20,22.13,2.51,0.03,5.54,2.53,0.87,0.03,0.26,7.62,7.01,
2017-10-21,22.28,1.49,0.02,4.02,2.31,0.97,0.25,1.28,7.42,8.04,
2017-10-22,10.27,1.27,0.13,4.04,3.26,0.19,0.0,0.0,7.74,9.57,
2017-10-23,10.47,1.86,0.18,4.65,4.03,4.33,0.36,0.9,6.88,8.61,
2017-10-24,15.47,2.58,0.02,5.47,5.71,0.89,0.63,0.08,6.8,7.86,
2017-10-25,29.21,1.07,0.01,5.08,6.13,0.18,0.97,0.0,11.07,12.42,
2017-10-26,51.59,0.85,0.56,4.28,4.31,0.34,1.35,0.0,11.05,13.81,
2017-10-27,55.28,0.81,0.06,4.94,4.17,1.05,1.18,0.11,11.41,15.89,
2017-10-28,46.17,0.67,0.02,7.47,3.4,9.04,0.48,0.0,12.45,18.15,
2017-10-29,55.69,0.06,0.02,6.8,2.47,1.29,1.34,0.0,12.53,17.93,
2017-10-30,32.105,0.04,0.02,5.67,3.21,0.0,0.68,0.0,12.41,13.59,
2017-10-31,8.52,0.19,2.29,11.75,2.08,38.06,0.74,5.74,12.98,14.63,
2017-11-01,0.0,0.06,1.72,6.36,2.48,45.03,0.0,6.02,11.85,18.51,
2017-11-02,0.0,0.09,1.54,9.71,2.32,30.22,0.51,5.76,11.89,17.2,
2017-11-03,60.08,0.15,0.99,6.06,4.33,30.0,1.63,4.87,12.22,12.63,
2017-11-04,76.3,0.11,2.4,5.21,1.42,24.64,5.0,5.62,13.33,14.16,
2017-11-05,68.45,0.0,3.46,12.85,0.72,26.92,5.26,4.67,12.13,14.36,
2017-11-06,82.75,0.25,2.54,14.37,1.19,26.73,4.62,5.84,11.75,17.96,
2017-11-07,117.04,0.28,5.08,26.96,2.22,31.07,4.43,5.38,12.39,25.61,
2017-11-08,173.76,0.2,2.27,25.53,1.14,33.9,4.52,5.08,11.87,25.26,
2017-11-09,152.39,0.21,1.67,25.25,2.87,35.04,4.56,5.38,13.04,22.89,
2017-11-10,143.01,0.25,1.74,28.06,1.11,29.47,5.37,5.58,12.76,20.08,
2017-11-11,134.63,0.18,1.83,32.33,1.54,26.91,5.7,4.93,13.94,24.82,
2017-11-12,0.0,0.0,0.92,28.2,1.06,33.38,5.35,3.89,12.61,24.29,
2017-11-13,0.63,0.12,1.69,18.48,1.76,31.59,5.22,4.62,11.6,19.59,
2017-11-14,2.22,0.0,1.79,11.39,1.98,30.87,6.22,4.8,10.62,6.38,
2017-11-15,1.66,0.12,1.83,13.31,1.47,21.49,5.42,4.33,7.91,5.29,
2017-11-16,0.55,0.14,0.38,12.03,2.88,22.69,4.7,5.43,8.97,4.45,
2017-11-17,0.51,0.21,2.62,8.48,1.07,25.05,5.03,5.67,9.31,1.88,
2017-11-18,0.5,0.09,2.68,5.38,0.99,18.83,5.27,6.78,7.79,1.4,
2017-11-19,7.37,0.0,2.45,5.24,0.8,25.26,5.47,5.37,7.9,0.59,
2017-11-20,26.94,0.0,3.09,6.34,0.76,33.32,4.1,4.58,9.81,2.3,
2017-11-21,22.64,0.0,1.23,10.71,0.67,21.33,3.48,5.74,10.18,2.45,
2017-11-22,54.77,0.14,1.61,11.65,0.94,12.43,3.76,7.69,11.18,2.22,
2017-11-23,12.65,0.07,2.7,11.97,0.9,15.71,3.81,6.98,9.58,4.68,
2017-11-24,14.62,0.07,2.38,13.88,2.52,15.13,4.34,8.7,10.98,8.79,5.92
2017-11-25,9.87,0.0,1.27,15.24,2.79,17.66,4.49,6.73,11.41,14.11,6.5
2017-11-26,18.84,0.0,1.43,17.26,0.68,13.06,5.39,5.86,11.6,18.88,7.95
2017-11-27,30.23,0.0,1.14,13.04,1.55,20.01,4.56,8.25,10.16,11.34,7.63
2017-11-28,39.7,0.0,1.47,19.68,1.1,31.14,4.71,10.83,11.52,15.11,5.02
2017-11-29,69.72,0.0,0.3,28.86,2.98,16.61,6.19,7.3,11.91,21.26,4.71
2017-11-30,104.29,0.0,0.61,23.32,3.38,12.16,7.06,4.43,12.59,11.84,3.52
2017-12-01,139.46,0.0,0.33,20.7,3.83,13.32,6.44,6.23,14.6,8.57,2.85
2017-12-02,61.66,0.0,0.08,25.81,2.13,15.59,7.21,3.89,11.75,5.36,2.79
2017-12-03,31.34,0.02,0.0,26.32,1.66,11.38,5.93,4.02,11.89,5.59,3.82
2017-12-04,38.61,0.0,0.56,23.27,1.63,9.43,5.26,4.71,9.61,9.08,3.53
2017-12-05,41.5,0.0,1.05,15.21,0.73,7.83,4.81,6.63,9.32,2.51,2.92
2017-12-06,27.96,0.43,0.83,8.36,4.78,8.81,5.93,7.69,7.48,1.26,4.45
2017-12-07,53.13,2.92,1.75,7.35,12.75,20.98,5.22,6.22,9.64,5.2,6.21
2017-12-08,67.56,1.33,2.68,7.98,4.26,18.64,5.22,4.78,11.96,6.71,6.28
2017-12-09,75.26,1.38,3.65,17.98,3.16,21.25,4.95,4.93,12.24,7.89,4.79
2017-12-10,93.18,1.2,3.96,29.86,7.82,24.04,4.74,8.01,10.31,8.9,4.29
2017-12-11,81.22,1.31,1.8,19.42,4.33,25.71,4.95,6.31,6.9,0.9,5.51
2017-12-12,12.48,1.31,1.99,6.88,5.0,35.81,4.58,7.83,5.31,1.05,7.01
2017-12-13,5.97,1.25,3.31,6.59,1.26,22.77,4.24,8.39,5.21,1.09,6.11
2017-12-14,5.81,1.18,5.58,5.87,0.79,12.58,3.76,5.99,4.3,0.77,5.09
2017-12-15,27.53,1.17,3.23,4.83,0.76,12.0,3.69,5.9,,0.82,3.45
2017-12-16,37.64,1.13,2.1,2.85,3.23,16.57,3.79,8.85,,0.83,4.41
2017-12-17,36.74,1.07,1.51,3.48,1.7,24.39,4.02,7.63,,0.97,4.32
2017-12-18,52.45,1.14,2.09,6.42,1.14,20.96,4.25,6.61,,0.79,3.77
2017-12-19,85.56,1.19,2.33,10.74,3.02,19.14,4.07,5.47,,1.835,3.13
2017-12-20,63.32,1.21,2.85,14.07,5.27,34.41,4.75,6.36,,2.88,3.7
2017-12-21,58.24,1.13,2.5,10.87,2.56,32.45,4.18,6.32,7.27,1.49,3.95
2017-12-22,47.21,1.17,2.26,7.93,1.11,38.49,3.69,7.57,5.61,2.87,4.44
2017-12-23,87.65,1.22,2.94,9.81,1.1,25.14,3.65,8.59,7.25,6.25,3.9
2017-12-24,101.88,1.11,3.04,14.99,1.52,22.93,3.39,6.44,7.97,6.06,4.81
2017-12-25,87.41,1.22,2.95,15.78,0.93,21.63,3.05,4.26,9.25,4.96,3.96
2017-12-26,69.1,1.21,2.7,12.99,1.13,30.55,3.48,6.7,10.6,5.8,4.01
2017-12-27,106.69,0.97,2.53,18.27,1.72,22.49,4.1,6.4,11.05,8.26,4.1
2017-12-28,84.76,0.95,3.21,23.66,2.72,21.6,4.81,7.63,8.68,11.64,4.12
2017-12-29,99.28,1.2,4.44,19.38,1.56,21.46,3.82,6.08,9.54,12.16,3.76
2017-12-30,59.77,1.16,3.92,25.19,1.16,23.28,3.73,4.18,11.08,4.54,3.28
2017-12-31,45.82,,3.4,21.12,1.12,23.6,3.56,3.18,12.65,2.38,4.16
2018-01-01,45.6,,2.97,14.77,1.23,21.07,2.96,3.67,11.41,4.52,3.2
2018-01-02,61.83,,4.07,9.71,3.19,16.68,3.03,3.6,11.12,5.3,3.84
2018-01-03,60.99,,3.11,6.6,6.27,16.7,2.56,5.95,8.49,13.34,6.55
2018-01-04,72.46,,3.17,8.2,7.18,26.54,2.78,6.12,,7.31,7.23
2018-01-05,61.48,,3.06,8.14,5.87,20.49,3.05,7.79,,14.2,7.88
2018-01-06,64.94,,3.56,13.64,4.82,25.95,2.81,9.12,,14.72,7.14
2018-01-07,56.8,,3.7,6.5,5.49,21.34,3.33,8.18,,6.89,7.26
2018-01-08,49.51,,2.86,7.87,5.86,12.46,3.87,6.42,,18.63,6.16
2018-01-09,37.96,23.53,2.56,13.99,5.16,11.99,3.1,4.42,,11.0,1.1
2018-01-10,55.8,0.39,4.02,7.3,5.43,13.68,2.82,6.77,,15.98,1.93
2018-01-11,59.55,0.32,3.17,6.83,3.11,22.96,2.75,7.06,,10.51,6.61
2018-01-12,102.25,0.3,3.65,11.32,2.32,27.68,3.16,7.25,9.86,10.34,8.48
2018-01-13,76.58,0.25,4.43,21.81,2.15,28.97,2.65,8.39,10.37,19.86,7.12
2018-01-14,58.18,1.11,2.54,10.03,3.4,24.52,2.84,7.05,10.4,4.37,6.93
2018-01-15,38.97,0.23,1.81,7.7,4.15,9.33,2.82,5.69,8.29,3.94,7.71
2018-01-16,77.88,0.22,2.28,9.36,3.46,26.83,3.56,5.93,10.33,3.18,6.52
2018-01-17,85.81,0.29,3.33,12.58,4.04,18.36,3.98,5.94,8.03,1.19,6.54
2018-01-18,54.29,0.39,3.03,14.81,3.89,30.44,3.67,5.85,8.02,1.73,6.81
2018-01-19,61.87,0.36,2.9,16.52,12.02,33.75,3.94,5.69,7.62,1.55,6.79
2018-01-20,118.22,0.37,3.05,4.43,4.84,37.82,3.02,6.25,8.02,0.91,6.58
2018-01-21,189.75,0.26,2.95,7.02,5.79,27.78,3.45,5.57,8.52,2.1,5.83
2018-01-22,48.33,0.44,2.68,10.9,4.52,16.9,3.7,5.62,7.65,0.63,5.57
2018-01-23,40.51,0.39,3.09,6.67,24.62,12.28,3.71,7.16,7.61,2.27,5.76
2018-01-24,109.29,0.39,2.55,6.23,18.98,12.56,3.34,6.970000000000001,6.69,6.63,6.37
2018-01-25,111.01,0.35,2.71,3.87,18.65,32.98,2.76,6.780000000000001,7.93,3.42,7.39
2018-01-26,102.83,0.39,2.32,3.7,16.63,33.63,2.74,6.590000000000002,7.76,4.1,7.14
2018-01-27,56.14,0.46,2.54,4.87,13.28,27.88,2.94,6.4,7.16,3.09,6.61
2018-01-28,82.3,0.29,1.75,4.36,15.75,18.63,3.66,8.94,8.26,2.41,4.43
2018-01-29,69.89,0.29,2.39,5.5,18.14,17.05,3.64,9.41,8.29,2.57,4.24
2018-01-30,100.81,0.4,2.12,4.26,9.56,29.14,3.27,14.99,8.52,7.15,4.83
2018-01-31,41.88,0.46,2.83,3.78,5.67,41.6,3.12,21.31,8.08,1.99,5.11
2018-02-01,5.81,0.41,3.56,5.48,3.58,37.74,3.36,19.38,8.01,3.73,4.65
2018-02-02,5.81,1.34,3.61,5.93,3.57,41.64,3.18,22.89,7.19,3.39,3.9
2018-02-03,5.81,0.24,3.4,4.57,5.69,32.65,3.75,15.95,8.71,0.5,3.54
2018-02-04,5.81,0.02,1.4,3.23,1.91,19.19,3.66,14.47,7.43,0.73,3.19
2018-02-05,5.81,0.18,2.54,4.47,0.78,5.67,3.07,14.98,7.9,1.13,2.8
2018-02-06,5.81,0.26,2.54,4.88,0.4,43.34,2.62,14.87,7.85,0.83,3.07
2018-02-07,5.81,0.07,1.71,3.92,0.53,35.02,2.97,17.02,7.75,2.57,2.3
2018-02-08,5.81,0.25,1.84,6.09,0.8,16.53,2.52,20.99,8.26,2.53,2.28
2018-02-09,5.81,2.58,2.1,6.44,0.75,17.15,2.7,18.5,8.28,2.9,3.07
2018-02-10,5.81,4.2,1.68,11.0,1.04,16.88,2.63,13.03,8.25,2.19,2.64
2018-02-11,5.81,0.92,1.45,5.29,2.25,4.53,3.22,9.11,7.74,1.37,2.1
2018-02-12,5.81,0.89,1.79,2.11,1.14,3.46,2.78,9.5,6.72,1.52,1.88
2018-02-13,5.81,0.91,1.59,4.16,1.52,4.74,2.9,6.38,6.54,3.21,1.84
2018-02-14,5.81,0.8,1.18,2.66,0.13,9.6,2.9,7.44,6.58,2.95,2.37
2018-02-15,5.81,0.96,1.7,2.82,0.14,13.04,2.3,13.43,7.03,5.08,3.82
2018-02-16,5.81,1.17,1.91,3.48,0.14,16.62,2.71,10.28,7.47,15.65,3.02
2018-02-17,5.81,1.91,1.69,3.91,0.26,22.59,2.53,12.42,7.6,25.16,2.52
2018-02-18,5.81,0.91,0.32,3.78,0.39,18.56,3.26,13.43,7.97,21.63,3.09
2018-02-19,5.81,1.06,0.28,5.52,0.58,6.61,3.19,9.42,7.72,23.16,2.23
2018-02-20,41.52,1.02,0.71,5.42,0.63,10.52,2.99,16.56,8.05,23.83,2.51
2018-02-21,134.73,1.12,1.62,8.8,2.11,14.68,3.31,13.37,7.7,4.07,2.68
2018-02-22,129.03,1.19,3.38,8.11,1.62,9.21,3.68,17.12,7.48,5.17,3.28
2018-02-23,205.68,1.04,2.26,9.53,2.48,10.21,3.14,18.67,7.71,8.57,2.92
2018-02-24,139.115,0.83,1.78,5.82,1.78,5.75,3.14,34.23,7.12,8.63,2.67
2018-02-25,72.55,0.69,1.23,3.94,0.61,7.65,3.25,17.78,6.96,2.62,2.51
2018-02-26,75.24,0.9,2.2,2.1,0.11,16.8,3.04,12.01,6.8,2.47,2.44
2018-02-27,88.61,0.78,3.17,3.03,0.25,18.83,2.91,12.9,7.7,2.0,2.65
2018-02-28,93.04,0.99,2.98,6.26,1.77,21.23,3.29,15.35,7.72,3.01,2.16
2018-03-01,70.75,0.92,3.03,5.76,0.33,19.29,2.63,17.09,7.85,4.17,2.12
2018-03-02,69.29,0.98,2.78,4.5,0.18,13.08,2.96,14.59,6.53,4.72,2.04
2018-03-03,69.84,1.17,2.66,3.67,0.13,7.39,2.56,11.26,7.2,4.41,1.85
2018-03-04,76.14,0.91,2.41,2.92,0.35,9.31,2.97,9.74,6.66,3.76,2.18
2018-03-05,64.57,0.93,1.9,2.92,0.13,6.32,3.05,12.49,6.87,2.61,1.91
2018-03-06,91.72,0.93,2.41,2.83,0.08,7.29,2.89,17.79,5.26,2.85,2.46
2018-03-07,53.98,0.75,2.27,3.57,0.25,6.6,2.94,14.16,3.25,3.13,2.19
2018-03-08,69.23,0.7,3.27,7.04,0.66,8.25,3.39,6.63,2.0,3.18,2.38
2018-03-09,68.66,1.5,3.22,6.65,0.5,5.98,3.36,6.31,1.42,4.06,2.18
2018-03-10,107.66,0.94,5.21,4.0,0.2,7.61,2.71,11.09,1.32,2.08,2.5
2018-03-11,128.41,0.53,0.23,3.12,0.23,4.32,3.2,10.35,1.44,3.31,2.08
2018-03-12,63.94,0.25,0.66,3.51,0.31,4.61,3.07,10.27,1.59,4.02,2.72
2018-03-13,58.25,0.58,0.96,4.78,0.35,5.96,2.94,14.94,1.73,2.68,2.24
2018-03-14,35.06,0.77,0.92,5.34,1.88,8.45,3.42,17.08,1.3,2.35,2.19
2018-03-15,41.29,1.07,0.83,5.3,1.24,4.36,3.02,9.71,0.98,2.7,1.26
2018-03-16,76.59,0.76,0.99,4.59,0.27,11.45,2.72,9.77,0.97,2.25,1.52
2018-03-17,54.92,1.22,1.09,2.68,0.19,4.57,2.76,13.14,1.05,1.26,2.18
2018-03-18,66.97,0.57,0.86,2.17,0.08,3.11,3.48,16.1,1.34,1.27,2.6
2018-03-19,31.65,0.53,1.13,4.02,0.28,4.69,3.11,10.86,1.29,1.33,2.71
2018-03-20,39.23,0.85,1.29,7.16,0.24,5.22,2.95,9.59,1.48,1.53,2.88
2018-03-21,7.55,1.1,1.14,5.93,1.27,8.23,2.94,9.51,2.82,1.15,1.73
2018-03-22,5.89,1.46,1.04,3.93,0.59,12.21,3.89,9.47,2.68,0.88,1.48
2018-03-23,6.68,2.08,1.55,3.61,0.12,18.45,3.78,7.3,3.0,0.88,1.62
2018-03-24,5.81,1.14,2.11,3.53,0.14,17.29,2.98,6.07,3.53,1.33,1.28
2018-03-25,5.81,0.77,1.99,2.91,0.11,10.45,3.88,3.95,2.68,1.95,1.69
2018-03-26,5.81,0.77,2.33,3.4,0.15,6.16,3.11,7.25,6.07,5.43,2.2
2018-03-27,31.9,1.04,2.12,5.92,0.22,9.03,3.09,7.96,3.29,11.47,1.96
2018-03-28,41.59,0.81,1.72,7.37,1.15,6.57,3.69,8.72,,1.7,1.69
2018-03-29,48.57,0.82,1.66,3.78,0.99,10.48,4.87,6.88,,1.25,1.27
2018-03-30,60.63,0.78,1.72,5.64,0.62,7.9,2.81,6.73,,1.38,1.38
2018-03-31,34.15,0.82,1.14,5.24,0.0,6.17,2.56,8.45,,2.53,1.42
2018-04-01,49.38,0.74,0.07,3.11,0.0,4.01,3.0,10.19,,2.95,1.43
2018-04-02,56.31,0.76,1.2,4.77,0.0,4.38,2.91,6.5,,2.08,1.38
2018-04-03,32.62,0.86,4.98,4.13,0.0,6.65,2.87,5.99,,2.05,1.85
2018-04-04,29.75,0.76,2.92,4.85,0.85,3.64,2.69,7.32,,3.92,1.5
2018-04-05,42.19,0.78,0.0,6.26,0.52,4.0,2.72,7.53,,3.07,1.43
2018-04-06,23.75,0.75,0.64,4.14,0.36,6.0,2.52,9.32,,1.95,1.12
2018-04-07,32.62,0.72,3.35,3.32,0.04,5.57,2.31,10.65,,3.24,1.11
2018-04-08,31.65,0.68,1.94,2.63,0.0,3.51,2.47,5.17,,2.57,1.12
2018-04-09,24.02,0.72,1.95,4.47,0.0,4.05,2.7,9.8,,2.36,0.99
2018-04-10,37.02,0.76,5.55,13.51,0.0,6.17,2.65,13.19,,2.37,1.14
2018-04-11,26.62,0.76,1.87,11.48,0.0,5.38,2.89,11.26,,4.23,0.8
2018-04-12,25.77,0.73,7.75,6.09,0.0,6.43,3.03,8.7,,5.96,0.89
2018-04-13,36.5,0.69,5.73,3.64,0.0,4.83,3.77,11.05,,3.42,0.95
2018-04-14,32.52,0.42,1.4,4.84,0.0,2.59,3.08,7.74,,6.97,1.06
2018-04-15,33.77,0.33,0.26,4.67,0.0,4.73,3.42,6.8,,8.62,0.82
2018-04-16,39.22,0.42,0.84,6.12,0.0,11.57,3.15,7.43,,11.71,1.07
2018-04-17,14.65,0.28,2.43,3.77,0.0,5.52,3.05,12.6,,12.08,0.98
2018-04-18,30.49,0.32,10.79,2.79,0.0,6.12,3.04,9.06,,9.4,1.02
2018-04-19,20.03,1.2,7.84,3.63,0.0,7.6,3.11,8.55,,10.29,0.73
2018-04-20,6.61,1.82,5.94,3.71,0.0,9.53,2.69,8.2,,10.92,0.82
2018-04-21,15.2,2.19,7.1,2.73,0.0,15.4,2.98,7.78,,7.64,0.7
2018-04-22,35.04,2.05,6.3,2.24,0.0,6.62,3.22,5.59,,0.0,0.74
2018-04-23,40.35,2.14,7.19,3.31,0.0,2.71,2.32,10.17,,3.79,1.1
2018-04-24,63.31,1.94,9.66,5.14,0.0,5.04,2.7,7.96,,9.57,0.52
2018-04-25,51.66,2.85,10.95,8.18,0.0,2.68,3.17,12.14,,13.24,0.87
2018-04-26,26.4,2.63,11.14,6.76,0.0,4.83,2.54,8.46,,7.57,0.89
2018-04-27,37.83,1.8,9.3,4.75,0.0,7.38,2.32,8.56,,4.74,0.71
2018-04-28,23.33,1.24,9.53,3.23,0.0,2.33,2.56,6.02,,13.42,0.83
2018-04-29,15.35,1.32,7.29,3.3,0.0,7.07,2.59,7.94,,21.78,0.86
2018-04-30,21.11,1.19,9.11,3.66,0.0,7.43,2.32,7.07,,13.4,0.68
2018-05-01,28.44,0.43,1.09,1.91,0.0,7.29,2.45,6.61,,9.62,0.22
2018-05-02,28.04,0.54,2.05,1.84,0.0,3.81,24.496666666666663,13.52,,4.96,0.2333333333333333
2018-05-03,32.13,0.47,2.4,2.3,0.0,3.8,46.54333333333334,15.25,,17.94,0.2466666666666666
2018-05-04,23.67,0.57,2.35,2.55,0.0,4.95,68.59,17.25,,19.83,0.26
2018-05-05,32.95,0.66,2.41,4.28,0.0,4.04,80.55,9.6,,22.12,0.2733333333333333
2018-05-06,31.53,0.55,2.35,5.89,0.0,2.19,89.51,7.79,,15.21,0.2866666666666666
2018-05-07,20.38,0.92,2.22,5.38,0.0,3.61,88.71,7.88,,20.61,0.3
2018-05-08,26.87,1.61,2.4,2.67,0.0,8.91,80.23,7.99,,10.51,5.08
2018-05-09,26.17,1.19,2.73,4.49,0.0,6.34,63.17,8.55,,10.84,2.85
2018-05-10,45.8,1.15,0.0,4.57,0.0,5.2,60.86,11.19,,12.65,0.47
2018-05-11,30.0,1.28,6.83,5.38,0.0,5.51,60.32,6.63,,13.36,0.21
2018-05-12,30.82,1.22,5.476666666666667,5.23,0.0,3.26,63.28,9.81,,8.7,0.3
2018-05-13,31.48,1.19,4.123333333333333,2.15,0.0,3.29,56.94,5.7,,6.83,0.74
2018-05-14,31.88,1.34,2.77,2.34,0.0,2.44,53.58,9.64,,7.12,0.0
2018-05-15,27.16,1.29,2.09,3.06,0.0,2.9,57.91,13.4,,5.64,0.0
2018-05-16,29.35,1.31,2.34,3.61,0.0,3.35,58.79,10.43,,6.36,0.05
2018-05-17,32.04,1.22,2.35,3.94,0.0,5.56,58.15,7.38,3.05,5.85,0.06
2018-05-18,31.0,1.37,2.23,5.04,0.0,5.38,58.54,8.58,3.05,4.96,0.0
2018-05-19,35.54,1.6,2.36,6.98,0.05,6.38,63.35,8.71,2.94,0.23,0.0
2018-05-20,31.62,1.17,2.41,5.24,0.0,3.35,63.73,6.31,2.93,0.31,0.0
2018-05-21,32.76,1.28,2.37,5.34,0.0,3.85,60.47,11.44,2.76,0.24,0.0
2018-05-22,32.22,1.02,1.06,6.23,0.0,4.3,62.01,12.74,2.82,0.34,0.04
2018-05-23,38.71,1.38,0.28,9.66,0.0,6.64,57.48,6.91,2.8,0.45,0.0
2018-05-24,33.02,1.04,0.55,6.97,0.0,4.99,58.33,9.89,2.79,1.36,0.34
2018-05-25,43.42,1.07,0.25,6.57,0.0,6.48,58.87,14.07,2.84,3.99,4.47
2018-05-26,50.15,0.76,0.62,6.65,0.0,3.84,54.0,6.81,2.83,4.36,5.06
2018-05-27,33.54,0.61,0.18,4.64,0.0,8.83,61.9,9.82,2.64,3.07,0.44
2018-05-28,30.25,0.53,0.97,5.02,0.0,5.24,55.21,15.26,2.76,3.89,26.79
2018-05-29,30.99,1.02,1.19,5.4,0.0,7.43,57.95,7.63,2.6,2.1,6.44
2018-05-30,28.74,1.29,2.61,1.85,0.0,4.34,62.47,8.17,2.5,2.03,10.04
2018-05-31,28.21,2.92,3.6,3.53,0.0,3.49,58.98,6.31,2.54,3.51,13.64
2018-06-01,30.68,1.56,2.93,3.18,0.0,6.75,61.54,10.88,2.62,3.79,17.24
2018-06-02,27.68,2.13,3.44,3.67,0.0,8.55,56.3,9.91,2.43,2.62,20.84
2018-06-03,23.81,1.76,4.33,3.37,0.0,4.88,59.4,13.83,2.46,1.36,8.98
2018-06-04,23.3,0.94,4.22,3.41,0.0,4.88,55.88,7.24,2.21,2.97,1.0
2018-06-05,31.16,1.09,3.45,4.69,0.0,5.9,53.75,14.5,2.46,1.55,6.34
2018-06-06,25.54,1.02,4.8,6.46,0.0,6.2,53.31,12.24,2.46,0.84,76.32
2018-06-07,22.97,0.77,5.67,6.4,0.0,2.39,52.12,10.01,2.46,1.07,
2018-06-08,23.88,0.64,4.27,4.55,0.0,2.7,54.93,11.02,2.79,2.36,
2018-06-09,29.52,0.56,2.23,4.57,0.0,2.65,57.25,11.04,2.43,2.64,
2018-06-10,31.08,0.51,0.95,7.04,0.0,2.27,55.59,16.57,2.57,1.47,
2018-06-11,44.1,0.88,3.53,5.41,0.0,4.08,56.32,10.77,2.13,1.77,
2018-06-12,65.42,2.42,5.72,6.1,0.55,6.5,53.31,14.21,3.04,2.56,
2018-06-13,57.46,2.41,4.06,4.31,0.27,3.3,50.82,10.01,2.87,2.24,
2018-06-14,59.55,1.4,5.26,9.35,2.74,3.75,53.71,10.14,2.57,2.04,
2018-06-15,63.22,1.74,5.81,10.64,1.86,3.67,53.39,9.36,2.54,2.39,
2018-06-16,60.4,2.42,4.36,5.58,1.34,2.73,51.64,11.28,2.44,2.24,
2018-06-17,62.54,1.8,0.4,6.3,1.35,2.64,59.46,9.83,2.46,2.34,
2018-06-18,64.19,1.56,2.6,8.24,0.95,1.95,58.91,8.38,2.56,2.42,
2018-06-19,62.59,1.24,2.95,8.34,0.7,1.92,53.97,6.93,2.64,3.93,
2018-06-20,66.45,1.2,3.21,10.83,0.99,2.69,53.41,10.53,2.8,3.47,
2018-06-21,66.65,1.18,4.43,11.19,1.24,3.91,49.34,8.77,2.69,3.69,0.26
2018-06-22,67.57,1.22,4.83,13.08,1.19,7.48,40.77,12.6,2.92,3.68,0.2
2018-06-23,65.57,1.45,3.08,13.63,1.1,5.46,32.2,17.57,2.68,2.76,0.24
2018-06-24,78.82,0.83,1.19,10.24,0.66,2.86,43.38,6.23,2.67,2.38,0.24
2018-06-25,64.39,1.09,3.87,11.0,0.93,1.84,36.87,11.95,2.3,3.35,0.26
2018-06-26,58.54,0.86,4.05,17.81,0.91,1.79,38.45,13.75,2.21,2.97,0.22
2018-06-27,55.54,0.93,4.17,22.29,0.59,2.36,36.4,13.04,2.0,3.7,0.25
2018-06-28,39.1,1.13,5.96,18.35,0.16,3.21,33.8,12.89,1.88,2.66,0.5
2018-06-29,43.73,1.32,7.68,17.18,0.15,3.21,36.01,16.2,2.2,2.29,0.28
2018-06-30,21.06,2.0,7.02,21.04,0.16,5.26,39.11,18.09,2.44,1.62,0.25
2018-07-01,21.34,5.82,1.37,20.66,0.32,4.16,39.73,13.21,2.73,1.29,0.32
2018-07-02,33.98,2.13,3.87,15.01,0.2,3.89,38.58,11.58,2.28,2.37,0.27
2018-07-03,42.94,3.0,3.19,21.86,0.16,2.87,32.43,15.15,2.04,3.78,0.25
2018-07-04,43.43,3.48,1.74,22.27,0.04,3.12,30.3,13.76,2.09,3.95,0.25
2018-07-05,47.28,3.5,0.82,32.38,0.03,3.72,37.63,12.41,2.21,5.05,0.25
2018-07-06,44.61,3.34,2.29,31.73,0.05,8.65,38.14,12.85,2.37,4.83,0.29
2018-07-07,55.23,3.18,1.64,24.89,0.07,10.22,36.63,13.0,2.42,3.77,0.2
2018-07-08,103.81,3.42,1.19,30.07,0.06,4.73,49.88,12.63,2.2,3.92,0.2
2018-07-09,68.95,3.99,1.44,20.19,0.06,2.8,58.81,13.24,1.98,5.77,0.21
2018-07-10,29.36,4.06,1.63,17.31,0.04,3.24,31.33,10.35,2.1,4.72,0.21
2018-07-11,43.19,3.75,1.78,21.21,0.05,4.72,34.94,10.75,2.06,7.01,0.87
2018-07-12,41.09,3.11,1.94,21.79,0.08,4.2,35.21,11.93,2.6,6.78,0.12
2018-07-13,58.37,3.04,2.48,24.0,0.08,4.02,33.02,11.07,2.75,6.64,0.09
2018-07-14,52.09,2.98,2.48,29.69,0.11,4.67,35.86,13.48,1.92,2.26,0.08
2018-07-15,21.03,2.35,1.31,21.78,0.08,4.5,37.5,11.37,1.82,3.04,0.06
2018-07-16,20.33,2.77,2.72,31.33,0.05,3.67,34.55,10.13,1.77,5.34,0.08
2018-07-17,35.82,3.37,2.94,28.84,1.59,2.55,33.67,12.46,1.31,3.18,0.09
2018-07-18,30.43,3.5,2.7,25.94,0.23,4.43,36.34,11.87,0.84,2.15,0.09
2018-07-19,40.62,3.1,2.48,22.7,0.49,2.8,36.52,14.45,1.05,4.4,0.1
2018-07-20,37.99,2.74,1.99,30.82,0.53,3.02,34.77,18.97,1.51,4.57,0.07
2018-07-21,45.89,3.07,1.33,32.24,0.47,5.28,34.18,17.52,1.69,2.47,0.12
2018-07-22,57.34,2.92,2.28,23.18,0.28,2.92,37.3,12.9,1.34,1.71,0.06
2018-07-23,56.71,3.55,2.7,23.1,0.33,3.01,35.61,10.93,0.93,2.48,0.12
2018-07-24,55.29,3.67,2.52,24.69,0.31,4.52,35.79,10.04,0.9,2.87,0.11
2018-07-25,37.19,6.09,2.41,26.71,0.35,4.14,33.48,11.11,1.19,2.63,0.08
2018-07-26,27.58,3.7,7.04,25.4,0.86,4.26,33.07,13.22,0.63,2.39,0.1
2018-07-27,26.88,3.91,7.55,30.17,0.63,3.91,34.1,18.93,0.89,1.81,0.05
2018-07-28,25.32,2.97,6.97,22.84,0.47,4.03,40.5,11.46,1.39,1.47,0.19
2018-07-29,26.7,2.79,3.19,22.57,0.48,5.19,39.52,11.28,1.55,1.11,0.18
2018-07-30,28.67,3.24,6.4,22.42,0.44,3.83,31.58,17.17,1.69,1.35,0.12
2018-07-31,25.96,3.1,4.78,24.33,0.29,3.96,39.24,12.78,1.6,1.57,0.22
2018-08-01,24.87,3.09,3.04,22.32,0.13,6.64,37.59,10.88,1.49,1.25,0.08
2018-08-02,28.19,2.59,13.84,23.26,0.28,8.76,33.72,10.82,1.36,1.3,0.1
2018-08-03,23.79,3.96,5.76,20.79,0.33,10.31,36.2,16.14,1.55,1.28,0.14
2018-08-04,22.09,3.09,6.27,22.81,0.29,6.36,33.85,23.18,1.22,1.07,0.08
2018-08-05,19.29,2.68,4.04,17.19,0.47,5.48,39.22,20.04,1.28,1.4,0.1
2018-08-06,29.82,2.77,7.59,22.79,0.39,3.87,36.56,15.77,1.19,1.76,0.14
2018-08-07,26.35,2.71,8.79,24.7,0.4,3.37,34.66,15.44,1.27,2.74,0.09
2018-08-08,35.8,3.37,1.37,23.23,0.25,3.96,34.57,13.38,1.4,2.95,0.07
2018-08-09,24.83,3.4,7.51,21.43,0.26,13.0,29.97,12.87,1.39,2.39,0.15
2018-08-10,24.71,3.42,9.88,28.91,0.38,10.03,30.72,17.27,1.63,2.46,0.07
2018-08-11,20.92,3.17,0.0,22.4,0.34,5.23,35.69,19.14,2.04,6.35,0.03
2018-08-12,21.53,2.52,5.24,20.03,0.26,3.91,36.94,15.56,1.73,9.19,0.0
2018-08-13,21.8,2.52,4.94,23.38,0.31,2.71,34.94,16.15,1.45,12.26,0.03
2018-08-14,21.77,2.73,1.43,31.99,0.43,7.87,31.7,18.06,1.36,14.94,0.04
2018-08-15,22.14,2.75,0.24,30.1,0.2,3.64,36.92,15.065,1.67,15.11,0.06
2018-08-16,19.58,2.17,2.5,38.17,0.12,1.88,33.32,12.07,1.24,17.07,0.02
2018-08-17,19.27,2.41,3.73,35.61,1.33,2.55,32.91,11.32,1.35,13.99,0.02
2018-08-18,27.76,2.25,6.74,31.04,0.22,2.64,35.7,14.15,1.49,11.7,0.02
2018-08-19,51.62,2.05,6.46,32.28,0.28,4.1,37.16,33.06,1.45,16.31,0.01
2018-08-20,31.28,2.12,8.41,30.16,0.28,2.58,39.8,14.47,1.34,11.0,0.09
2018-08-21,25.08,1.74,6.46,20.9,0.21,1.95,37.93,10.94,1.35,12.88,0.07
2018-08-22,27.97,1.78,4.54,25.98,0.13,2.27,39.6,13.44,3.1,11.26,0.0
2018-08-23,28.84,2.12,6.12,25.82,1.65,2.32,40.96,13.78,2.54,8.18,0.08
2018-08-24,23.45,2.52,4.99,27.47,0.39,3.43,42.4,10.55,2.57,11.69,0.09
2018-08-25,22.06,2.19,4.6,26.57,0.22,5.4,43.56,18.69,2.063333333333333,12.97,0.07
2018-08-26,19.16,1.83,1.74,20.49,0.17,3.42,42.18,33.33,1.5566666666666669,15.6,0.04
2018-08-27,23.18,2.13,5.27,23.78,0.25,3.76,42.76,47.97,1.05,13.54,0.08
2018-08-28,28.77,2.02,4.56,28.19,0.29,9.47,36.25,12.81,2.65,12.67,0.06
2018-08-29,26.46,2.93,6.41,28.23,0.3,6.02,30.99,10.93,3.35,15.81,0.08
2018-08-30,25.45,2.43,7.59,30.81,0.19,11.2,33.18,10.69,2.93,9.97,0.07
2018-08-31,29.19,2.33,5.94,29.67,0.29,18.24,34.6,21.2,3.5,7.62,0.06
2018-09-01,25.59,2.03,7.97,34.3,0.33,14.86,34.28,18.08,4.88,7.17,0.12
2018-09-02,23.87,2.0,7.17,33.74,0.21,11.12,38.06,15.94,2.15,8.47,0.18
2018-09-03,19.945,2.25,5.62,29.86,0.23,5.4,40.97,14.31,4.03,9.48,0.07
2018-09-04,16.02,3.29,10.27,37.58,0.46,11.11,37.2,14.19,5.88,9.18,0.1
2018-09-05,16.02,2.47,4.71,31.65,0.29,14.34,40.09,17.24,4.77,6.94,0.09
2018-09-06,16.02,2.16,2.76,29.94,0.42,17.85,34.87,15.29,7.62,7.06,0.08
2018-09-07,16.02,2.18,2.03,36.86,0.24,10.1,33.62,15.96,8.47,7.12,0.16
2018-09-08,16.02,1.77,0.79,28.88,0.12,4.43,33.33,10.89,7.59,5.1,0.11
2018-09-09,16.02,1.83,0.68,17.3,0.16,9.66,37.95,11.25,7.87,2.59,0.11
2018-09-10,16.02,2.42,0.05,20.47,0.1,19.72,38.26,17.3,8.11,3.76,0.11
2018-09-11,16.02,3.12,0.07,24.81,0.09,19.46,32.98,16.23,8.16,3.71,0.07
2018-09-12,16.02,2.72,0.14,25.14,1.33,14.05,37.85,16.69,6.9,3.83,0.03
2018-09-13,16.02,2.93,1.07,24.6,0.07,34.71,33.29,16.07,5.85,12.16,0.11
2018-09-14,16.02,2.77,0.25,24.24,0.1,32.63,35.93,19.36,5.77,9.17,0.17
2018-09-15,16.02,3.2,0.23,24.43,0.09,37.23,31.02,15.27,5.91,9.23,0.07
2018-09-16,16.02,3.32,0.05,23.98,0.07,28.66,36.39,13.89,6.0,15.77,0.07
2018-09-17,16.02,2.78,0.21,21.94,0.17,9.79,36.56,10.37,6.1,9.42,0.07
2018-09-18,16.02,2.25,0.19,23.97,0.2,19.66,33.91,12.87,6.25,4.18,0.02
2018-09-19,16.02,1.75,0.05,27.54,0.26,24.43,39.42,13.07,6.39,1.88,0.03
2018-09-20,16.02,3.09,0.8,35.2,0.31,17.65,35.65,19.84,6.23,2.13,0.18
2018-09-21,16.02,2.33,1.22,22.78,0.1,6.3,36.96,9.36,5.97,3.16,0.03
2018-09-22,16.02,2.77,0.65,24.61,0.11,3.53,37.99,10.12,5.81,3.21,0.07
2018-09-23,16.02,2.49,0.79,17.36,0.16,7.74,38.83,11.1,5.72,3.29,0.02
2018-09-24,16.02,2.62,1.26,21.7,0.24,9.9,33.06,10.87,3.68,3.24,0.02
2018-09-25,16.02,3.04,1.34,30.75,0.26,23.18,31.53,16.88,0.73,3.14,7.96
2018-09-26,16.02,2.57,0.23,40.14,0.22,37.37,36.01,11.4,1.82,3.14,0.07
2018-09-27,16.02,2.73,0.0,60.29,0.32,20.49,24.59,10.57,1.13,3.15,0.13
2018-09-28,16.02,2.04,0.91,75.0,0.36,35.75,33.34,14.01,1.15,3.15,0.03
2018-09-29,16.02,1.68,0.25,72.97,0.35,41.79,31.29,12.99,0.91,5.13,0.06
2018-09-30,16.02,1.53,1.32,34.63,0.27,47.79,32.93,10.89,1.6,12.23,0.06
2018-10-01,16.02,1.44,1.37,45.58,0.28,29.8,29.03,9.4,1.67,10.23,0.03
2018-10-02,14.93,1.19,1.43,47.19,0.31,20.15,33.72,10.57,1.56,14.22,0.1
2018-10-03,12.36,1.04,1.6,45.68,0.41,15.38,28.42,8.96,1.48,10.96,0.06
2018-10-04,12.86,1.3,7.33,56.91,0.56,17.12,30.14,11.79,1.04,9.99,0.05
2018-10-05,12.86,1.18,7.88,76.45,0.41,19.13,30.55,11.53,0.85,9.47,0.21
2018-10-06,17.32,1.3,10.52,50.77,0.48,31.53,33.39,12.67,1.29,10.71,0.16
2018-10-07,21.26,0.81,24.92,50.09,0.4,29.46,34.4,7.82,1.64,11.37,0.07
2018-10-08,21.26,1.0,18.97,60.1,0.41,35.14,35.68,7.95,1.3,10.58,0.08
2018-10-09,21.26,2.0,5.19,51.48,0.4,56.11,36.52,9.11,0.68,9.02,0.14
2018-10-10,21.26,3.07,6.02,45.79,0.29,39.8,31.96,10.53,1.19,10.06,0.05
2018-10-11,21.26,5.59,3.19,35.5,0.25,29.56,30.6,25.12,1.1,11.21,0.03
2018-10-12,21.26,3.95,0.45,47.52,0.32,36.12,31.16,18.5,1.29,11.76,0.08
2018-10-13,21.26,3.7,0.54,56.08,0.27,45.43,31.06,9.67,1.76,10.59,0.09
2018-10-14,21.26,2.36,0.25,41.27,0.24,40.2,34.18,10.6,2.02,13.96,0.06
2018-10-15,21.26,3.76,0.39,57.84,0.25,33.54,28.87,12.87,1.81,12.61,0.12
2018-10-16,21.26,1.66,0.14,78.45,0.36,25.89,28.56,10.58,1.16,14.93,0.19
2018-10-17,21.26,2.12,0.8,63.99,1.28,15.05,30.42,8.1,1.35,13.98,0.02
2018-10-18,21.26,2.22,0.69,83.91,0.57,15.32,34.64,12.87,1.62,15.65,0.046
2018-10-19,21.26,1.06,0.99,58.94,0.54,15.35,34.9,15.11,1.58,16.46,0.072
2018-10-20,21.26,0.99,1.15,54.68,0.42,34.82,30.35,14.48,1.16,13.36,0.098
2018-10-21,21.26,0.95,4.75,57.74,0.48,26.89,42.12,12.76,1.7,13.33,0.124
2018-10-22,21.26,1.6,8.32,49.87,0.35,40.01,34.33,12.14,1.97,10.82,0.15
2018-10-23,21.26,2.32,2.55,62.35,0.44,25.37,34.75,14.93,1.72,15.52,0.08
2018-10-24,21.26,1.78,0.0,100.96,0.46,41.47,27.49,15.38,1.46,14.16,0.07
2018-10-25,21.26,1.87,0.21,88.49,0.98,29.89,31.26,14.27,1.98,12.12,0.11
2018-10-26,21.26,2.07,0.32,94.71,0.94,27.27,31.25,9.8,2.63,8.79,0.15
2018-10-27,21.26,2.22,0.45,103.0,1.07,54.43,30.05,11.43,2.57,2.17,0.38
2018-10-28,21.26,2.61,1.36,77.78,1.0,60.02,33.06,5.67,2.52,2.29,0.28
2018-10-29,27.68,3.56,1.88,74.48,0.8,52.36,31.57,5.78,2.54,1.68,0.22
2018-10-30,34.91,3.44,1.25,90.31,0.76,42.2,30.54,6.37,1.96,3.21,0.13
2018-10-31,23.09,2.78,1.12,92.3,0.75,33.6,30.44,6.1,2.35,3.04,0.15
2018-11-01,46.89,1.92,1.48,94.12,1.04,32.09,35.53,5.81,2.22,4.4,0.02
2018-11-02,36.27,1.68,0.89,64.64,1.43,28.26,32.71,7.77,1.12,4.06,0.04
2018-11-03,39.01,1.66,0.65,35.39,1.04,11.06,31.06,5.55,0.91,2.7,0.05
2018-11-04,72.18,1.53,0.43,19.99,1.57,10.1,34.96,5.04,0.28,1.64,0.05
2018-11-05,68.8,1.77,0.65,34.14,1.76,10.96,29.5,5.12,1.01,1.6,0.07
2018-11-06,53.75,2.3,0.4,24.85,1.41,16.8,26.43,10.11,1.32,2.44,0.11
2018-11-07,52.51,1.85,0.97,20.77,1.52,16.75,25.61,10.14,2.66,2.46,0.05
2018-11-08,55.29,2.04,0.05,44.0,1.73,8.74,23.26,11.26,1.57,1.98,0.07
2018-11-09,48.01,1.88,0.39,55.65,0.94,23.02,26.21,7.77,2.74,2.16,0.11
2018-11-10,52.97,2.66,0.02,81.74,1.35,27.46,27.94,8.39,3.05,2.19,0.09
2018-11-11,54.64,2.94,0.0,71.1,1.14,39.61,30.7,5.9,2.07,0.61,0.29
2018-11-12,56.47,4.39,0.05,69.49,1.35,38.79,28.69,8.58,1.55,3.31,0.39
2018-11-13,59.96,5.53,0.09,74.6,1.75,53.46,29.55,6.81,1.34,6.63,0.29
2018-11-14,32.2,5.63,0.22,42.88,1.32,54.91,30.62,5.55,0.5,2.02,0.56
2018-11-15,32.2,3.95,0.55,39.67,1.09,39.56,25.96,6.09,0.86,4.0,0.09
2018-11-16,32.2,1.9,1.57,24.64,0.59,37.94,26.06,6.06,1.03,2.25,0.06
2018-11-17,32.2,1.46,1.44,32.22,2.1,11.13,26.31,5.51,1.61,5.4,0.07
2018-11-18,32.2,1.09,0.05,48.08,1.04,8.96,29.22,6.76,1.64,8.42,0.07
2018-11-19,32.2,1.36,2.38,33.16,1.55,7.29,31.04,6.45,1.62,7.19,0.04
2018-11-20,32.2,1.8,0.98,51.31,1.66,24.34,33.37,6.14,1.91,7.22,0.04
2018-11-21,32.2,1.85,0.1,42.92,1.47,32.4,30.99,,1.94,8.2,0.08
2018-11-22,32.2,1.81,0.23,56.92,1.26,17.72,32.07,,2.95,7.87,0.16
2018-11-23,32.2,1.88,0.23,61.33,1.12,30.82,28.01,,1.49,6.81,0.1
2018-11-24,32.2,1.88,0.31,30.31,0.94,37.53,27.44,,1.61,6.27,0.01
2018-11-25,32.2,1.76,0.1,43.22,1.15,30.13,30.47,,2.99,11.24,0.08
2018-11-26,32.2,1.79,0.17,61.96,1.75,40.63,34.65,,2.81,7.93,0.23
2018-11-27,32.2,1.68,0.22,92.77,2.06,20.25,29.55,,2.81,7.18,0.3
2018-11-28,32.22,1.97,1.07,73.8,2.33,15.27,26.09,,2.12,5.91,0.26
2018-11-29,32.25,2.22,0.68,78.97,2.03,36.89,25.94,,2.62,7.72,0.04
2018-11-30,32.27,1.86,0.54,48.33,1.81,41.06,26.22,8.39,2.37,11.27,0.17
2018-12-01,32.3,2.38,0.2,46.53,1.86,27.45,26.4,8.49,3.3,8.76,0.5
2018-12-02,32.27,1.81,0.15,70.64,1.82,20.7,28.38,8.22,2.65,10.27,0.44
2018-12-03,32.29,1.81,0.54,66.53,1.56,16.07,25.22,7.95,1.8,10.89,0.12
2018-12-04,32.31,2.02,0.28,84.12,2.58,21.43,26.76,7.68,2.22,10.67,0.12
2018-12-05,32.31,1.85,0.81,60.99,1.74,9.26,25.65,9.2,2.84,10.23,0.21
2018-12-06,32.3,2.1,0.16,86.38,2.31,12.49,27.24,8.48,2.84,11.0,0.08
2018-12-07,32.34,2.26,0.23,57.31,1.7,12.22,24.94,11.07,1.94,9.27,0.11
2018-12-08,32.31,1.87,0.29,57.49,2.07,9.73,25.25,7.86,2.25,10.05,0.05
2018-12-09,32.35,1.61,0.22,70.17,2.26,7.35,27.1,8.62,2.95,10.89,0.06
2018-12-10,32.35,2.29,0.19,57.53,4.64,6.15,28.42,8.43,2.11,9.67,0.04
2018-12-11,32.32,2.86,0.05,59.75,2.33,19.03,28.61,9.1,0.91,6.62,0.05
2018-12-12,32.36,2.8,0.28,49.37,2.8,11.58,28.8,7.97,0.86,4.45,0.11
2018-12-13,32.32,2.45,0.18,34.89,0.6,13.27,30.52,9.29,0.83,4.01,0.16
2018-12-14,32.3,2.25,0.36,27.97,0.29,27.29,26.79,6.86,0.97,3.96,0.3
2018-12-15,32.33,2.16,0.88,27.13,0.33,29.08,23.89,5.03,1.17,5.21,0.11
2018-12-16,32.31,2.09,0.28,31.02,0.99,29.84,25.18,5.47,1.29,6.97,0.15
2018-12-17,32.31,2.73,0.11,44.09,1.71,25.71,22.16,3.63,2.0,6.88,0.0
2018-12-18,32.34,5.51,0.54,43.12,0.65,32.46,18.2,9.58,2.81,8.16,0.0
2018-12-19,32.33,2.9,0.78,39.02,0.84,23.38,19.65,6.18,3.4,8.71,0.01
2018-12-20,32.39,2.43,0.57,62.49,1.28,33.51,21.35,8.54,2.61,9.77,0.07
2018-12-21,32.39,2.56,0.58,46.63,0.58,34.17,24.46,7.18,2.12,10.54,0.16
2018-12-22,32.36,2.47,0.66,55.27,1.35,30.97,22.51,7.91,2.59,8.65,0.15
2018-12-23,32.37,2.01,0.22,74.07,1.26,17.11,23.47,0.01,2.12,6.74,0.21
2018-12-24,32.37,1.9,0.42,73.62,0.88,25.64,25.31,3.65,2.0,7.07,0.21
2018-12-25,32.34,2.16,1.79,38.49,0.37,25.34,24.19,11.94,2.36,7.89,0.22
2018-12-26,32.3,1.95,1.82,36.39,0.36,11.39,26.28,11.01,2.57,10.1,0.05
2018-12-27,32.31,1.66,0.83,70.74,2.58,19.67,28.34,9.34,2.76,8.91,0.01
2018-12-28,32.37,1.31,3.25,30.25,0.28,25.25,25.35,8.29,2.19,6.04,0.22
2018-12-29,32.32,1.11,2.93,37.55,0.2,34.16,25.04,5.75,3.82,7.51,0.19
2018-12-30,32.3,0.9,0.81,65.05,0.86,29.95,25.92,7.21,2.38,8.89,0.36
2018-12-31,32.33,1.44,0.51,59.74,0.9,31.48,24.4,8.46,2.41,10.17,0.23
2019-01-01,32.33,1.24,0.44,48.84,1.04,38.44,26.65,10.18,2.81,11.38,0.21
2019-01-02,32.34,1.25,1.74,58.7,2.8,21.41,31.66,8.93,2.78,8.67,0.25
2019-01-03,32.42,1.66,1.13,56.57,0.99,29.59,28.82,9.61,2.44,7.58,0.58
2019-01-04,32.38,1.66,0.45,40.5,1.19,19.38,27.82,8.18,1.74,7.68,0.25
2019-01-05,32.43,1.22,1.3,51.69,0.69,10.09,30.56,4.47,1.6,8.01,0.31
2019-01-06,32.35,1.17,2.1,31.15,0.27,8.52,31.04,6.2,0.76,7.16,0.22
2019-01-07,32.35,1.25,2.19,34.1,0.62,20.89,27.38,7.46,1.05,5.31,0.31
2019-01-08,32.39,1.56,3.21,24.24,0.27,39.4,24.38,10.71,1.26,8.01,0.25
2019-01-09,32.39,1.43,1.36,22.96,0.29,51.33,24.28,7.97,1.19,6.07,0.16
2019-01-10,32.36,0.71,2.11,33.81,1.35,26.42,25.48,7.06,1.8,9.51,0.23
2019-01-11,32.37,1.08,2.6,73.38,1.59,14.29,28.46,4.01,1.9,5.95,0.15
2019-01-12,32.35,1.36,1.12,73.27,0.8,9.16,28.76,6.65,1.44,6.03,0.08
2019-01-13,32.4,1.1,2.16,50.53,0.73,7.86,30.99,7.12,0.76,6.6,0.18
2019-01-14,32.44,1.33,2.23,19.45,0.14,8.85,23.04,8.06,0.77,4.23,0.12
2019-01-15,32.42,1.25,0.74,24.31,0.14,26.28,22.28,9.25,1.13,7.01,0.14
2019-01-16,32.36,1.42,2.72,53.96,0.3,23.92,24.28,2.87,1.77,10.57,0.13
2019-01-17,32.36,2.1,4.33,66.34,0.52,34.31,25.03,4.94,1.91,7.97,0.18
2019-01-18,32.33,1.57,2.38,44.42,0.31,25.86,26.24,6.33,1.39,9.32,0.15
2019-01-19,32.3,1.43,2.82,55.89,0.28,23.24,24.46,7.96,1.47,12.09,0.13
2019-01-20,32.33,1.14,2.69,92.09,0.51,32.62,24.79,9.65,1.47,9.31,0.11
2019-01-21,32.4,1.28,3.86,36.57,0.54,12.2,26.71,12.15,0.52,5.97,0.09
2019-01-22,32.34,3.27,1.92,19.7,0.24,6.16,25.3,9.23,0.35,4.44,0.08
2019-01-23,32.35,1.72,0.33,40.42,0.26,9.02,21.14,9.22,0.37,6.51,0.02
2019-01-24,32.33,1.35,0.74,44.97,0.43,7.54,22.77,10.66,4.04,5.3,0.04
2019-01-25,32.32,1.35,0.48,27.94,0.54,3.99,23.05,13.25,2.96,4.44,0.01
2019-01-26,32.31,1.19,1.44,16.99,0.17,10.58,20.65,6.2,2.46,4.25,0.02
2019-01-27,32.34,1.03,0.5,19.33,0.13,27.18,21.39,4.96,3.03,5.54,0.06
2019-01-28,32.32,1.13,0.31,20.16,0.11,35.42,21.15,5.42,3.41,7.13,0.12
2019-01-29,32.28,0.99,0.06,27.11,0.13,35.12,17.85,4.48,2.87,5.74,0.05
2019-01-30,32.3,3.64,0.05,42.52,0.09,32.83,18.39,3.84,2.74,12.05,0.08
2019-01-31,32.31,8.12,0.05,50.25,0.21,17.9,21.35,3.9,2.02,8.53,0.14
2019-02-01,32.3,3.19,0.0,26.59,0.35,11.14,23.47,5.05,1.24,7.03,0.36
2019-02-02,32.33,1.6,0.88,22.16,0.24,13.09,22.2,8.12,0.26,6.78,0.1
2019-02-03,32.36,1.28,0.0,20.96,0.1,10.08,20.6,6.65,0.0,18.18,0.1
2019-02-04,32.31,1.24,0.2,33.18,0.15,7.39,18.61,4.04,0.49,15.31,0.14
2019-02-05,32.36,1.23,0.16,77.07,0.35,11.62,20.27,6.39,2.11,19.6,0.19
2019-02-06,32.29,1.37,1.18,33.57,0.89,12.52,19.53,8.19,2.25,15.63,0.09
2019-02-07,32.31,1.65,1.16,16.32,0.25,5.4,22.77,9.11,2.25,7.87,0.06
2019-02-08,32.3,1.83,1.12,24.72,0.29,18.41,17.92,5.86,2.05,6.02,0.0
2019-02-09,32.33,2.2,1.25,21.49,0.1,31.91,17.1,4.79,1.81,5.98,0.05
2019-02-10,32.31,2.03,1.13,28.28,0.08,26.09,18.97,1.92,1.81,12.01,0.06
2019-02-11,32.32,1.37,1.04,41.78,0.19,11.69,20.17,2.11,1.81,7.42,0.02
2019-02-12,32.32,1.33,1.14,59.23,0.37,7.94,18.67,3.45,2.75,7.02,0.05
2019-02-13,32.28,1.1,0.93,46.95,0.64,10.03,19.26,2.38,2.97,6.89,0.1
2019-02-14,32.36,1.11,0.0,29.52,0.14,8.47,20.95,3.84,2.24,7.58,0.08
2019-02-15,32.31,1.75,0.0,24.5,0.05,4.27,21.16,1.98,2.44,5.05,0.02
2019-02-16,32.37,2.89,0.05,20.22,0.44,19.35,20.64,3.61,2.44,4.43,0.01
2019-02-17,32.34,2.91,0.2,20.46,0.73,18.63,18.58,3.65,2.44,8.17,0.01
2019-02-18,32.4,2.96,0.0,26.07,0.68,28.29,15.32,3.36,1.56,8.32,0.0
2019-02-19,32.37,1.93,0.0,34.03,1.19,11.39,20.62,1.73,0.75,6.98,0.0
2019-02-20,32.41,1.33,0.0,40.74,1.4,4.36,19.37,4.32,2.0,7.6,0.01
2019-02-21,32.37,1.57,0.0,31.74,1.18,6.5,20.39,3.88,4.59,6.53,0.04
2019-02-22,32.4,1.96,0.05,24.76,0.98,6.53,21.95,5.97,5.47,4.43,0.04
2019-02-23,32.42,5.95,0.0,15.68,0.33,16.22,19.7,3.96,8.43,4.66,0.07
2019-02-24,32.38,7.3,0.0,22.6,0.26,11.14,17.84,4.17,8.85,9.29,0.05
2019-02-25,32.38,7.46,0.0,31.49,0.3,15.46,19.13,3.92,8.33,7.62,0.01
2019-02-26,32.37,8.24,0.42,28.02,0.37,31.48,21.81,2.85,6.98,7.62,0.0
2019-02-27,32.4,6.43,0.05,20.26,0.69,31.11,19.1,3.2033333333333336,7.03,7.16,0.01
2019-02-28,32.38,6.74,2.44,31.82,0.61,24.56,15.46,3.556666666666667,6.14,7.67,0.01
2019-03-01,32.38,10.62,0.0,33.92,0.48,16.23,17.08,3.91,6.41,8.63,0.01
2019-03-02,32.34,4.29,4.11,41.24,1.46,5.96,19.09,1.92,6.12,7.88,0.0
2019-03-03,32.45,4.21,0.09,25.83,1.45,6.54,19.51,2.35,6.03,8.38,0.0
2019-03-04,32.38,3.53,2.74,33.07,1.26,13.82,19.55,2.6,6.03,8.81,0.0
2019-03-05,32.33,4.44,3.0,21.24,1.47,36.86,19.4,2.93,2.17,5.61,0.01
2019-03-06,32.33,6.99,3.44,28.52,29.69,45.07,18.62,3.18,1.73,8.38,0.18
2019-03-07,32.38,10.92,2.64,40.26,4.53,58.97,17.9,4.05,1.76,8.94,4.15
2019-03-08,32.45,7.46,1.26,39.27,7.2,28.93,17.5,5.19,1.74,6.92,4.48
2019-03-09,32.43,5.91,0.94,27.63,1.61,11.43,17.67,5.31,1.84,5.89,5.33
2019-03-10,32.44,3.47,0.27,22.35,1.69,5.87,19.01,4.25,2.15,6.7,4.23
2019-03-11,32.42,3.12,0.77,28.53,1.73,5.38,16.48,2.28,2.1,5.87,3.31
2019-03-12,32.35,3.55,0.47,28.82,2.59,8.04,18.09,3.12,2.1,5.48,6.81
2019-03-13,32.43,4.04,5.14,38.19,2.24,7.24,18.35,2.69,2.15,6.45,4.9
2019-03-14,32.37,3.55,5.32,43.04,1.88,9.19,18.42,5.05,2.19,5.91,9.76
2019-03-15,32.38,4.1,3.24,26.99,19.15,9.95,19.42,1.28,2.2,5.54,6.87
2019-03-16,32.39,4.25,0.45,19.21,5.67,6.18,16.78,1.5,2.19,5.18,5.11
2019-03-17,32.4,4.14,0.0,26.23,3.45,6.08,17.13,2.82,2.22,7.34,9.37
2019-03-18,32.34,3.83,0.63,28.14,17.94,11.28,16.27,4.34,2.23,6.39,4.07
2019-03-19,32.36,3.86,0.91,35.57,10.08,5.9,15.84,8.13,2.23,6.92,3.29
2019-03-20,32.29,4.09,1.16,32.18,3.53,6.0,22.87,9.1,2.09,5.92,2.68
2019-03-21,32.34,4.17,0.06,20.48,1.5,5.35,17.53,6.98,2.16,4.61,2.82
2019-03-22,32.34,4.47,0.05,12.49,1.37,11.6,15.44,7.53,2.15,3.82,3.57
2019-03-23,32.29,4.96,0.59,14.11,1.3,15.13,15.66,6.39,2.2,4.44,4.5
2019-03-24,32.37,3.78,0.0,18.18,2.79,14.78,17.59,5.71,2.18,4.77,3.2
2019-03-25,32.4,4.35,0.32,18.57,10.71,9.53,18.45,7.09,2.16,3.99,3.77
2019-03-26,32.33,4.35,0.0,20.89,7.96,15.13,18.14,7.01,2.23,4.42,3.07
2019-03-27,32.34,4.33,0.05,26.16,3.45,12.88,15.75,3.53,2.36,7.77,3.83
2019-03-28,32.47,5.78,0.11,46.43,4.43,19.35,16.98,3.06,2.33,10.61,3.54
2019-03-29,32.49,5.05,0.0,54.66,4.72,18.76,17.78,3.93,2.23,10.97,2.73
2019-03-30,32.47,5.22,0.06,39.48,6.1,11.34,18.89,5.63,2.1,5.71,2.14
2019-03-31,32.38,3.9,0.0,19.16,2.28,8.01,16.99,4.71,2.16,3.91,3.43
2019-04-01,32.45,3.68,0.0,14.87,1.79,13.07,15.04,5.88,1.96,5.35,3.58
2019-04-02,32.53,4.62,0.0,27.15,3.08,13.25,16.22,5.13,2.24,5.46,2.43
2019-04-03,32.5,5.0,0.1,30.97,4.77,11.7,17.52,3.93,2.22,6.96,1.72
2019-04-04,32.43,3.94,0.0,44.58,3.58,9.57,16.39,4.9,2.19,9.04,2.13
2019-04-05,32.54,4.05,0.0,44.11,1.89,11.96,17.15,4.15,2.33,8.62,2.11
2019-04-06,32.42,4.7,0.0,31.87,2.16,12.54,16.43,5.75,2.22,6.18,2.03
2019-04-07,32.43,3.98,0.0,27.68,1.2,7.16,16.27,5.67,2.18,5.53,1.6
2019-04-08,32.45,5.02,0.0,23.2,1.38,7.86,15.19,4.12,2.12,4.13,1.25
2019-04-09,32.51,5.16,0.0,31.98,1.27,12.75,15.45,5.12,2.21,5.11,1.43
2019-04-10,32.52,4.34,3.34,38.21,1.28,14.18,14.66,3.52,2.18,6.17,2.24
2019-04-11,32.46,4.38,3.43,32.83,1.95,10.04,17.45,3.95,2.14,5.55,1.54
2019-04-12,32.5,4.28,3.71,27.97,1.94,12.47,16.86,4.38,2.13,4.68,2.17
2019-04-13,32.6,3.18,3.66,25.55,1.62,15.23,17.24,7.25,1.98,4.12,2.74
2019-04-14,32.52,1.34,3.81,20.11,1.25,15.01,16.63,6.18,2.24,4.14,1.37
2019-04-15,32.5,2.26,4.19,25.15,1.1,9.0,16.6,5.54,2.12,3.56,2.13
2019-04-16,32.5,2.61,4.63,18.41,0.92,12.24,14.22,7.18,2.06,3.34,2.07
2019-04-17,32.5,2.96,5.0,10.16,0.86,9.89,13.41,5.23,1.97,3.75,2.02
2019-04-18,32.49,3.21,3.66,16.68,0.78,14.37,14.83,4.44,1.7,4.27,3.11
2019-04-19,32.52,2.55,3.03,22.01,0.82,8.95,13.55,3.58,2.21,3.98,2.64
2019-04-20,32.51,2.63,2.77,21.84,0.79,7.59,14.17,4.51,2.23,6.03,2.25
2019-04-21,32.47,2.32,0.71,29.87,0.79,3.95,18.65,9.56,2.39,6.17,2.55
2019-04-22,32.45,2.64,2.48,36.82,1.14,3.95,14.17,5.58,2.33,6.89,2.28
2019-04-23,32.42,2.48,0.37,47.16,1.03,8.79,14.19,3.72,2.36,9.72,3.95
2019-04-24,32.51,2.82,0.28,25.22,1.1,8.4,16.5,4.71,2.08,7.01,2.73
2019-04-25,32.486666666666665,3.48,0.25,23.29,1.06,14.14,14.77,4.54,2.09,5.37,1.43
2019-04-26,32.46333333333333,2.89,0.21,35.45,1.48,11.53,14.16,3.92,2.17,4.71,1.79
2019-04-27,32.44,1.79,0.16,23.25,0.88,14.25,15.71,4.55,2.18,3.95,1.13
2019-04-28,32.49,2.52,0.09,25.12,1.42,9.22,15.08,3.22,2.19,3.62,1.33
2019-04-29,32.46,2.92,0.05,31.9,1.51,5.41,14.34,3.17,2.23,4.92,1.73
2019-04-30,32.36,1.75,0.2,33.92,1.76,5.35,14.61,2.73,2.21,7.83,1.84
2019-05-01,32.44,1.31,0.12,31.18,1.24,4.44,15.33,3.53,2.19,4.77,2.85
2019-05-02,32.48,1.19,0.29,24.4,1.15,7.24,15.35,4.35,2.13,5.43,3.44
2019-05-03,32.43,1.52,0.06,20.92,1.11,4.57,14.76,10.52,2.17,5.9,5.18
2019-05-04,32.49,2.48,0.17,23.01,1.0,5.53,14.28,4.47,2.05,6.43,2.22
2019-05-05,32.45,2.36,0.06,20.52,5.21,10.37,14.18,3.88,2.2,8.35,1.97
2019-05-06,32.45,3.0,0.0,37.46,18.71,26.06,15.17,4.32,2.3,9.36,2.17
2019-05-07,32.32,2.56,0.81,41.56,42.04,35.39,15.36,3.2,2.31,4.86,1.37
2019-05-08,32.52,3.77,0.96,51.12,106.61,33.18,16.32,2.71,2.2,4.36,4.0
2019-05-09,32.35,4.89,3.18,35.17,126.18,33.17,15.1,5.08,2.32,3.83,2.48
2019-05-10,28.55,3.94,2.82,21.93,132.47,42.79,17.65,4.14,2.07,3.99,2.48
2019-05-11,0.0,3.39,0.0,24.68,88.46,28.16,12.78,4.09,2.21,4.96,1.68
2019-05-12,0.0,2.76,0.0,18.73,32.61,9.3,14.03,3.59,2.25,3.98,3.7
2019-05-13,0.0,2.96,0.06,24.54,58.25,13.6,15.93,4.07,2.22,4.4,1.68
2019-05-14,52.6,2.57,0.15,21.65,12.65,13.72,15.76,4.12,2.19,3.92,1.6
2019-05-15,85.54,2.4,0.09,36.61,11.78,13.49,14.04,3.35,2.25,5.63,1.32
2019-05-16,83.89,3.7,0.29,31.48,6.92,22.47,14.79,5.45,2.12,3.53,2.08
2019-05-17,83.83,4.56,0.13,33.11,3.5,23.06,15.45,5.64,2.22,3.33,1.77
2019-05-18,82.73,5.25,0.08,20.4,3.45,21.82,13.95,4.46,2.19,3.34,1.16
2019-05-19,84.17,3.42,0.03,20.41,2.48,34.93,12.33,3.34,2.13,5.75,1.32
2019-05-20,83.87,3.22,0.05,27.74,2.56,11.18,13.57,4.29,2.08,6.66,1.24
2019-05-21,82.95,1.58,0.07,22.84,2.9,7.83,14.84,3.52,1.91,5.4,1.17
2019-05-22,84.17,1.31,0.06,27.61,2.98,9.83,13.92,2.2,2.16,5.46,1.27
2019-05-23,83.95,2.94,0.07,34.62,3.08,6.1,13.29,2.06,2.12,5.57,1.02
2019-05-24,82.4,2.59,0.54,31.5,2.93,8.55,13.56,2.5,1.97,5.24,1.46
2019-05-25,83.2,1.99,0.43,18.48,2.86,12.41,13.72,2.05,2.16,3.05,1.82
2019-05-26,84.59,1.73,0.39,23.51,2.86,19.3,15.0,1.84,2.2,3.19,1.55
2019-05-27,84.11,2.67,0.31,30.03,2.98,13.43,16.43,2.7,1.97,4.46,1.27
2019-05-28,85.28,2.9,0.45,30.24,3.1,10.47,16.09,6.75,1.98,5.38,1.09
2019-05-29,85.25,2.12,0.39,34.39,3.1,20.27,14.48,5.7,2.14,7.05,1.06
2019-05-30,83.72,1.88,1.15,51.27,3.12,6.02,14.16,6.86,2.34,4.39,2.96
2019-05-31,84.55,2.32,1.81,32.57,2.98,6.15,13.63,6.07,2.23,4.66,1.06
2019-06-01,84.08,2.44,2.75,34.6,2.91,6.95,14.66,8.09,2.27,5.52,1.62
2019-06-02,83.78,1.45,0.59,13.66,2.89,12.26,14.24,5.68,2.33,3.45,1.29
2019-06-03,81.45,1.75,0.97,8.62,2.82,2.78,14.47,10.42,2.26,5.38,1.09
2019-06-04,79.02,1.52,1.08,16.91,2.86,4.6,13.79,17.77,1.8,3.15,2.37
2019-06-05,371.65,1.27,1.62,20.62,2.88,4.29,10.66,6.84,1.81,2.73,1.09
2019-06-06,85.15,1.57,1.05,23.94,2.84,5.41,7.56,9.33,2.03,3.97,1.46
2019-06-07,82.595,1.49,3.29,18.06,3.17,6.24,8.13,8.71,1.93,4.47,1.38
2019-06-08,80.04,1.16,2.9,25.47,2.79,10.11,8.94,7.21,2.21,3.77,1.32
2019-06-09,141.33,0.77,0.65,39.35,2.77,4.54,7.31,10.18,1.92,4.87,1.06
2019-06-10,256.09,0.65,0.53,34.84,2.78,3.12,8.57,14.42,1.89,4.61,1.19
2019-06-11,123.47,0.8,0.81,31.38,2.8,5.28,8.71,13.34,2.23,2.6,1.26
2019-06-12,87.51,1.09,1.3,14.48,2.74,1.13,8.03,11.37,2.02,2.9,1.65
2019-06-13,80.04,1.65,1.43,17.35,2.96,0.94,8.65,10.61,1.82,1.68,2.31
2019-06-14,80.04,5.73,0.97,21.47,3.3,0.86,10.15,15.75,1.55,1.35,1.13
2019-06-15,80.04,7.15,0.37,27.52,5.38,1.3,9.91,10.97,2.22,1.46,0.96
2019-06-16,80.04,3.2,0.3,12.14,2.85,1.19,6.98,9.24,1.84,1.79,1.39
2019-06-17,80.04,2.92,1.6,15.55,2.24,1.78,6.89,22.56,2.03,2.37,3.67
2019-06-18,80.04,2.34,1.08,22.32,2.26,1.91,7.32,11.08,1.66,2.74,3.55
2019-06-19,80.04,2.69,0.47,24.24,2.31,0.91,7.98,19.07,1.97,2.55,3.08
2019-06-20,80.04,1.97,2.82,12.68,1.76,1.45,7.44,12.49,1.95,2.6,1.73
2019-06-21,80.04,2.5,2.24,24.07,3.76,5.71,6.36,14.08,2.0,2.65,2.02
2019-06-22,80.04,1.94,1.22,23.59,4.04,3.9,6.55,26.43,2.14,3.02,1.81
2019-06-23,80.04,2.26,1.26,9.57,1.06,4.58,7.03,16.7,1.92,3.3,1.31
2019-06-24,80.04,2.76,1.38,11.28,1.89,7.41,6.41,13.81,1.86,2.77,1.04
2019-06-25,80.04,2.46,3.05,20.21,2.8,8.92,5.89,7.76,2.1,3.33,2.31
2019-06-26,80.04,3.01,2.99,21.37,7.18,3.19,6.97,9.33,1.92,3.99,2.16
2019-06-27,80.04,1.93,3.69,22.59,4.87,0.84,5.47,11.1,1.83,3.22,1.04
2019-06-28,80.04,1.58,0.78,20.4,7.82,0.7,6.3,20.77,2.06,2.55,0.44
2019-06-29,80.04,1.39,0.89,20.25,9.01,1.0,6.85,14.78,2.18,2.65,0.23
2019-06-30,79.21,1.15,0.79,22.73,2.67,2.43,6.68,21.77,2.09,2.41,0.41
2019-07-01,79.21,1.36,1.61,17.02,1.81,1.89,8.88,28.76,2.12,3.03,0.91
2019-07-02,80.04,1.33,1.17,18.29,8.79,1.12,8.77,15.59,2.05,2.83,0.72
2019-07-03,80.04,1.52,0.2,9.86,3.79,2.06,7.85,12.82,1.7,3.74,0.67
2019-07-04,80.04,1.73,0.54,22.07,2.62,1.19,7.66,11.15,1.61,3.76,0.83
2019-07-05,80.04,1.6,0.51,24.95,1.47,1.58,8.08,11.03,1.7,3.94,1.38
2019-07-06,80.04,1.65,0.22,15.95,2.82,1.44,7.53,15.23,2.08,4.72,0.49
2019-07-07,80.04,1.36,0.0,13.47,4.37,1.88,6.15,10.78,1.79,3.88,0.56
2019-07-08,80.04,1.42,0.31,16.39,4.01,0.28,6.89,6.01,1.9,2.63,0.97
2019-07-09,80.04,1.66,1.79,18.86,6.97,0.47,7.24,11.66,1.26,2.84,0.82
2019-07-10,80.04,1.34,1.48,16.29,1.43,0.23,5.2,9.05,0.86,2.36,1.14
2019-07-11,80.04,2.06,3.61,20.77,1.95,0.79,3.8,7.9,0.82,2.71,1.2
2019-07-12,80.04,1.82,0.98,18.57,7.05,2.87,6.62,7.44,1.09,2.53,2.15
2019-07-13,80.04,1.35,1.54,18.59,24.28,1.27,5.52,11.37,0.87,2.7,1.3
2019-07-14,80.04,1.24,0.29,14.1,11.9,3.49,4.73,9.27,0.84,3.32,0.56
2019-07-15,80.04,1.68,1.0,18.94,1.39,3.24,5.49,12.88,0.81,3.37,1.45
2019-07-16,80.04,1.76,2.0,20.07,1.61,4.44,7.82,20.31,1.08,1.67,2.6
2019-07-17,80.04,2.44,4.55,22.46,0.5,1.91,7.78,19.16,1.11,1.63,16.07
2019-07-18,80.04,2.87,3.21,22.82,0.88,3.64,7.08,13.23,1.08,2.87,2.28
2019-07-19,80.04,1.76,2.38,32.0,1.31,6.11,7.51,19.72,1.13,1.89,1.4
2019-07-20,80.04,1.14,1.12,26.17,4.04,3.96,6.97,7.92,1.14,1.73,1.13
2019-07-21,80.04,1.03,0.43,27.75,1.74,2.23,6.16,6.87,1.14,1.62,0.98
2019-07-22,80.04,1.11,0.21,29.07,4.23,3.31,6.47,4.23,1.25,1.69,1.26
2019-07-23,80.04,1.38,0.88,32.72,3.2,1.56,6.18,7.32,1.15,1.72,0.98
2019-07-24,80.04,1.19,2.08,27.06,1.28,2.22,4.59,16.02,1.14,2.19,0.85
2019-07-25,80.04,1.6,2.14,17.02,1.82,1.72,4.19,10.06,1.06,1.44,1.35
2019-07-26,80.04,1.34,4.17,22.74,0.71,1.64,6.5,17.78,1.12,2.35,0.96
2019-07-27,79.17,1.36,4.92,20.94,1.09,0.66,6.23,16.02,1.14,3.76,0.94
2019-07-28,78.37,1.21,1.26,13.8,0.74,0.66,5.69,11.66,1.15,3.41,0.38
2019-07-29,80.04,1.24,1.07,15.9,1.9,0.53,6.41,11.24,1.1,2.31,0.84
2019-07-30,71.74,1.47,1.55,20.2,2.01,0.55,6.94,11.05,1.18,3.25,0.98
2019-07-31,24.5,1.6,0.72,18.71,9.43,1.16,6.3,11.7,1.09,3.81,0.88
2019-08-01,24.5,1.34,2.37,17.74,4.21,0.58,7.14,9.58,1.13,3.28,0.5
2019-08-02,24.5,1.39,4.25,24.9,3.88,0.39,7.75,10.4,1.12,3.12,0.26
2019-08-03,28.31,1.24,1.72,28.18,3.28,0.7,8.22,16.1,1.11,2.28,0.36
2019-08-04,32.05,0.99,2.77,21.93,3.44,0.98,6.69,13.49,1.16,3.13,0.4
2019-08-05,32.05,1.54,3.29,23.36,1.44,0.6,8.69,14.99,1.09,4.03,0.49
2019-08-06,32.05,1.36,4.53,24.25,1.8,0.67,8.53,15.0,1.15,3.18,0.61
2019-08-07,32.05,1.43,2.7,29.46,1.29,0.62,8.6,15.38,1.13,4.75,0.5
2019-08-08,31.72,2.23,1.2,21.05,1.85,1.06,8.05,9.74,1.11,3.93,0.5
2019-08-09,32.05,0.93,1.16,15.54,2.86,1.26,7.72,12.1,1.16,2.85,1.08
2019-08-10,32.05,1.21,1.14,10.3,4.12,0.54,7.2,13.76,1.13,2.41,0.78
2019-08-11,32.05,1.28,0.68,13.1,5.35,0.7,7.49,13.66,1.11,2.83,0.94
2019-08-12,31.38,2.22,0.93,15.92,6.64,3.69,5.88,29.15,1.14,2.65,0.73
2019-08-13,32.05,2.17,2.27,18.61,3.04,4.22,7.34,21.26,1.12,3.26,1.74
2019-08-14,32.05,1.54,1.75,21.44,2.94,2.95,7.22,11.18,1.13,4.43,2.75
2019-08-15,32.05,1.6,1.53,16.34,2.86,0.97,6.89,4.95,1.13,3.26,1.87
2019-08-16,32.05,1.94,2.11,10.43,2.56,0.98,7.27,14.37,1.1,3.33,1.66
2019-08-17,32.05,2.03,5.53,10.25,2.23,2.3,8.63,17.64,1.13,3.66,3.35
2019-08-18,32.05,2.04,3.66,16.91,0.8,7.67,8.35,15.28,1.13,2.73,
2019-08-19,31.43,2.37,3.9,28.61,0.51,6.69,8.68,17.78,1.06,2.91,
2019-08-20,32.05,2.63,3.84,24.96,0.8,5.56,9.54,20.74,1.14,2.96,
2019-08-21,30.38,1.87,3.93,23.43,0.97,2.94,8.94,19.49,1.14,2.62,
2019-08-22,32.05,1.87,5.62,29.02,1.5,2.03,10.1,20.19,1.13,3.25,
2019-08-23,32.05,1.93,1.49,32.01,5.82,2.99,7.27,32.15,1.02,2.84,
2019-08-24,32.05,1.65,0.11,36.48,8.73,1.95,7.77,25.86,1.12,2.88,
2019-08-25,32.05,1.43,0.04,18.44,10.45,1.21,7.54,20.0,1.05,3.17,
2019-08-26,32.05,2.42,0.16,23.2,5.98,1.37,8.94,14.91,0.98,3.68,
2019-08-27,32.05,2.14,0.45,29.66,6.2,1.43,8.18,10.53,1.13,4.15,1.24
2019-08-28,32.05,2.15,0.68,23.75,5.32,1.82,7.58,13.29,1.12,3.99,0.95
2019-08-29,32.05,1.98,1.51,15.84,5.75,3.5,8.92,,1.1,3.64,0.75
2019-08-30,32.05,1.61,0.86,18.03,4.13,2.77,9.12,,1.11,3.19,0.99
2019-08-31,32.05,1.53,1.96,26.9,6.86,1.27,7.4,,1.12,2.41,
2019-09-01,32.05,1.22,3.94,20.82,7.79,0.48,6.0,,1.12,4.85,
2019-09-02,32.05,1.05,2.1,21.64,9.25,1.44,11.83,,1.11,3.27,
2019-09-03,32.05,2.49,4.15,25.4,7.71,0.89,8.19,,1.42,3.68,
2019-09-04,32.05,1.59,4.26,26.31,6.56,0.42,7.85,,1.11,4.06,
2019-09-05,32.05,3.76,2.64,20.2,8.4,0.72,8.04,14.71,1.1,3.67,
2019-09-06,32.05,2.71,2.33,21.71,4.39,0.67,7.48,15.59,1.09,4.79,
2019-09-07,32.05,1.65,2.4,19.25,3.53,0.56,6.82,13.57,1.11,4.66,
2019-09-08,32.05,1.27,1.83,18.52,4.24,0.42,5.88,10.85,1.11,4.43,
2019-09-09,32.05,1.7,2.56,23.34,6.47,0.6,6.95,8.75,1.1,5.55,
2019-09-10,32.05,1.91,1.12,27.18,5.48,0.6,10.05,12.5,1.13,4.91,
2019-09-11,32.76,1.57,2.42,27.98,6.9,0.56,56.73,14.41,1.11,3.57,
2019-09-12,32.05,1.41,1.8,17.13,5.63,1.1,67.03,13.93,1.11,2.85,
2019-09-13,32.05,1.7,1.38,16.47,5.11,0.8,65.43,14.54,1.1,3.08,
2019-09-14,32.05,1.3,1.42,15.16,4.34,1.36,70.06,11.06,1.18,3.08,
2019-09-15,32.05,1.19,0.77,14.92,4.09,3.81,34.79,5.95,1.1,4.72,
2019-09-16,32.05,1.59,1.96,26.03,8.04,3.66,38.51,6.42,1.08,4.29,
2019-09-17,32.05,2.16,2.57,24.58,13.47,1.81,34.08,6.59,1.11,3.52,
2019-09-18,32.05,1.84,3.03,15.45,5.12,9.42,37.23,7.31,1.22,4.3,
2019-09-19,35.37,1.18,4.65,15.18,7.47,3.75,42.96,2.81,1.1,3.73,
2019-09-20,0.04,1.15,28.03,22.21,5.77,2.62,36.85,5.13,1.11,3.03,
2019-09-21,6.5200000000000005,1.44,3.62,22.37,5.95,3.56,40.05,9.12,1.08,3.79,
2019-09-22,13.0,2.16,8.64,17.61,11.33,2.71,34.17,5.37,1.11,3.39,
2019-09-23,19.48,3.26,5.0,18.72,12.94,5.65,41.13,7.87,1.15,3.85,
2019-09-24,23.57,2.32,2.05,21.11,8.71,4.74,32.54,8.91,1.11,3.7,
2019-09-25,23.41,1.52,0.39,18.14,6.41,3.0,0.0,10.74,1.11,4.53,
2019-09-26,23.37,1.4,1.9,20.57,3.61,3.08,0.0,18.8,1.08,4.06,
2019-09-27,23.37,2.63,0.96,18.35,2.6,2.6,0.0,18.05,1.1,3.08,
2019-09-28,23.37,2.05,1.11,19.97,1.95,2.75,0.0,7.44,1.11,3.24,
2019-09-29,23.37,1.54,0.99,12.63,4.41,4.0,0.0,12.92,1.09,5.02,
2019-09-30,23.37,1.56,0.56,15.92,2.11,5.04,0.0,15.39,1.1,9.83,
2019-10-01,23.37,2.21,1.05,18.36,1.92,5.99,,16.13,1.11,19.09,
2019-10-02,23.37,2.45,0.44,15.7,5.85,4.63,,22.83,1.07,21.62,
2019-10-03,27.09,3.1,0.63,25.96,7.95,2.89,,22.33,1.09,16.98,
2019-10-04,27.42,3.52,1.3,25.91,10.99,6.54,,29.89,1.18,5.94,
2019-10-05,23.37,4.65,0.45,20.58,9.44,7.62,,16.03,1.19,7.3,
2019-10-06,23.37,4.14,0.1,22.98,7.76,7.8,,17.29,1.2,7.77,
2019-10-07,23.37,3.96,0.08,18.65,10.32,9.86,,13.47,1.15,9.46,0.86
2019-10-08,23.37,2.45,0.0,15.02,10.98,7.42,,23.43,1.18,9.87,1.04
2019-10-09,23.37,3.57,0.9,30.69,10.33,4.98,,7.4,1.07,10.12,1.48
2019-10-10,23.37,3.94,0.73,36.66,6.89,5.37,,10.91,1.15,8.88,2.59
2019-10-11,23.37,3.77,0.56,32.36,19.01,5.88,,11.31,1.11,8.81,2.45
2019-10-12,23.37,2.56,0.74,35.04,14.36,5.53,,14.47,1.2,10.71,1.13
2019-10-13,23.37,2.0,0.66,38.96,13.9,5.24,,8.76,1.22,9.37,1.45
2019-10-14,23.37,2.81,0.5,37.89,15.69,7.84,,8.28,2.2,8.91,1.85
2019-10-15,23.37,3.37,0.48,49.36,8.25,9.26,,7.42,4.19,12.35,4.97
2019-10-16,23.37,3.51,0.19,36.51,7.59,10.73,,8.97,4.01,10.35,4.49
2019-10-17,23.37,3.46,0.08,30.79,7.41,9.73,123.36,8.84,3.64,14.0,4.8
2019-10-18,23.37,3.1,0.86,22.11,9.42,4.38,82.66,5.72,2.59,7.93,2.5
2019-10-19,23.37,3.71,0.29,33.23,10.88,5.73,56.29,9.25,3.51,7.89,3.14
2019-10-20,23.37,2.5,0.09,30.72,19.35,4.0,42.41,4.57,3.67,8.73,2.0
2019-10-21,23.37,4.19,0.52,28.7,14.89,5.31,31.7,5.82,3.76,10.53,3.97
2019-10-22,23.37,3.22,0.22,28.98,11.82,8.65,31.21,8.46,3.33,17.47,2.18
2019-10-23,23.37,2.21,0.04,34.29,15.0,5.21,50.96,7.5,3.57,25.1,1.74
2019-10-24,23.37,1.75,0.91,50.88,6.22,2.99,52.85,7.59,3.3,14.02,1.11
2019-10-25,23.37,1.4,0.13,35.92,7.25,3.23,45.26,12.05,3.83,10.11,1.46
2019-10-26,23.37,1.31,0.82,38.81,6.56,3.21,36.59,8.72,3.77,7.69,3.1
2019-10-27,23.37,1.86,3.84,30.4,8.51,2.49,29.44,5.51,3.83,11.86,3.37
2019-10-28,23.37,2.43,1.8,20.55,5.94,3.3,46.61,6.2,4.01,12.37,2.71
2019-10-29,23.37,2.32,0.65,37.17,4.56,5.9,53.86,5.34,4.4,17.85,3.84
2019-10-30,23.37,2.12,2.9,49.5,9.87,5.0,69.14,5.82,2.91,12.42,2.33
2019-10-31,23.37,1.93,5.87,60.46,10.91,3.23,50.15,8.31,4.23,11.69,4.01
2019-11-01,23.37,1.64,3.64,55.43,43.06,2.65,43.35,12.84,4.21,10.87,2.21
2019-11-02,23.37,2.01,2.74,35.45,25.82,3.38,39.51,16.87,3.27,6.87,1.6
2019-11-03,23.55,2.58,1.94,33.78,16.76,3.9,28.82,15.98,3.41,6.83,2.35
2019-11-04,27.52,3.59,1.45,29.56,12.67,6.44,22.54,18.57,2.42,8.75,5.99
2019-11-05,27.52,4.33,3.13,28.54,10.78,6.2,29.16,21.39,2.58,12.15,5.45
2019-11-06,27.52,3.25,3.11,30.45,12.67,9.49,26.35,17.16,2.49,12.45,9.7
2019-11-07,27.52,5.31,2.62,37.6,19.53,5.76,37.79,11.69,1.94,9.56,5.05
2019-11-08,27.52,4.44,3.05,47.09,22.45,6.51,48.66,16.22,1.99,9.3,4.72
2019-11-09,27.52,4.0,2.56,33.86,10.3,6.0,38.1,16.24,2.7,8.47,4.45
2019-11-10,27.52,3.12,2.57,29.59,7.92,4.98,31.14,9.27,2.92,8.37,2.46
2019-11-11,27.52,1.86,3.77,39.67,13.19,6.35,21.75,11.43,2.65,9.69,2.9
2019-11-12,27.52,1.39,7.07,44.03,8.32,5.76,31.95,10.57,3.16,10.37,2.58
2019-11-13,27.52,2.02,3.21,52.12,12.39,8.01,41.17,6.99,3.65,12.16,4.34
2019-11-14,27.52,2.17,0.89,65.31,17.08,18.87,43.06,7.56,3.2,13.23,2.64
2019-11-15,27.52,2.54,3.31,48.7,8.91,17.02,32.12,8.74,2.72,7.85,3.78
2019-11-16,27.52,2.24,1.68,30.34,14.22,25.61,24.78,11.02,3.22,9.87,4.66
2019-11-17,27.52,1.81,1.45,16.76,6.67,30.21,14.66,11.24,3.16,7.5,4.76
2019-11-18,27.52,2.18,1.55,20.7,4.26,30.77,16.85,8.4,2.83,8.52,2.7
2019-11-19,27.52,2.12,4.26,31.85,9.54,30.64,21.14,8.16,4.6,11.49,1.34
2019-11-20,27.52,2.49,1.14,45.92,9.99,19.66,21.41,9.7,4.5,15.26,1.85
2019-11-21,27.52,2.93,1.11,71.87,10.2,13.84,8.08,8.82,2.93,33.55,2.41
2019-11-22,27.52,2.2,1.01,56.68,8.68,16.56,7.38,10.49,2.96,12.99,12.8
2019-11-23,27.52,1.8,1.71,33.82,8.0,25.89,5.79,10.56,2.89,9.77,6.28
2019-11-24,27.52,0.85,0.12,20.71,15.34,21.64,4.23,14.9,3.26,12.25,8.57
2019-11-25,27.52,3.63,0.25,31.46,9.12,12.21,7.7,10.55,3.9,6.3,4.21
2019-11-26,31.73,34.24,0.48,38.41,17.15,10.41,7.38,9.62,3.18,10.08,3.13
2019-11-27,38.32,37.66,0.29,28.31,4.98,17.32,7.67,9.1,2.17,9.97,6.18
2019-11-28,23.05,29.42,0.34,20.27,3.6,17.04,8.32,9.32,2.08,8.37,2.13
2019-11-29,46.94,40.69,0.13,27.84,7.01,9.39,19.04,8.93,2.44,8.17,8.64
2019-11-30,43.31,38.94,0.16,30.82,6.55,14.28,6.95,7.83,2.77,5.66,4.76
2019-12-01,35.25,42.98,0.05,23.24,2.66,24.32,5.53,6.69,3.08,5.81,2.41
2019-12-02,35.25,38.23,0.0,26.64,6.32,10.22,7.3,8.07,3.45,8.84,1.95
2019-12-03,35.25,44.55,0.08,31.72,4.06,7.89,7.18,11.04,3.37,14.02,2.0
2019-12-04,35.25,35.35,0.06,42.84,6.71,10.15,9.22,7.67,3.19,16.74,1.69
2019-12-05,35.25,37.71,0.06,71.69,10.32,18.28,10.62,6.92,2.82,12.27,8.1
2019-12-06,,36.06,0.09,57.33,8.45,23.71,10.52,8.28,2.96,11.11,6.25
2019-12-07,,36.31,0.18,47.68,17.34,12.27,7.93,7.6,3.28,11.76,7.98
2019-12-08,,34.84,0.08,58.12,9.84,14.6,6.7,5.26,3.99,12.47,2.81
2019-12-09,,35.33,0.04,45.83,10.27,8.23,8.62,7.48,3.69,13.18,7.47
2019-12-10,,34.67,0.08,50.04,13.65,21.08,8.41,11.08,3.0,15.38,8.37
2019-12-11,,27.87,0.05,69.03,13.67,12.16,9.08,11.32,2.7,18.84,4.92
2019-12-12,,37.62,0.04,38.83,6.27,11.47,7.4,13.11,1.62,9.65,12.73
2019-12-13,,33.42,0.63,16.19,1.55,6.4,4.69,9.01,1.8,8.0,4.63
2019-12-14,,32.96,0.12,25.36,4.98,5.69,6.15,6.26,2.09,7.57,12.72
2019-12-15,,31.51,0.06,21.24,3.93,3.42,6.44,7.35,2.1,7.4,10.29
2019-12-16,,31.67,0.11,12.91,6.84,4.9,4.87,6.68,1.98,6.3,6.47
2019-12-17,,32.27,0.07,14.12,4.62,9.42,4.89,7.53,1.81,14.88,9.82
2019-12-18,,28.05,0.07,22.85,5.72,12.35,7.68,7.67,2.03,23.62,12.96
2019-12-19,,27.12,0.03,34.52,7.28,5.65,7.4,7.16,1.58,18.13,14.69
2019-12-20,,29.36,0.14,39.35,18.78,9.52,7.61,7.51,1.91,20.36,3.69
2019-12-21,,31.23,0.14,30.95,28.7,6.8,7.54,8.77,2.13,18.74,4.12
2019-12-22,,35.14,0.04,17.14,10.19,5.17,10.59,7.49,2.0,15.1,5.72
2019-12-23,,40.0,0.2,23.78,9.99,6.71,8.66,6.8,1.84,23.8,4.69
2019-12-24,,40.29,0.71,38.29,7.71,3.59,8.3,9.01,1.63,16.13,5.28
2019-12-25,,12.55,0.75,22.52,9.08,2.35,1.49,11.71,1.74,19.06,3.31
2019-12-26,,21.3,0.75,22.5,7.15,3.18,1.24,12.59,1.65,22.43,2.1
2019-12-27,,41.25,0.54,32.86,8.64,3.52,1.02,12.41,1.62,23.82,2.45
2019-12-28,,44.93,0.03,39.22,22.44,5.07,0.98,9.34,1.57,22.56,2.46
2019-12-29,,23.56,0.03,33.0,12.94,4.6,0.87,12.04,1.62,24.67,2.28
2019-12-30,271.92,24.96,0.0,47.12,10.92,1.69,1.38,7.69,1.34,23.31,6.68
2019-12-31,17.96,27.59,0.0,38.4,35.48,1.91,1.74,8.7,1.47,15.8,1.44
2020-01-01,31.42,36.19,0.09,60.79,44.56,1.15,2.17,6.15,2.4,15.86,3.38
2020-01-02,31.14,34.36,0.05,73.11,34.33,1.55,3.16,8.17,2.78,16.51,2.12
2020-01-03,31.14,29.06,1.3,66.8,5.49,1.42,2.37,9.09,2.97,19.94,3.4
2020-01-04,31.14,35.36,0.11,48.18,11.06,2.84,1.24,7.61,3.81,23.9,5.88
2020-01-05,31.14,39.99,0.0,28.9,15.93,3.64,0.82,5.03,2.44,37.11,1.94
2020-01-06,31.14,5.39,0.07,31.1,27.11,2.94,1.15,5.32,1.8,19.35,1.28
2020-01-07,31.14,16.53,0.03,24.51,14.9,1.46,1.34,6.96,1.7,10.01,1.24
2020-01-08,31.14,15.86,0.03,22.67,8.51,1.32,1.47,7.35,1.52,10.53,1.0
2020-01-09,31.14,15.04,0.0,15.34,4.32,3.57,0.93,16.09,1.84,10.59,0.92
2020-01-10,31.14,16.79,0.0,24.75,8.41,4.03,0.86,7.62,2.09,12.28,4.41
2020-01-11,31.14,16.36,0.03,28.3,26.69,4.92,0.89,8.92,2.14,19.23,2.92
2020-01-12,31.14,16.7,0.03,39.19,44.71,3.21,0.94,7.65,2.78,21.63,3.26
2020-01-13,31.14,19.3,0.03,34.26,10.6,6.51,1.11,11.51,2.09,16.76,5.83
2020-01-14,30.82,19.47,0.06,23.78,17.73,2.26,1.25,15.42,1.55,9.08,1.78
2020-01-15,30.82,12.19,0.03,30.02,29.09,1.55,1.32,9.92,1.86,11.55,1.9
2020-01-16,31.14,1.15,0.0,30.42,4.61,1.26,1.42,7.73,2.14,5.98,2.58
2020-01-17,34.32,2.73,0.02,24.4,8.56,2.44,1.99,4.01,2.49,5.02,1.06
2020-01-18,38.68,1.65,0.11,29.24,16.62,1.61,4.42,4.56,2.24,4.6,0.95
2020-01-19,38.68,1.05,0.03,13.77,11.51,0.77,11.35,6.04,2.2,3.36,0.79
2020-01-20,34.83,1.37,0.0,19.39,6.93,0.99,8.97,6.25,2.01,4.75,1.44
2020-01-21,31.37,1.34,0.04,39.27,17.24,1.4,8.62,5.64,1.92,4.32,1.34
2020-01-22,31.37,1.31,0.03,36.98,16.38,1.29,7.86,5.55,1.84,4.42,1.33
2020-01-23,31.37,1.4,0.0,14.04,7.05,2.8,6.5,10.19,1.54,4.39,1.41
2020-01-24,4.83,1.55,0.0,15.38,10.72,3.09,5.48,14.8,1.82,5.85,2.14
2020-01-25,31.37,1.61,0.0,26.36,8.78,3.1,6.9,11.71,2.3,8.85,0.9
2020-01-26,31.37,1.37,0.03,33.9,8.45,2.77,7.2,31.46,2.08,10.65,1.14
2020-01-27,31.37,1.47,0.06,36.87,16.88,2.18,8.17,7.13,2.12,6.01,0.92
2020-01-28,31.37,1.34,0.03,18.44,8.33,2.23,8.6,10.51,1.67,9.56,0.61
2020-01-29,30.73,1.8,0.04,20.67,2.52,3.83,10.04,10.96,1.87,3.87,0.36
2020-01-30,30.57,2.12,0.0,19.83,3.06,2.88,9.71,9.71,1.81,5.08,0.65
2020-01-31,30.64,4.32,0.0,22.19,8.33,1.26,7.22,5.65,1.7,6.49,0.8
2020-02-01,31.52,2.24,0.0,26.67,5.1,0.64,7.65,7.76,2.2666666666666666,8.18,0.49
2020-02-02,31.52,1.6,0.0,18.46,4.68,0.54,6.35,5.3,2.833333333333333,7.03,0.91
2020-02-03,34.6,1.64,0.0,27.09,8.32,0.92,6.95,4.93,3.4,8.53,0.95
2020-02-04,38.57,4.12,0.0,47.2,11.28,0.72,7.31,9.74,2.14,7.66,0.82
2020-02-05,38.57,4.91,0.0,27.58,4.78,0.77,7.8,11.68,1.7,6.24,0.67
2020-02-06,38.57,1.47,0.04,22.63,4.0,0.8,6.6,11.58,1.76,6.82,1.08
2020-02-07,38.57,2.81,0.0,31.93,3.8,0.42,7.7,7.75,1.85,6.22,0.33
2020-02-08,38.57,3.37,0.08,18.69,3.91,1.04,9.31,4.64,2.14,5.36,0.33
2020-02-09,38.57,1.56,0.0,17.47,5.77,1.5,7.46,4.71,2.63,8.29,2.28
2020-02-10,38.57,1.89,0.0,26.69,3.42,1.07,9.49,5.3,2.09,12.48,1.45
2020-02-11,38.57,2.29,0.0,40.82,5.13,0.9,8.46,5.93,2.22,8.73,1.74
2020-02-12,38.57,2.7,0.0,24.48,3.03,4.37,9.02,6.59,1.79,5.46,3.79
2020-02-13,38.57,1.72,0.04,16.55,2.65,9.64,12.38,15.04,1.63,14.1,2.66
2020-02-14,38.57,1.69,0.05,12.11,1.35,31.35,13.6,13.14,1.68,6.06,1.41
2020-02-15,37.29,1.54,0.0,17.62,4.54,29.6,8.9,15.73,2.19,12.24,5.19
2020-02-16,35.51,1.05,0.05,23.71,5.7,16.12,10.59,16.7,2.76,21.23,1.1
2020-02-17,34.54,1.4,0.02,30.58,3.32,11.19,14.05,19.24,2.42,23.25,1.15
2020-02-18,32.61,1.09,0.1,21.19,4.13,11.44,7.22,12.08,2.07,25.31,1.51
2020-02-19,32.61,1.14,0.12,37.24,6.89,8.41,6.95,13.17,2.09,26.38,0.97
2020-02-20,32.61,2.64,0.05,11.89,1.14,4.52,7.46,4.05,1.97,6.53,0.67
2020-02-21,32.61,1.1,0.08,20.21,0.72,4.01,9.37,3.94,1.82,4.25,1.02
2020-02-22,32.61,1.0,0.0,23.92,2.22,4.77,3.17,5.82,2.12,5.63,6.94
2020-02-23,32.61,1.0,0.0,27.78,27.51,3.62,0.44,15.98,2.06,4.81,2.7
2020-02-24,32.61,1.2,0.0,20.9,22.46,3.43,2.89,15.24,2.05,5.64,1.19
2020-02-25,32.61,1.4,0.0,18.7,7.69,4.73,7.5,20.22,1.93,7.5,0.5
2020-02-26,32.61,1.15,0.0,31.45,3.97,11.94,8.77,24.81,1.9,6.61,1.57
2020-02-27,39.93,0.92,0.0,22.27,9.79,10.68,9.32,8.24,2.12,8.87,1.8
2020-02-28,46.56,0.88,0.0,11.61,19.47,11.92,11.6,11.07,1.97,6.26,1.47
2020-02-29,46.56,1.01,0.02,15.56,23.41,8.26,9.36,10.03,1.92,3.84,0.83
2020-03-01,46.56,0.79,0.05,22.27,26.37,6.89,11.2,8.04,1.86,2.4,0.5
2020-03-02,46.56,1.36,0.07,37.92,28.9,9.2,8.53,9.25,1.83,3.57,0.63
2020-03-03,46.56,1.76,0.08,39.09,26.69,5.63,9.24,16.02,1.81,4.33,0.64
2020-03-04,46.56,1.53,0.11,28.32,41.16,8.69,6.29,9.22,1.85,7.92,0.69
2020-03-05,46.56,1.21,0.21,16.39,13.22,24.47,6.49,6.6,1.56,15.81,0.32
2020-03-06,46.56,1.85,0.0,14.94,7.12,7.51,3.68,4.36,1.47,22.56,0.18
2020-03-07,46.56,1.14,0.0,21.14,9.43,10.62,2.21,5.09,1.51,18.05,0.29
2020-03-08,46.56,1.11,0.0,35.85,12.44,6.78,4.45,13.73,1.76,24.02,0.42
2020-03-09,46.56,0.96,0.24,17.48,26.48,15.93,4.32,9.62,1.75,29.55,0.69
2020-03-10,46.56,1.53,0.0,15.58,17.98,7.31,5.04,11.83,2.02,26.55,0.56
2020-03-11,46.56,1.43,0.0,12.04,15.86,10.04,4.55,15.3,1.99,28.13,0.33
2020-03-12,46.56,1.15,0.03,19.69,11.01,17.29,7.75,10.93,1.37,24.66,0.26
2020-03-13,46.56,1.17,0.0,24.39,4.4,8.79,7.12,8.35,1.59,23.23,0.24
2020-03-14,46.56,3.09,0.0,17.98,13.23,11.43,6.75,11.38,1.7,21.62,0.65
2020-03-15,46.56,3.2,0.0,23.4,3.06,12.18,5.19,13.12,1.87,22.25,0.78
2020-03-16,46.56,2.81,0.0,20.26,13.42,9.98,5.2,7.88,1.94,27.14,0.88
2020-03-17,46.56,3.4,0.0,20.92,10.18,11.57,6.86,10.48,1.84,27.97,0.6
2020-03-18,46.56,3.03,0.0,28.9,23.57,7.24,5.5,19.0,1.71,30.98,0.56
2020-03-19,46.56,2.03,0.0,33.51,28.32,21.63,6.36,17.07,1.94,31.36,0.56
2020-03-20,0.0,1.98,0.0,36.83,54.62,10.16,6.31,12.72,2.12,24.59,0.51
2020-03-21,9.393333333333333,1.68,0.15,33.82,27.41,14.85,6.62,13.43,2.03,24.55,0.29
2020-03-22,18.786666666666665,1.48,0.61,21.43,8.55,22.98,6.97,17.32,2.01,24.92,0.24
2020-03-23,28.18,1.47,0.42,16.08,5.31,7.73,4.62,4.8,1.88,24.24,0.33
2020-03-24,23.25,0.95,0.36,16.24,9.06,5.44,5.41,8.69,1.69,29.42,0.42
2020-03-25,18.98,0.47,0.21,13.62,9.04,4.75,5.5,12.64,1.67,27.84,0.33
2020-03-26,19.16,0.38,0.16,8.88,2.53,7.17,5.14,20.06,1.72,16.93,0.66
2020-03-27,7.5,0.37,0.09,9.17,1.02,2.1,4.96,4.86,1.62,27.62,0.31
2020-03-28,26.05,1.15,0.0,9.76,2.84,2.93,3.88,8.19,1.53,27.32,0.39
2020-03-29,15.29,1.48,0.0,8.31,2.8,3.87,3.94,14.07,1.67,22.29,0.65
2020-03-30,37.5,0.88,0.0,9.0,3.01,5.76,3.92,7.79,1.66,22.78,0.25
2020-03-31,29.53,0.43,0.0,8.98,4.59,6.36,4.64,9.99,1.54,23.68,0.33
2020-04-01,15.89,0.46,0.0,9.17,4.31,8.69,5.29,11.32,1.59,23.03,0.47
2020-04-02,19.84,0.52,0.02,7.85,2.2,6.22,5.42,5.32,1.58,17.7,0.29
2020-04-03,40.13,0.46,0.0,8.6,3.83,7.82,4.42,7.75,1.61,18.28,0.33
2020-04-04,36.32,1.0,0.0,9.64,4.79,9.39,3.72,4.58,1.78,22.84,0.2
2020-04-05,46.65,2.53,0.0,12.38,5.93,4.52,3.41,6.2,1.89,23.0,0.26
2020-04-06,37.78,11.08,0.0,12.8,3.69,10.42,3.54,8.3,1.69,18.76,0.18
2020-04-07,20.89,7.2,0.0,9.13,4.49,5.02,4.09,6.63,1.49,20.76,0.19
2020-04-08,14.64,6.3,0.0,8.24,7.4,5.92,3.95,4.45,1.29,11.44,0.22
2020-04-09,18.82,5.16,0.0,7.52,3.18,15.08,4.2,5.24,1.09,7.87,0.49
2020-04-10,32.15,7.31,0.0,11.45,3.47,5.01,4.19,7.85,0.8900000000000001,12.65,1.26
2020-04-11,51.18,8.55,0.0,11.18,8.59,7.4,4.52,9.53,0.69,10.05,0.54
2020-04-12,34.1,9.9,0.0,6.87,7.26,7.91,4.55,14.62,1.55,7.24,0.36
2020-04-13,25.88,17.99,0.0,9.62,11.96,2.5,3.88,7.74,1.98,13.81,0.38
2020-04-14,31.33,11.75,0.0,13.12,12.04,5.53,3.92,6.59,1.4,10.71,0.36
2020-04-15,29.17,8.98,0.0,11.89,10.94,4.23,3.56,6.53,1.5,12.14,0.29
2020-04-16,34.58,9.63,0.0,13.75,12.65,3.58,3.48,7.6,1.75,8.02,0.28
2020-04-17,22.59,9.27,0.0,7.79,17.28,4.45,3.64,4.85,1.47,8.87,0.31
2020-04-18,31.0,3.7,0.0,7.55,12.74,4.21,3.48,5.48,1.42,9.46,0.25
2020-04-19,14.29,2.29,0.0,9.46,10.89,8.07,3.85,5.07,1.54,6.65,0.23
2020-04-20,15.74,2.23,0.01,15.52,6.37,8.43,3.6,8.55,1.54,7.01,0.25
2020-04-21,17.57,2.26,0.0,8.92,3.63,9.0,3.37,4.38,1.43,7.39,0.25
2020-04-22,33.62,2.56,0.0,13.9,6.74,5.18,3.59,4.9,1.6,0.63,0.23
2020-04-23,20.74,2.59,0.0,17.19,9.93,13.7,4.0,8.83,1.15,0.44,0.23
2020-04-24,9.02,3.18,0.0,13.43,8.29,4.25,4.11,7.65,1.1,0.89,0.19
2020-04-25,9.32,4.3,0.0,8.55,6.71,12.8,3.65,6.470000000000001,1.09,0.18,0.2
2020-04-26,10.39,1.68,0.0,8.42,2.83,7.86,3.4,5.29,1.1,0.77,0.31
2020-04-27,20.49,2.14,0.0,6.39,3.53,9.49,3.22,5.06,1.06,0.3,0.24
2020-04-28,32.73,1.66,0.0,8.3,4.21,3.39,3.05,4.22,1.1,0.44,0.43
2020-04-29,32.14,1.36,0.03,13.02,2.69,4.17,1.24,9.84,1.1,0.26,0.81
2020-04-30,18.54,1.36,0.0,9.27,6.18,4.26,1.82,6.72,1.1,0.54,0.47
2020-05-01,15.82,1.93,0.0,11.92,3.2,7.93,1.67,7.86,1.1,0.65,0.3
2020-05-02,10.29,1.52,0.0,6.42,4.17,2.39,1.58,8.47,1.09,0.38,0.22
2020-05-03,16.27,1.47,0.0,7.51,3.08,14.96,1.83,6.47,1.09,0.35,0.25
2020-05-04,16.23,1.19,0.0,9.98,7.3,3.59,1.32,4.1,1.09,0.36,0.25
2020-05-05,26.59,1.18,0.0,14.92,6.62,8.28,1.91,3.47,1.1,0.61,0.2
2020-05-06,19.68,1.51,0.0,13.31,7.05,4.45,3.61,9.86,1.1,1.09,0.29
2020-05-07,34.84,0.99,0.01,10.18,6.08,4.84,4.51,10.04,1.04,1.6,0.33
2020-05-08,20.64,1.2,0.0,13.41,7.47,7.36,3.8,7.03,1.1,1.22,0.28
2020-05-09,20.72,0.85,0.05,11.66,6.69,8.87,4.34,8.55,1.09,0.93,0.27
2020-05-10,16.72,1.48,0.0,9.23,8.22,11.25,3.4,9.44,1.1,0.63,0.47
2020-05-11,13.92,1.46,0.0,10.63,7.35,22.77,3.04,3.72,1.1,0.52,0.51
2020-05-12,16.19,1.61,0.0,12.68,8.02,8.21,5.86,2.4,1.1,1.04,0.36
2020-05-13,18.48,4.51,0.0,14.78,9.22,6.06,6.89,6.16,1.08,1.0,0.32
2020-05-14,16.67,2.55,0.01,14.93,13.09,7.08,5.61,7.74,1.1,0.56,0.3
2020-05-15,25.58,1.57,0.0,12.6,23.79,9.9,2.76,6.42,1.1,1.48,0.54
2020-05-16,18.12,1.16,0.0,11.64,14.31,12.68,4.45,1.8,1.1,2.26,0.52
2020-05-17,17.83,1.14,0.0,15.58,20.64,19.15,20.34,6.9,1.1,3.51,0.94
2020-05-18,20.62,1.13,0.0,17.66,21.28,10.28,5.96,8.55,0.89,3.0,1.07
2020-05-19,22.17,1.69,0.02,23.02,23.22,19.63,5.44,5.23,1.1,5.97,1.45
2020-05-20,25.02,1.53,0.0,15.99,11.58,20.02,4.06,17.09,1.1,1.84,2.08
2020-05-21,21.6,1.81,0.01,15.2,11.85,18.13,5.33,10.55,1.1,5.08,1.08
2020-05-22,32.76,1.47,0.0,26.42,18.42,39.42,5.31,3.49,1.09,8.34,0.82
2020-05-23,25.91,1.26,0.11,28.72,7.08,29.38,4.6,2.85,1.1,1.92,0.24
2020-05-24,11.5,1.79,0.0,15.43,7.7,14.76,3.8,2.94,1.03,2.0,0.2
2020-05-25,12.49,1.49,0.01,13.82,12.59,5.27,7.12,3.31,1.1,1.86,0.26
2020-05-26,10.42,1.95,0.51,24.05,15.0,5.63,8.87,4.76,1.09,1.67,0.31
2020-05-27,15.74,1.54,0.03,16.71,9.28,10.52,13.26,3.33,1.1,2.01,0.42
2020-05-28,17.32,1.83,0.0,7.56,1.37,12.88,7.57,3.76,1.1,1.31,0.38
2020-05-29,15.33,2.18,0.0,10.48,12.08,4.94,5.97,4.0,1.1,0.88,0.49
2020-05-30,15.53,1.96,0.0,7.61,0.9,6.51,2.38,10.1,1.1,0.79,0.67
2020-05-31,15.14,2.14,0.0,9.05,0.78,6.34,2.71,4.53,1.1,0.74,0.34
2020-06-01,23.27,2.56,0.07,16.96,1.6,11.28,3.32,5.02,1.04,1.42,1.75
2020-06-02,43.9,2.72,0.02,21.26,2.03,6.05,5.41,3.44,1.1,1.86,1.19
2020-06-03,42.98,2.76,0.08,20.14,4.75,4.81,5.0,7.59,1.1,2.13,1.18
2020-06-04,32.56,2.74,0.02,29.63,2.49,1.75,4.83,8.18,1.03,2.61,0.45
2020-06-05,43.04,1.77,0.1,18.02,2.23,2.81,4.18,18.1,1.1,1.52,0.47
2020-06-06,25.23,2.39,0.0,11.45,4.01,4.03,8.54,11.54,1.1,1.95,0.55
2020-06-07,20.69,2.63,0.02,17.23,4.85,6.41,6.79,10.65,1.1,1.39,0.36
2020-06-08,20.35,2.66,0.13,20.22,24.48,4.84,3.41,9.76,1.09,1.53,0.7
2020-06-09,18.91,2.57,0.02,27.6,13.57,5.52,4.24,9.24,1.1,0.61,0.76
2020-06-10,23.65,1.82,0.0,24.61,6.94,8.26,2.85,7.89,1.1,0.8,1.21
2020-06-11,38.36,2.25,0.0,22.43,4.57,8.63,1.81,10.38,1.1,0.76,1.63
2020-06-12,40.74,2.54,0.0,19.86,5.01,3.5,1.82,18.89,1.09,1.27,0.52
2020-06-13,30.2,2.3,0.02,17.4,6.68,1.65,1.49,8.49,1.1,2.02,0.28
2020-06-14,28.99,2.29,0.0,23.32,4.8,3.14,1.1,5.91,1.1,1.32,0.57
2020-06-15,44.29,2.25,0.05,16.58,11.6,2.91,1.65,6.12,1.1,1.15,0.41
2020-06-16,45.98,2.06,0.0,19.29,5.56,3.21,1.62,6.55,1.02,2.02,0.78
2020-06-17,49.52,2.64,0.0,14.6,7.39,1.66,3.45,6.96,1.1,0.79,0.54
2020-06-18,45.51,0.88,0.01,12.01,8.58,1.48,3.16,7.65,1.1,1.96,0.81
2020-06-19,51.14,0.94,0.02,14.04,6.18,4.58,4.28,8.98,1.1,0.36,1.43
2020-06-20,42.06,1.32,0.0,14.47,5.19,4.44,6.39,11.89,1.1,0.36,1.29
2020-06-21,58.65,1.55,0.0,17.57,3.9,6.62,2.14,10.26,1.1,0.35,0.77
2020-06-22,53.61,1.66,0.04,18.47,6.21,4.15,4.13,10.24,1.1,0.79,1.55
2020-06-23,60.9,1.6,0.07,12.99,9.41,7.24,3.48,12.03,1.1,0.63,0.8
2020-06-24,55.13,1.48,0.0,12.13,9.17,6.44,3.5,3.15,1.02,1.21,1.03
2020-06-25,51.94,1.52,0.05,19.18,15.01,8.52,4.68,5.64,1.1,1.58,0.89
2020-06-26,49.31,1.43,0.04,23.31,12.49,4.55,3.84,5.37,1.08,1.71,0.3
2020-06-27,37.76,1.18,0.07,19.99,24.19,6.72,3.07,12.07,1.1,0.59,0.27
2020-06-28,49.58,0.94,0.0,25.13,13.78,6.48,2.9,2.21,0.98,0.39,0.43
2020-06-29,60.21,1.17,0.01,23.8,11.58,10.83,4.91,0.01,1.1,0.47,0.69
2020-06-30,44.1,0.86,0.16,16.37,7.49,13.07,8.59,0.0,1.1,1.48,1.42
2020-07-01,47.05,0.65,0.0,23.57,2.62,16.51,5.5,,1.1,0.46,0.5
