Date,Ahmedabad,Bengaluru,Chennai,Delhi,Lucknow,Hyderabad,Patna,Gurugram,Visakhapatnam,Amritsar,Jaipur,Thiruvananthapuram,Amaravati
2017-07-01,,7.11,4.63,,4.42,3.86,,3.81,,3.87,9.53,3.34,
2017-07-02,,6.55,4.54,,3.25,6.13,,3.57,,3.29,9.35,4.14,
2017-07-03,,6.23,4.62,,3.46,6.91,,3.42,,3.64,10.11,4.6,
2017-07-04,,5.81,4.87,,3.35,13.54,,3.98,,3.76,8.95,3.86,
2017-07-05,,4.7,4.69,,3.0,13.72,,3.74,,2.67,9.28,3.49,
2017-07-06,,3.82,4.5,,3.59,7.07,,3.85,,3.56,9.37,3.18,
2017-07-07,,3.86,11.84,,2.87,5.99,,3.61,,4.13,9.14,3.9,
2017-07-08,,4.97,4.72,,3.66,6.05,,3.59,,2.99,9.27,3.98,
2017-07-09,,5.16,4.57,,4.29,6.71,,3.67,,3.4000000000000004,9.35,3.57,
2017-07-10,,5.33,4.24,,3.61,7.42,,3.3,,3.81,9.74,4.36,
2017-07-11,,4.09,4.24,,2.79,6.56,,1.7,,4.03,9.74,5.05,
2017-07-12,,5.16,4.59,,3.01,5.86,,6.08,,3.53,9.54,4.06,
2017-07-13,,4.45,4.62,,4.0,5.98,,21.82,,3.9,9.56,2.88,
2017-07-14,,5.41,4.81,,3.56,5.01,,23.36,,4.26,8.52,4.29,
2017-07-15,,7.9,4.83,,3.67,6.85,,19.5,,4.24,9.44,3.28,
2017-07-16,,6.3,4.9,,2.85,6.48,,21.33,,3.43,8.79,4.34,
2017-07-17,,4.72,4.63,,2.19,4.3,,22.44,,3.47,9.18,3.32,
2017-07-18,,4.58,5.47,,3.5,2.97,,20.85,,6.04,6.02,4.07,
2017-07-19,,4.71,4.71,,3.99,3.27,,28.94,,3.64,18.02,3.6,
2017-07-20,,5.1,4.75,,3.45,3.09,,17.06,,3.65,4.2,4.36,
2017-07-21,,5.3,4.68,,3.79,4.23,,8.44,,4.9,5.53,3.33,
2017-07-22,,4.29,4.56,,2.72,5.05,,1.73,,2.53,5.45,3.71,
2017-07-23,,5.61,4.52,,3.5,2.96,,2.9,,2.31,7.36,4.09,
2017-07-24,,5.68,4.77,,3.35,4.5,,2.98,,3.34,7.57,4.47,
2017-07-25,,5.2,4.67,,4.3,4.66,,5.48,,3.96,6.8,3.97,
2017-07-26,,4.73,4.66,,4.31,4.65,,3.73,,4.77,4.77,5.0,
2017-07-27,,5.17,4.81,,4.42,6.12,,4.5,,5.183333333333333,5.6,4.02,
2017-07-28,,4.57,4.75,,4.4,3.6,,4.37,,5.596666666666666,5.61,3.72,
2017-07-29,,4.72,4.88,,3.64,4.23,,3.73,,6.01,5.183333333333334,2.91,
2017-07-30,,4.67,5.09,,3.68,5.83,,2.53,,4.6,4.756666666666667,3.98,
2017-07-31,,5.23,4.91,,4.39,5.04,,3.32,,6.02,4.33,4.85,
2017-08-01,,5.34,4.64,,4.47,5.57,,6.6,,7.11,4.06,4.49,
2017-08-02,,5.6,5.02,,4.55,10.67,,6.98,,,5.12,4.19,
2017-08-03,,5.31,4.99,,4.81,5.77,,7.61,,,12.47,3.37,
2017-08-04,,5.89,5.3,,4.51,5.55,,7.48,,,9.57,3.93,
2017-08-05,,5.13,5.32,,5.64,6.57,,5.38,,,11.2,4.48,
2017-08-06,,5.32,4.82,,4.78,14.85,,7.35,,,6.66,4.55,
2017-08-07,,5.27,5.29,,3.84,4.69,,7.34,,,6.61,4.86,
2017-08-08,,5.79,4.76,,5.63,6.76,,7.34,,3.82,5.52,4.37,
2017-08-09,,5.12,5.06,,7.82,3.85,,5.41,,3.46,12.26,4.32,
2017-08-10,,4.46,3.73,,7.15,5.41,,6.32,,3.1,6.76,3.56,
2017-08-11,,4.06,3.69,,7.36,6.22,,8.8,,3.75,5.2,4.14,
2017-08-12,,5.24,4.45,,6.97,5.1,,5.76,,5.38,5.6,4.39,
2017-08-13,,4.6,4.82,,6.86,4.33,,7.08,,6.86,5.43,4.57,
2017-08-14,,4.92,5.45,,7.16,5.62,,5.97,,6.71,6.46,2.91,
2017-08-15,,5.4,4.65,,6.77,5.23,,4.94,,7.0,5.46,4.47,
2017-08-16,,5.43,4.73,,7.68,4.97,,6.57,,6.62,5.54,3.45,
2017-08-17,,4.51,5.8,,10.36,5.32,,5.28,,6.04,6.664,3.91,
2017-08-18,,4.3,5.8125,,6.94,4.95,,6.47,,7.4,7.788,4.34,
2017-08-19,,4.7,5.825,,3.0,4.84,,6.9,,7.81,8.912,2.99,
2017-08-20,,4.93,5.8375,,2.61,4.18,,6.2,,8.28,10.036,2.41,
2017-08-21,,4.92,5.85,,6.18,4.88,,6.48,,6.76,11.16,4.88,
2017-08-22,,5.08,5.05,,6.19,6.04,,6.51,,7.8,9.28,3.49,
2017-08-23,,4.21,5.59,,6.27,5.01,,5.83,,5.5,8.82,4.03,
2017-08-24,,4.66,5.43,,6.1,4.59,,8.34,,6.26,8.46,3.47,
2017-08-25,,4.71,4.64,,6.41,3.8,,7.36,,8.64,8.07,4.07,
2017-08-26,,4.61,5.23,,5.98,3.99,,6.73,,6.48,8.04,2.73,
2017-08-27,,4.85,5.08,,5.97,4.87,,6.78,,7.39,8.53,4.6,
2017-08-28,,5.52,5.25,2.34,6.46,4.25,,2.46,,6.21,9.26,3.69,
2017-08-29,,4.79,5.26,,4.85,4.4,,7.44,,5.59,7.86,3.78,
2017-08-30,,4.85,5.12,,4.41,4.36,,5.97,,5.43,9.02,3.21,
2017-08-31,,5.48,4.91,,4.64,12.8,,14.9,,5.47,9.18,3.69,
2017-09-01,,4.92,4.92,,4.62,5.16,,3.96,,7.43,9.04,4.01,
2017-09-02,,4.8,4.76,,4.69,13.58,,2.34,,5.59,8.44,5.05,
2017-09-03,,4.77,4.65,,4.61,6.44,,3.26,,3.45,8.33,4.07,
2017-09-04,,4.65,4.46,,5.54,4.92,,4.52,,4.37,8.84,4.31,
2017-09-05,,5.28,4.36,,5.11,5.04,,4.78,,2.36,8.67,4.99,
2017-09-06,,5.28,4.04,,4.62,4.97,,5.12,,3.96,9.36,4.29,
2017-09-07,,5.62,3.83,,5.11,5.23,,5.03,,4.91,8.51,3.41,
2017-09-08,,4.7,3.53,,5.14,4.57,,4.65,,5.18,8.97,4.2,
2017-09-09,,4.83,8.1,,5.02,5.02,,4.38,,4.53,8.75,3.63,
2017-09-10,,5.96,14.81,,4.38,3.32,,4.62,,4.89,9.65,4.34,
2017-09-11,,6.18,8.11,,5.37,4.19,,4.79,,7.13,9.76,5.03,
2017-09-12,,5.45,6.82,,4.28,4.17,,4.72,,5.52,9.68,2.25,
2017-09-13,,4.68,6.2,,4.75,5.03,,4.73,,8.82,9.75,4.41,
2017-09-14,,4.4,7.94,,4.9,5.09,,5.2,,4.04,9.55,2.97,
2017-09-15,,4.68,12.73,,5.46,4.68,,4.07,,6.34,8.75,3.4,
2017-09-16,,5.42,7.75,,4.64,13.08,,4.49,,4.69,9.01,3.29,
2017-09-17,,5.52,10.15,,4.83,3.3,,4.87,,6.09,9.91,4.86,
2017-09-18,,5.12,5.36,,5.15,4.37,,5.39,,5.74,9.28,2.94,
2017-09-19,,5.56,5.74,,4.91,4.24,,5.34,,11.1,13.22,4.08,
2017-09-20,,5.14,7.53,,4.93,5.12,,7.83,,6.17,10.57,5.44,
2017-09-21,,5.16,16.84,,5.53,4.06,,5.74,,3.78,7.96,4.72,
2017-09-22,,4.89,22.92,,4.49,4.59,,4.45,,3.37,7.46,4.32,
2017-09-23,,5.3,9.82,,5.59,5.13,,3.78,,3.28,8.64,4.32,
2017-09-24,,6.04,14.17,,5.08,5.99,,4.46,,5.12,7.01,3.99,
2017-09-25,,5.49,16.49,,4.72,5.73,,4.76,,4.68,6.85,3.72,
2017-09-26,,4.76,18.8,7.13,4.79,7.2,7.53,5.11,,4.39,7.359999999999999,3.44,
2017-09-27,,6.16,25.33,6.62,6.4,6.41,11.56,4.4,,5.6,7.87,3.44,
2017-09-28,,4.63,21.76,6.08,7.7,5.29,11.76,5.11,,4.96,6.44,2.91,
2017-09-29,,5.13,50.51,7.17,6.95,4.87,4.2,5.65,,6.65,7.86,4.15,
2017-09-30,,5.74,22.92,6.64,7.67,5.4,6.25,5.22,,6.35,7.31,3.74,
2017-10-01,,4.53,11.61,3.46,6.78,5.12,6.12,4.29,8.24,5.52,7.13,1.86,
2017-10-02,,5.64,8.99,2.94,8.56,3.37,5.52,5.28,7.94,3.61,7.28,3.49,
2017-10-03,,4.49,19.68,5.81,8.82,6.88,3.5,4.7,3.25,1.46,7.12,2.07,
2017-10-04,,5.36,21.41,11.7,7.04,10.46,3.45,6.33,6.86,4.44,7.76,2.11,
2017-10-05,,5.07,16.78,11.96,7.37,8.94,5.08,5.45,2.85,2.59,6.82,2.21,
2017-10-06,,5.66,12.15,13.91,7.04,5.7,5.25,4.48,2.4,3.72,8.08,2.17,
2017-10-07,,4.55,10.46,22.29,6.75,7.36,6.72,3.73,6.02,3.6,8.63,2.15,
2017-10-08,,4.22,10.51,24.0,6.95,19.21,9.34,3.47,8.01,2.73,8.71,2.16,
2017-10-09,,5.2,14.28,23.51,7.04,4.24,7.14,7.62,6.45,3.01,8.64,2.24,
2017-10-10,,3.93,5.18,7.6,8.1,8.63,5.83,6.86,,,8.54,,
2017-10-11,,4.38,7.64,6.57,5.91,4.3,9.59,5.42,,,17.57,,
2017-10-12,,4.2,3.49,7.65,6.5,4.2,9.64,5.58,,,8.68,,
2017-10-13,,4.49,14.37,9.36,5.6,2.36,12.06,5.91,,,11.28,,
2017-10-14,,4.64,13.82,14.64,5.22,2.46,12.71,9.91,,,9.12,,
2017-10-15,,4.22,11.79,14.31,7.14,4.4,14.06,11.02,,,10.99,,
2017-10-16,,4.05,10.98,23.09,11.86,18.9,12.86,14.84,,,7.49,,
2017-10-17,,4.37,9.8,17.44,17.23,11.19,7.53,7.52,,,8.08,,
2017-10-18,,4.81,22.85,27.42,21.34,4.82,6.95,10.77,,,9.22,,
2017-10-19,,4.39,25.11,22.15,31.73,5.43,15.41,9.9,23.09,5.22,15.18,4.38,
2017-10-20,,5.88,8.8,36.85,15.66,2.02,9.8,16.21,14.9,9.66,14.82,2.6,
2017-10-21,,5.69,7.05,20.55,15.55,10.49,9.83,10.29,29.16,4.9,9.82,1.51,
2017-10-22,,5.32,10.8,24.42,19.69,3.29,10.24,9.35,19.145,5.15,6.54,2.02,
2017-10-23,,5.39,10.73,27.79,23.36,5.28,10.65,14.15,9.13,6.44,6.12,2.53,
2017-10-24,,5.62,11.09,23.19,21.03,5.02,12.57,12.43,2.45,4.28,7.73,2.35,
2017-10-25,62.62,4.42,11.24,23.77,26.05,9.07,13.47,11.94,2.4333333333333336,5.91,8.3,2.2666666666666666,
2017-10-26,43.78,4.26,17.26,24.12,26.34,6.6,9.57,8.44,2.416666666666667,4.74,8.39,2.183333333333333,
2017-10-27,61.91,4.26,6.78,21.24,19.57,13.15,7.66,7.57,2.4,5.8,8.38,2.1,
2017-10-28,47.05,4.97,11.79,27.88,19.45,11.15,21.46,6.71,3.745,5.62,9.91,2.5175,
2017-10-29,47.28,4.3,11.68,25.08,14.33,7.7,10.6,6.75,5.09,5.2,6.77,2.935,
2017-10-30,38.005,3.71,9.51,23.68,10.32,12.245,3.32,6.85,6.4350000000000005,4.87,7.56,3.3525,
2017-10-31,28.73,3.6,11.69,19.36,10.32,16.79,8.42,7.57,7.78,4.39,6.4,3.77,
2017-11-01,41.59,2.66,17.43,16.01,7.29,14.94,7.82,5.49,4.36,3.59,5.88,2.76,
2017-11-02,54.45,4.15,14.51,17.19,7.06,17.59,7.22,6.59,5.16,4.98,6.15,4.25,
2017-11-03,67.31,5.08,10.59,15.29,6.81,20.33,14.81,6.76,5.99,3.88,6.02,3.45,
2017-11-04,104.29,3.3,6.35,18.87,7.25,13.5,18.5,5.96,5.63,7.78,5.85,4.07,
2017-11-05,101.88,3.33,6.55,19.55,8.52,13.78,20.26,6.95,5.44,5.13,3.2,4.12,
2017-11-06,90.76,3.15,11.84,18.74,9.71,15.11,21.96,7.68,5.35,5.17,3.97,3.64,
2017-11-07,106.41,3.51,13.26,15.29,10.21,11.95,19.8,7.86,4.23,4.39,4.2,4.55,
2017-11-08,127.84,2.98,13.02,20.46,9.79,17.4,24.95,7.93,5.03,5.71,4.19,5.68,
2017-11-09,131.99,3.26,13.05,15.68,9.39,16.53,20.66,9.48,6.52,8.28,5.87,3.63,
2017-11-10,111.22,2.76,10.05,17.84,8.94,22.05,21.41,10.28,7.43,7.71,5.28,3.75,
2017-11-11,113.03,3.99,12.95,17.8,10.15,27.55,26.09,8.55,7.45,9.16,6.1,5.03,
2017-11-12,130.27,3.85,16.59,13.94,10.89,21.15,23.98,6.64,8.57,8.14,4.92,3.97,
2017-11-13,110.08,3.68,11.35,15.58,10.83,17.25,21.17,,5.84,6.0,7.21,4.82,
2017-11-14,160.06,4.15,8.2,13.67,10.19,20.01,21.39,,3.89,4.34,5.15,5.2,
2017-11-15,113.64,3.88,10.74,19.24,9.5,16.76,20.43,,4.74,7.43,7.96,3.92,
2017-11-16,124.92,4.34,12.58,22.89,9.39,13.31,21.61,,5.57,18.04,6.3,4.87,
2017-11-17,132.05,3.97,12.15,16.32,8.03,14.81,22.51,,5.12,8.03,10.65,6.18,
2017-11-18,130.2,3.59,13.45,13.3,9.27,11.42,22.27,,6.13,8.07,10.75,3.6,
2017-11-19,99.05,3.76,12.77,15.12,24.02,10.46,26.1,,5.84,5.24,10.38,3.1,
2017-11-20,81.21,3.59,11.02,13.7,13.4,10.05,24.59,,6.95,11.93,7.17,4.69,
2017-11-21,112.56,3.83,12.9,15.02,6.62,8.34,19.85,,4.93,9.23,7.95,4.99,
2017-11-22,102.74,3.36,12.47,18.13,8.11,14.21,20.66,,5.98,11.0,9.49,3.12,
2017-11-23,118.4,4.05,12.8,18.32,8.36,18.61,21.75,,8.7,9.61,10.31,5.1,
2017-11-24,143.12,3.89,15.48,19.2,9.02,12.78,18.99,,9.69,14.29,11.85,4.89,10.76
2017-11-25,140.1,3.81,15.29,17.95,11.13,13.35,20.99,7.35,8.78,11.24,10.92,4.79,15.24
2017-11-26,117.82,3.75,11.31,21.01,11.19,10.47,29.86,10.85,8.23,9.17,8.99,3.84,26.96
2017-11-27,122.74,3.82,15.38,18.95,12.16,15.16,20.68,7.61,7.34,10.52,8.53,4.65,33.59
2017-11-28,123.22,3.95,19.09,19.39,8.69,16.7,22.84,10.97,8.89,15.28,7.73,3.41,19.0
2017-11-29,113.88,3.99,11.66,20.1,10.96,15.0,17.53,9.23,5.7,6.11,8.99,1.52,10.55
2017-11-30,104.74,4.12,8.83,16.83,8.59,14.09,16.88,7.79,7.2,6.23,10.28,3.02,14.07
2017-12-01,107.36,3.23,9.32,17.59,8.26,14.25,20.61,10.36,10.41,6.53,8.25,2.93,13.9
2017-12-02,103.62,2.98,11.23,20.17,8.96,10.97,28.35,11.12,7.28,8.67,8.1,4.19,19.37
2017-12-03,88.67,2.16,14.78,19.92,8.77,9.54,23.45,10.33,6.61,6.87,7.7,3.92,11.41
2017-12-04,85.69,2.58,20.97,20.17,9.54,12.21,24.46,8.46,9.75,4.54,8.55,4.96,9.84
2017-12-05,58.91,3.02,10.72,18.29,10.58,13.2,26.59,8.77,9.07,3.69,9.56,4.803333333333334,14.02
2017-12-06,31.81,4.86,14.01,20.88,11.95,13.15,25.24,6.07,10.87,4.3,10.63,4.646666666666667,16.54
2017-12-07,45.02,4.42,17.67,18.17,8.77,16.11,20.03,6.66,12.56,10.52,10.06,4.49,28.79
2017-12-08,74.08,4.75,14.6,21.69,13.25,24.61,16.82,7.68,11.66,15.63,10.8,1.45,22.97
2017-12-09,114.3,4.86,12.04,24.22,15.34,19.03,20.24,8.71,10.45,6.8,6.13,4.71,21.9
2017-12-10,98.31,4.96,9.89,25.97,13.86,22.76,58.61,11.07,11.55,7.07,6.87,4.33,13.65
2017-12-11,115.96,4.41,7.67,24.39,10.23,22.48,37.5,7.19,10.08,9.09,7.74,3.96,18.37
2017-12-12,86.58,3.84,6.1,11.71,10.5,12.94,30.54,4.67,11.13,4.37,4.33,3.64,7.42
2017-12-13,112.57,3.72,9.12,10.81,8.87,8.51,38.42,4.37,7.11,4.5,3.32,3.43,5.81
2017-12-14,116.77,3.71,13.19,11.18,8.43,7.88,59.67,4.31,6.7,6.69,13.63,3.99,5.8
2017-12-15,105.41,2.87,11.93,9.69,11.8,7.52,46.3,3.87,5.84,6.22,16.03,5.33,8.33
2017-12-16,102.44,3.2,7.92,4.98,8.63,8.56,39.91,5.07,14.22,4.64,13.97,3.07,8.51
2017-12-17,99.74,3.56,8.69,12.68,10.49,12.3,38.89,4.27,14.12,4.03,10.11,3.38,16.05
2017-12-18,98.89,3.66,8.65,16.97,9.83,22.04,34.58,5.95,26.03,3.97,12.86,4.12,14.05
2017-12-19,109.76,3.71,21.79,23.03,10.93,24.06,54.94,8.16,9.21,5.83,13.65,4.54,15.45
2017-12-20,102.25,6.38,11.48,25.0,13.64,21.88,51.15,5.98,6.59,6.1,10.35,3.96,13.35
2017-12-21,114.05,5.76,10.75,22.54,12.24,16.67,46.2,3.68,6.93,12.91,11.87,5.13,13.58
2017-12-22,99.05,3.32,13.33,20.47,11.66,16.21,45.23,3.98,10.78,2.98,8.57,3.44,29.88
2017-12-23,110.69,3.55,13.21,19.95,9.16,15.01,50.93,4.23,40.38,3.34,9.47,4.1,11.85
2017-12-24,127.91,2.29,15.53,23.73,8.54,10.11,54.55,5.26,13.44,3.36,7.95,5.42,10.85
2017-12-25,116.39,2.78,8.9,23.76,7.07,8.51,39.37,4.23,8.55,3.31,12.47,3.39,12.23
2017-12-26,85.87,2.72,14.59,22.1,8.41,18.35,41.33,6.06,15.18,2.86,9.15,3.44,18.07
2017-12-27,111.43,3.4,13.05,23.17,8.66,16.26,34.09,11.58,16.39,3.44,11.31,3.89,17.01
2017-12-28,113.39,3.38,11.39,25.51,9.5,14.18,33.04,12.14,16.54,5.94,7.65,3.89,15.52
2017-12-29,112.46,3.6,12.13,25.54,10.19,10.66,34.99,10.43,6.26,3.94,11.57,3.38,9.47
2017-12-30,113.34,3.26,8.92,21.01,7.24,9.62,37.05,7.02,5.44,3.58,17.52,4.14,8.26
2017-12-31,115.41,2.95,6.62,17.97,7.64,8.17,53.72,7.07,8.38,3.77,12.93,4.32,11.45
2018-01-01,102.36,3.2,6.0,18.58,6.89,11.25,51.63,8.7,5.75,2.9,9.85,3.51,26.05
2018-01-02,103.46,3.37,8.23,12.43,8.56,9.44,36.7,8.524999999999999,9.84,3.12,12.7,3.29,12.81
2018-01-03,70.3,2.8,12.77,10.28,7.57,10.52,49.93,8.35,12.67,3.54,12.06,6.04,16.82
2018-01-04,93.3,3.32,11.75,14.42,7.77,17.34,42.33,8.56,34.16,,12.22,5.21,16.93
2018-01-05,93.86,5.34,16.44,13.2,9.07,15.67,30.81,8.1,11.99,,9.67,7.36,23.11
2018-01-06,113.82,4.28,29.31,18.15,8.87,12.81,39.19,8.73,12.97,,10.3,8.37,11.86
2018-01-07,107.58,3.37,17.55,16.27,8.86,11.62,56.84,7.24,14.41,,16.11,6.67,9.63
2018-01-08,101.93,4.26,14.31,17.15,9.17,9.28,61.32,7.53,12.79,,15.68,6.81,12.81
2018-01-09,89.53,16.6,20.33,21.82,8.57,10.51,52.83,7.97,10.25,,11.92,6.16,17.77
2018-01-10,103.2,3.16,10.64,18.98,8.8,12.71,45.91,6.53,13.18,,14.62,7.43,13.4
2018-01-11,92.55,4.91,11.52,17.4,9.82,17.13,66.87,7.02,15.06,,19.33,5.36,35.39
2018-01-12,95.48,5.74,12.57,24.03,9.29,17.29,70.52,8.32,15.88,5.39,23.61,4.72,36.01
2018-01-13,106.65,3.51,19.38,24.28,10.86,20.89,50.29,9.71,16.11,3.32,15.6,5.48,14.36
2018-01-14,86.78,3.2,20.61,22.47,9.76,13.76,44.99,8.37,14.33,5.71,12.79,4.52,4.83
2018-01-15,83.85,3.35,13.78,19.12,8.7,7.43,53.83,6.76,11.01,3.24,13.37,6.34,8.75
2018-01-16,127.99,3.47,12.31,19.06,9.81,9.12,59.01,8.21,17.97,10.0,10.78,5.81,4.7
2018-01-17,119.07,3.58,26.45,14.48,10.82,10.5,49.61,7.14,12.76,3.27,8.48,7.96,6.43
2018-01-18,100.99,3.66,23.22,21.02,9.9,13.02,43.97,8.63,14.01,5.07,12.92,5.14,7.21
2018-01-19,128.78,4.22,29.85,22.27,9.96,17.29,45.92,7.04,10.54,3.64,10.84,8.08,8.83
2018-01-20,100.85,4.32,34.03,14.45,10.46,23.32,47.9,6.84,14.32,3.89,12.27,8.59,30.48
2018-01-21,113.34,3.97,33.72,16.91,9.56,13.76,47.68,8.14,11.72,3.09,10.02,7.23,11.04
2018-01-22,124.11,4.24,13.69,21.64,8.87,9.28,49.05,7.99,12.21,2.76,12.44,5.24,10.32
2018-01-23,91.67,4.59,9.92,14.25,9.71,6.93,47.83,6.91,13.74,3.24,8.79,6.63,10.18
2018-01-24,100.55,4.59,12.56,11.9,10.27,9.52,49.66,6.21,12.44,3.05,10.4,5.65,7.22
2018-01-25,124.43,4.19,9.64,6.84,8.1,16.47,50.08,7.58,11.14,3.1,9.51,5.66,31.01
2018-01-26,96.19,4.24,6.7,7.99,8.58,19.6,48.81,7.61,9.839999999999998,2.5,10.99,7.52,8.67
2018-01-27,137.02,4.21,7.26,7.94,9.7,13.62,45.88,6.59,8.54,5.11,14.81,9.01,7.62
2018-01-28,156.59,4.28,6.72,10.26,8.36,9.02,29.76,7.24,18.12,4.04,17.77,6.7,7.49
2018-01-29,125.54,4.17,8.17,12.61,9.83,8.69,31.86,11.87,9.01,3.4,18.37,6.18,12.16
2018-01-30,147.58,3.89,11.98,14.47,7.78,16.9,35.29,5.29,21.3,3.52,17.4,4.95,12.45
2018-01-31,151.92,4.07,17.29,11.35,8.44,20.33,37.73,7.26,11.28,2.97,13.34,7.95,23.68
2018-02-01,168.44,5.01,14.37,18.67,8.27,22.37,33.66,8.99,2.45,3.48,10.94,5.4,8.97
2018-02-02,106.29,4.38,8.5,12.25,9.1,16.85,37.48,6.69,3.83,2.56,11.35,6.28,10.61
2018-02-03,146.13,6.48,6.93,14.2,12.83,9.51,39.67,7.93,9.44,2.79,21.12,8.15,5.86
2018-02-04,146.25,12.74,5.65,13.2,9.75,9.46,34.47,8.47,11.92,2.66,16.14,7.65,8.16
2018-02-05,142.83,3.37,6.64,14.77,10.79,8.16,34.57,9.21,11.79,3.22,14.37,7.87,8.99
2018-02-06,121.22,3.52,8.16,14.94,11.05,9.68,36.39,12.27,11.14,2.82,20.56,7.27,5.86
2018-02-07,121.57,3.22,6.16,14.58,9.24,13.6,36.33,10.53,9.09,4.03,17.89,4.22,5.25
2018-02-08,97.56,4.2,6.61,13.8,12.08,13.52,28.47,12.6,10.01,3.38,12.54,5.42,17.9
2018-02-09,125.46,4.36,5.6,14.35,14.02,13.92,37.08,11.09,9.03,7.24,12.96,6.25,8.25
2018-02-10,120.94,6.63,6.64,13.77,13.01,13.07,39.86,12.14,8.76,4.55,11.43,3.92,5.87
2018-02-11,151.24,3.42,6.47,14.45,13.29,8.55,38.42,10.05,10.67,5.85,11.92,4.78,7.29
2018-02-12,110.86,2.99,5.97,8.58,12.54,6.61,32.37,9.75,9.29,2.83,10.6,27.65,7.62
2018-02-13,104.81,1.84,7.42,10.25,12.22,6.53,36.21,7.11,10.64,2.75,9.0,6.77,6.89
2018-02-14,59.29,1.61,7.06,9.03,10.56,8.3,30.96,1.71,8.12,2.63,9.26,6.77,12.91
2018-02-15,84.2,1.47,11.88,11.47,13.72,12.88,37.8,,10.5,2.68,12.55,5.26,11.81
2018-02-16,124.9,2.79,9.95,12.49,15.47,17.02,33.92,,10.83,5.1,10.87,4.7,25.39
2018-02-17,130.27,8.54,7.69,15.01,15.7,20.36,35.52,,10.53,2.93,14.71,7.58,17.62
2018-02-18,133.39,5.69,8.49,12.17,15.42,10.27,54.87,,10.45,3.1,9.36,7.27,9.53
2018-02-19,127.725,4.22,9.71,15.25,15.91,7.39,50.76,,9.74,3.54,12.98,7.37,8.21
2018-02-20,122.06,3.15,9.94,14.53,19.75,6.36,42.64,,10.34,3.72,7.55,7.71,10.34
2018-02-21,123.47,3.36,10.16,13.97,19.24,7.37,39.32,,10.01,4.71,10.72,6.9,11.02
2018-02-22,108.4,3.19,10.97,15.89,20.89,8.69,38.02,1.84,17.08,4.93,10.53,9.69,11.81
2018-02-23,127.68,2.94,8.95,16.26,21.32,8.18,38.49,1.69,16.64,4.66,9.91,8.05,10.87
2018-02-24,109.6,2.35,9.72,15.09,21.7,8.22,37.43,1.54,29.37,4.14,17.05,8.96,10.82
2018-02-25,91.52,2.34,12.04,14.34,14.64,7.54,38.53,,24.09,3.895,8.32,8.775,9.18
2018-02-26,123.83,2.61,12.92,9.64,11.36,9.89,27.21,,21.12,3.65,10.13,8.59,13.97
2018-02-27,124.25,3.87,10.04,10.72,13.5,14.95,35.57,,17.88,4.14,11.47,7.94,15.02
2018-02-28,124.95,3.4,9.39,14.52,13.53,12.91,33.35,,19.73,3.58,8.37,8.48,22.7
2018-03-01,167.13,3.09,10.14,14.9,12.12,11.14,42.83,,18.51,3.83,12.0,6.84,13.89
2018-03-02,171.32,3.53,9.72,11.52,13.04,10.18,33.4,,22.91,3.5,8.08,7.48,8.98
2018-03-03,109.4,3.14,10.37,12.93,12.7,9.79,39.98,,39.68,3.55,6.62,10.33,9.71
2018-03-04,71.59,4.2,9.28,12.95,11.9,9.17,39.26,,27.14,4.36,8.31,8.62,12.63
2018-03-05,97.02,3.71,7.71,12.7,11.02,8.88,35.41,,20.42,3.46,8.22,8.75,8.98
2018-03-06,99.65,3.85,8.42,12.99,12.26,9.83,36.22,,15.75,2.86,10.76,7.85,9.68
2018-03-07,81.19,3.83,5.79,13.23,13.33,7.58,35.5,1.66,13.82,3.85,9.78,7.87,8.03
2018-03-08,82.23,3.66,9.39,16.98,15.43,7.22,37.06,,2.57,3.92,9.88,5.89,10.21
2018-03-09,94.48,4.07,7.73,18.68,15.73,6.03,42.15,,3.81,3.55,10.32,8.26,12.68
2018-03-10,82.54,4.18,7.81,14.8,14.59,7.24,38.04,,11.94,3.71,12.32,9.76,6.82
2018-03-11,98.31,3.7,12.98,15.41,18.02,6.94,34.89,,14.67,3.72,9.72,14.94,8.35
2018-03-12,101.89,4.01,12.55,17.48,15.34,5.14,37.91,,19.82,8.52,7.8,10.69,7.75
2018-03-13,82.76,4.08,7.09,17.22,15.46,5.62,36.91,,18.72,3.55,9.81,4.27,9.43
2018-03-14,72.88,4.17,7.06,17.39,18.86,7.43,45.05,,22.65,3.09,10.37,5.86,8.63
2018-03-15,59.98,3.95,7.31,16.08,20.64,8.79,44.85,,20.9,3.42,8.84,4.85,11.33
2018-03-16,45.11,3.88,5.73,16.61,15.59,14.59,41.25,,10.7,6.25,10.57,4.3,6.37
2018-03-17,93.54,4.27,8.57,13.63,13.7,5.86,48.51,,15.43,1.95,11.16,5.38,12.47
2018-03-18,118.35,3.39,20.78,17.22,11.51,4.84,51.35,1.87,11.91,2.35,11.81,4.79,10.57
2018-03-19,56.14,3.33,10.23,16.95,11.29,5.87,50.18,,9.05,2.63,11.13,6.05,8.89
2018-03-20,51.32,3.26,11.81,20.52,10.77,7.01,49.53,,17.06,2.59,9.02,5.52,7.04
2018-03-21,57.4,3.02,9.22,24.36,13.27,11.32,46.51,,22.86,2.72,8.62,5.64,15.45
2018-03-22,37.78,3.78,7.46,17.14,10.09,13.35,50.87,,16.68,2.45,9.33,6.17,16.81
2018-03-23,75.71,3.89,3.84,12.75,10.34,16.25,48.0,,13.78,2.4,7.61,5.32,15.55
2018-03-24,72.1,3.61,5.9,14.56,11.63,16.63,47.24,,8.25,7.43,8.77,5.45,9.61
2018-03-25,99.72,3.59,3.54,15.57,9.9,10.47,48.42,,4.7,1.91,10.05,4.98,3.69
2018-03-26,119.98,5.17,9.39,16.28,10.38,7.69,45.13,,9.25,2.92,10.06,5.59,7.26
2018-03-27,118.43,6.99,7.14,18.5,10.63,9.57,54.47,21.43,24.17,6.19,10.24,5.05,13.19
2018-03-28,116.67,4.245,4.51,16.27,13.93,9.65,49.48,,18.48,5.09,11.31,10.06,14.42
2018-03-29,103.12,1.5,5.95,16.53,13.36,9.33,49.89,,10.65,1.52,10.16,5.43,13.63
2018-03-30,111.55,1.48,6.74,15.95,11.53,7.54,47.22,,10.8,5.94,11.24,4.5,18.83
2018-03-31,119.43,2.58,6.34,16.59,10.29,7.47,45.8,,14.53,4.04,11.76,5.8,12.97
2018-04-01,118.21,2.83,7.76,14.13,10.62,5.79,45.56,,10.53,4.97,9.94,8.77,8.3
2018-04-02,117.34,3.0,6.52,16.54,11.45,5.28,47.74,,9.41,4.64,10.63,7.8,9.95
2018-04-03,106.94,3.91,6.48,17.36,12.52,5.64,52.83,,3.93,4.41,9.35,6.01,8.08
2018-04-04,67.09,3.42,5.81,16.58,13.52,5.82,52.52,,5.31,5.48,13.25,7.72,8.7
2018-04-05,19.21,3.39,7.03,19.67,9.71,4.72,50.91,,9.32,6.02,11.46,8.52,5.86
2018-04-06,74.09,3.64,6.96,19.96,8.36,5.68,51.48,,10.75,5.68,9.65,11.26,10.34
2018-04-07,73.62,3.55,4.99,10.48,7.21,9.13,50.36,,12.06,4.15,8.96,7.86,7.4
2018-04-08,49.95,3.4,11.9,10.5,8.54,5.05,53.89,,2.33,5.38,7.76,6.31,10.35
2018-04-09,51.53,3.34,28.17,10.77,8.84,6.94,47.09,,4.88,4.41,7.84,4.92,6.71
2018-04-10,82.97,3.47,30.67,12.65,15.8,6.42,50.31,,13.77,5.9,7.77,6.68,6.88
2018-04-11,77.85,3.4,20.43,11.21,10.96,6.12,52.73,,11.95,4.71,6.34,6.59,6.54
2018-04-12,82.34,3.24,6.2,10.07,8.35,7.29,49.12,,10.36,4.64,4.2,6.4,6.2
2018-04-13,65.42,3.56,5.03,13.37,10.62,5.19,47.52,,17.9,5.11,7.09,5.33,6.62
2018-04-14,3.3,3.8,4.51,15.77,10.04,4.9,41.39,,15.35,4.63,8.4,5.77,6.01
2018-04-15,3.3,3.42,3.97,17.56,12.0,5.47,42.86,,10.19,4.5,7.43,5.38,5.97
2018-04-16,3.3,3.01,4.74,21.02,11.41,8.34,46.85,,16.84,4.32,5.59,5.76,7.01
2018-04-17,18.91,2.74,3.34,13.57,12.56,5.64,48.2,,27.9,6.11,7.5,6.29,6.69
2018-04-18,22.65,2.73,3.88,13.29,10.39,9.98,55.42,,27.42,5.0,7.97,5.61,10.53
2018-04-19,94.03,6.9,3.44,16.76,10.77,10.51,53.16,,14.34,4.1,7.73,5.74,6.91
2018-04-20,63.28,2.28,4.3,15.55,11.88,9.2,49.72,,16.12,4.99,9.92,5.67,15.16
2018-04-21,16.31,2.7,3.77,12.08,9.43,10.1,49.2,,8.98,4.65,6.64,7.09,7.64
2018-04-22,51.41,3.94,3.78,16.92,10.77,7.55,51.38,,33.14,4.83,8.73,6.37,5.44
2018-04-23,15.96,3.94,3.35,12.89,10.81,6.52,46.7,,20.4,4.28,6.96,7.11,8.295
2018-04-24,26.01,4.05,4.11,17.01,12.27,6.92,50.74,,16.03,4.88,9.55,6.11,11.15
2018-04-25,22.99,4.06,3.37,15.1,14.96,6.07,49.87,,18.84,4.85,9.46,4.82,7.38
2018-04-26,48.6,5.71,5.12,17.89,12.84,6.99,50.34,,22.25,4.74,10.84,6.16,13.05
2018-04-27,40.55,5.25,5.02,12.96,10.43,7.12,41.91,23.4,10.65,5.37,10.29,6.46,6.21
2018-04-28,42.89,5.54,4.86,12.38,12.83,6.84,50.06,17.8175,13.13,4.23,7.69,5.78,7.51
2018-04-29,30.7,6.03,3.63,16.1,12.0,7.72,47.85,12.235,11.63,5.94,5.78,7.98,5.38
2018-04-30,51.64,5.46,3.97,11.9,9.26,9.74,48.92,6.6525,12.1,8.03,5.95,6.53,5.93
2018-05-01,69.46,6.12,3.39,8.8,10.28,7.94,50.23,1.07,4.0,8.84,7.74,6.11,7.09
2018-05-02,51.35,9.43,5.4,7.65,10.77,5.92,50.67,,14.33,12.24,5.51,5.52,7.28
2018-05-03,82.15,5.83,7.39,9.52,9.62,5.45,49.65,,8.61,6.86,7.75,5.02,6.37
2018-05-04,36.92,6.65,4.36,9.06,10.9,6.1,41.48,,17.91,4.5,7.2,6.05,6.01
2018-05-05,57.46,4.22,4.32,11.85,10.09,5.94,46.87,,4.96,5.8,8.75,6.5,8.895
2018-05-06,87.14,5.71,5.11,14.61,11.07,6.47,44.43,,11.51,5.07,8.65,5.61,11.78
2018-05-07,54.07,5.1,20.65,16.31,10.68,6.91,45.99,,16.18,6.45,10.8,6.59,14.665
2018-05-08,53.54,6.3,9.24,6.97,13.0,7.8,41.82,,14.62,5.14,7.31,5.77,17.55
2018-05-09,65.8,5.64,6.74,12.35,10.26,6.11,41.89,,6.64,4.77,8.61,5.79,9.19
2018-05-10,61.44,5.31,7.95,12.02,8.27,5.28,38.75,,20.22,4.96,8.44,6.3,8.34
2018-05-11,96.8,5.48,5.67,16.58,11.04,6.44,44.68,,11.06,5.85,9.23,6.78,5.82
2018-05-12,74.84,4.33,6.1,17.75,13.17,5.79,44.45,,8.49,5.73,9.43,6.54,9.63
2018-05-13,80.78,5.76,6.18,11.48,10.5,6.11,39.58,,8.2,6.12,10.77,7.13,7.31
2018-05-14,88.3,7.1,6.23,11.3,8.98,5.38,48.95,,6.97,5.39,10.47,6.43,12.02
2018-05-15,59.55,6.35,6.55,11.9,9.89,4.84,40.03,,13.34,5.43,10.55,7.11,9.43
2018-05-16,73.73,6.26,6.31,9.25,10.52,8.26,51.23,,16.64,6.05,11.15,6.16,7.48
2018-05-17,56.45,5.16,7.82,13.61,10.36,9.18,49.64,,12.17,5.91,12.09,4.77,6.82
2018-05-18,86.73,4.09,5.65,13.97,11.03,6.93,45.29,,22.45,5.46,11.27,5.58,7.27
2018-05-19,106.62,4.82,6.8,12.48,10.19,8.04,46.76,,9.07,5.99,8.6,5.87,21.69
2018-05-20,97.46,4.3,7.94,12.65,7.18,6.25,48.47,,8.63,5.01,9.45,4.19,8.06
2018-05-21,27.74,4.51,6.83,12.73,6.2,6.97,43.55,,11.28,5.77,9.83,5.19,11.16
2018-05-22,16.35,3.12,6.22,15.56,9.41,7.04,42.66,,4.89,5.03,11.69,6.47,6.55
2018-05-23,17.94,4.33,6.03,17.57,10.76,6.22,43.77,,7.35,5.9,11.24,6.99,7.92
2018-05-24,21.21,4.77,6.28,17.78,8.21,6.42,45.56,1.89,8.21,5.56,16.49,6.68,7.3
2018-05-25,56.38,4.87,6.2,12.73,8.63,6.99,39.32,1.71,5.47,6.65,10.24,3.77,7.57
2018-05-26,95.07,3.78,6.46,14.9,9.37,4.39,32.15,2.62,2.76,5.85,12.22,5.08,6.09
2018-05-27,102.66,3.86,5.25,11.59,7.56,6.26,37.77,2.37,4.16,5.72,10.01,4.98,6.48
2018-05-28,109.33,4.26,5.48,15.54,7.09,5.77,36.85,1.67,13.46,7.2,15.87,5.22,5.99
2018-05-29,131.7,3.57,5.4,11.93,7.03,6.41,30.11,1.93,13.61,6.52,10.39,5.53,11.72
2018-05-30,56.99,3.68,6.2,8.58,6.64,6.53,39.04,1.14,9.87,6.42,10.23,4.93,6.4
2018-05-31,62.47,3.55,5.1,9.71,6.46,5.81,39.17,1.47,3.51,5.16,10.31,5.15,9.41
2018-06-01,59.64,3.69,4.68,8.24,7.22,6.76,39.18,1.19,7.38,6.51,12.89,6.04,4.53
2018-06-02,46.16,6.55,4.91,9.08,7.39,6.87,39.07,0.87,4.75,6.14,11.85,5.44,9.78
2018-06-03,56.5,4.18,6.62,7.79,7.86,7.11,39.56,1.14,13.42,6.23,10.85,4.82,6.83
2018-06-04,43.76,4.39,6.78,8.14,7.28,7.1,39.99,0.98,3.69,6.29,11.14,5.28,7.7
2018-06-05,37.58,6.31,6.24,7.51,8.05,7.18,39.36,1.05,12.56,3.13,9.03,5.86,7.28
2018-06-06,49.66,7.21,5.87,9.34,8.73,7.06,35.13,1.11,10.84,3.93,8.07,6.22,6.22
2018-06-07,59.53,5.85,5.12,10.1,9.96,5.17,36.07,0.99,5.92,4.73,8.76,6.53,5.87
2018-06-08,44.42,6.23,6.26,7.75,9.92,6.1,35.82,0.87,17.91,6.52,8.28,4.84,6.37
2018-06-09,63.59,5.35,5.8,6.41,10.68,6.84,37.58,1.07,15.33,11.15,10.74,6.0,5.82
2018-06-10,53.73,5.19,6.33,7.35,10.4,7.35,35.42,1.2,11.71,10.2,11.19,5.36,7.1
2018-06-11,44.25,4.66,5.87,6.94,10.0,8.45,34.43,1.06,11.93,14.28,9.54,5.64,5.81
2018-06-12,44.19,3.37,6.19,8.73,10.03,10.11,39.02,1.26,15.22,7.91,10.04,5.95,6.68
2018-06-13,30.82,4.0,5.75,6.91,9.01,7.58,45.415000000000006,1.02,19.68,7.38,9.3,4.97,6.36
2018-06-14,31.43,2.91,5.64,7.22,10.09,8.26,51.81,1.39,18.59,6.88,6.74,5.79,8.41
2018-06-15,34.88,3.21,5.95,7.31,9.1,9.66,26.85,1.17,26.72,5.26,9.06,5.97,8.66
2018-06-16,34.93,3.24,4.42,7.29,9.48,8.96,33.13,1.01,21.93,8.52,9.4,5.94,5.29
2018-06-17,37.6,3.83,4.97,6.18,8.56,9.83,35.0,0.95,15.983333333333334,4.35,9.07,5.44,9.0
2018-06-18,39.57,4.93,6.27,7.71,8.72,8.6,35.86,1.46,10.036666666666669,6.47,9.68,5.25,6.66
2018-06-19,31.95,4.53,6.21,6.5,7.24,6.94,42.54,7.53,4.09,7.19,8.23,6.17,6.18
2018-06-20,43.99,4.83,5.71,10.05,8.89,6.5,41.49,10.0,17.05,6.46,13.27,5.1,5.43
2018-06-21,40.84,5.1,5.9,9.73,11.23,6.21,38.08,9.26,15.97,5.67,13.19,6.0,5.53
2018-06-22,41.5,4.68,5.65,12.38,9.06,6.19,37.85,11.77,9.52,7.43,10.2,5.57,7.62
2018-06-23,47.27,4.7,4.85,11.68,7.89,6.35,38.09,9.36,11.83,7.24,10.28,5.87,6.86
2018-06-24,36.48,4.64,5.48,13.73,7.96,6.42,36.95,5.81,18.1,6.33,9.77,5.83,6.14
2018-06-25,27.32,4.79,6.06,12.17,8.24,6.36,37.88,6.9,10.95,4.7,8.21,5.71,6.76
2018-06-26,26.76,4.78,5.28,13.16,8.46,5.93,42.11,7.59,10.33,6.46,9.73,5.67,7.12
2018-06-27,39.2,4.87,5.84,10.43,8.77,4.6,38.31,7.14,18.17,7.4,9.54,5.64,7.55
2018-06-28,54.98,5.5,5.57,8.48,8.2,5.05,39.0,4.55,17.86,12.55,10.02,6.63,4.72
2018-06-29,43.42,5.95,5.21,9.36,7.9,5.38,39.94,5.64,11.38,8.09,8.04,5.19,5.51
2018-06-30,22.02,6.63,6.16,9.55,7.89,6.64,35.09,5.84,12.05,9.9,9.04,5.16,7.54
2018-07-01,24.98,6.11,5.51,8.53,9.93,7.1,39.85,6.38,13.1,3.78,10.73,6.42,5.01
2018-07-02,24.97,6.9,6.51,8.82,11.07,5.74,40.03,6.02,15.3,4.23,10.97,5.33,6.62
2018-07-03,18.91,7.51,5.53,10.11,6.68,5.56,42.75,6.09,13.39,9.09,11.7,6.47,4.9
2018-07-04,46.94,6.49,5.74,10.14,5.46,5.95,34.38,10.57,15.11,11.28,11.0,6.52,5.6
2018-07-05,34.41,6.47,5.91,11.14,5.36,6.07,39.4,6.24,10.52,5.02,9.44,5.86,6.52
2018-07-06,17.67,6.63,5.73,10.27,6.03,5.06,41.0,4.22,12.32,10.6,10.3,6.89,6.53
2018-07-07,25.74,7.2,4.83,10.4,8.27,5.19,46.94,2.54,22.36,7.1,10.34,5.85,4.65
2018-07-08,25.91,7.09,6.22,11.6,7.23,5.61,89.52,4.24,10.86,6.03,10.72,5.98,5.17
2018-07-09,32.64,7.5,5.42,11.0,5.88,5.45,58.78,4.59,17.0,9.03,9.83,7.12,5.69
2018-07-10,32.64,7.49,5.36,10.92,6.69,5.47,46.2,4.42,25.43,7.33,8.84,6.66,5.36
2018-07-11,26.37,8.27,6.56,11.26,6.62,4.83,50.3,5.09,27.6,7.25,8.4,7.0,6.75
2018-07-12,34.39,8.6,6.04,10.92,8.67,4.96,58.06,4.87,30.88,5.66,9.51,5.75,8.77
2018-07-13,37.17,7.14,5.81,10.69,6.54,6.21,80.92,4.36,19.09,11.91,10.32,5.02,6.45
2018-07-14,22.82,7.47,4.79,11.13,7.59,6.88,78.96,7.64,2.72,7.33,8.47,6.97,6.02
2018-07-15,21.06,6.66,5.74,10.64,6.13,6.66,56.12,5.6,3.69,7.56,8.56,6.22,6.29
2018-07-16,28.85,7.32,5.79,9.51,5.74,8.75,46.43,6.91,14.09,3.1,9.6,4.0,7.42
2018-07-17,19.34,7.56,7.06,10.2,6.6,6.46,54.19,6.83,13.4,2.67,9.32,5.61,10.4
2018-07-18,16.32,7.75,11.13,11.04,7.75,6.95,55.64,6.6,5.17,3.84,10.16,6.37,9.94
2018-07-19,17.39,7.58,7.33,11.14,8.38,7.32,57.14,5.66,6.51,3.39,9.16,6.38,8.98
2018-07-20,17.09,7.49,6.12,10.4,7.26,9.52,45.51,5.68,5.16,9.02,8.33,5.93,9.81
2018-07-21,23.87,7.68,6.79,11.2,6.49,9.11,51.68,5.98,3.7,6.07,7.23,5.89,6.51
2018-07-22,19.19,8.01,8.48,9.85,5.85,9.22,51.57,5.45,10.45,3.75,6.87,5.17,12.46
2018-07-23,19.96,7.9,6.89,10.43,6.36,7.41,51.78,6.09,13.25,4.05,8.89,6.24,13.78
2018-07-24,21.19,7.08,6.18,10.78,5.55,5.87,48.07,6.07,11.7,3.71,12.59,5.13,11.83
2018-07-25,20.02,7.68,8.34,9.99,6.31,6.55,55.45,6.0,9.21,3.45,10.01,6.28,10.42
2018-07-26,18.21,7.55,11.1,9.27,6.17,7.06,80.07,5.14,7.5,3.45,8.96,6.06,9.13
2018-07-27,19.94,7.46,5.64,9.13,6.35,6.46,51.81,5.5,12.02,2.63,9.81,6.64,10.97
2018-07-28,19.83,6.84,6.54,9.55,5.46,6.09,44.84,5.46,11.23,1.95,8.71,5.73,10.98
2018-07-29,25.27,6.51,9.83,9.37,5.51,7.2,32.85,5.2,7.3,1.92,9.76,5.23,9.64
2018-07-30,24.1,7.18,7.12,8.96,4.93,6.79,21.96,5.36,12.92,2.04,10.03,5.99,6.69
2018-07-31,61.88,6.44,6.08,9.12,5.77,6.8,8.74,6.05,8.08,2.12,9.76,5.48,12.6
2018-08-01,109.6,6.0,6.97,9.71,5.21,6.2,12.44,5.1,15.64,2.21,8.75,5.96,6.74
2018-08-02,106.17,6.28,6.19,10.22,5.23,6.61,15.77,6.17,7.57,3.89,8.6,4.65,12.46
2018-08-03,113.31,6.5,7.57,9.48,5.51,7.02,28.32,6.97,7.34,2.77,9.41,5.55,8.64
2018-08-04,96.72,6.8,5.68,9.61,5.05,6.63,20.96,6.21,6.51,4.57,10.74,6.02,11.1
2018-08-05,104.62,7.15,5.85,9.86,5.78,6.37,21.21,5.54,2.02,5.08,9.3,5.43,2.9
2018-08-06,126.12,5.94,5.49,9.4,6.1,7.05,15.58,5.87,11.38,6.87,10.37,4.48,11.28
2018-08-07,83.84,6.18,5.8,10.65,7.55,8.15,17.96,6.23,2.45,8.37,8.0,5.95,11.49
2018-08-08,58.25,6.68,5.96,9.47,7.87,7.42,15.27,5.77,5.02,6.67,7.59,6.03,9.02
2018-08-09,41.84,6.27,6.67,9.85,7.5,5.9,12.46,6.03,9.11,7.22,9.74,4.98,12.33
2018-08-10,29.66,7.52,6.22,9.66,6.57,6.07,13.15,6.54,7.69,8.7,11.08,4.96,9.47
2018-08-11,26.92,6.44,7.81,8.84,5.79,6.09,10.84,5.99,4.71,8.69,7.66,5.82,10.32
2018-08-12,21.64,6.96,4.28,9.09,5.97,6.15,10.84,5.57,6.46,8.41,7.26,4.93,8.72
2018-08-13,42.09,5.96,6.47,9.26,7.42,6.65,15.98,5.41,12.14,6.75,7.17,5.75,8.12
2018-08-14,48.99,6.34,6.16,9.86,8.37,7.29,24.07,8.02,12.74,7.25,9.28,5.72,8.35
2018-08-15,31.19,6.35,4.58,8.85,9.32,10.13,23.49,3.43,9.37,9.04,11.23,6.13,8.93
2018-08-16,43.71,5.58,10.58,10.43,9.56,5.69,22.72,5.8,6.0,6.69,10.39,5.77,8.39
2018-08-17,32.57,5.76,15.97,9.26,9.14,7.17,18.95,6.89,8.05,3.14,8.93,4.56,11.82
2018-08-18,128.43,6.76,14.94,10.05,9.14,8.0,25.63,5.72,11.58,6.39,10.47,5.12,9.47
2018-08-19,152.48,6.44,15.14,11.4,8.68,6.84,23.94,6.39,14.66,5.18,10.13,5.57,8.12
2018-08-20,156.24,6.65,14.29,10.88,8.31,5.98,27.3,6.64,13.16,5.76,9.34,5.11,10.48
2018-08-21,151.44,5.95,15.09,11.99,7.8,6.73,26.1,6.08,30.0,8.09,10.09,6.39,9.05
2018-08-22,120.48,6.92,14.35,11.43,7.46,8.08,23.52,4.73,22.77,6.63,10.06,5.51,8.39
2018-08-23,146.84,7.32,14.77,10.82,7.19,8.73,24.58,4.89,21.64,5.23,10.24,6.5,8.98
2018-08-24,88.36,7.81,11.98,10.4,7.6,8.55,25.58,5.4,10.65,6.56,8.77,6.51,9.46
2018-08-25,96.68,7.61,13.19,10.9,12.86,7.55,24.18,5.45,2.74,13.5,9.0,5.95,10.01
2018-08-26,66.48,7.07,14.06,10.31,11.13,7.85,24.33,5.25,8.315000000000001,20.44,8.74,5.47,10.12
2018-08-27,34.74,7.09,12.04,10.82,10.8,7.61,23.76,7.06,13.89,27.38,9.08,6.19,9.24
2018-08-28,56.88,6.5,12.49,10.84,4.62,6.97,25.61,5.13,10.66,6.1,10.98,5.38,9.76
2018-08-29,49.27,6.94,11.59,10.23,5.17,8.39,25.03,5.82,5.28,4.98,11.17,6.49,8.89
2018-08-30,25.47,7.56,10.61,9.97,5.59,8.85,25.23,5.7,4.08,5.32,9.56,6.38,9.78
2018-08-31,59.94,7.34,13.07,9.67,6.26,7.13,25.04,6.12,3.97,5.79,11.33,6.35,11.98
2018-09-01,85.34,7.25,12.61,10.53,5.61,8.74,23.2,9.27,6.77,5.43,11.67,5.98,11.17
2018-09-02,101.38,8.3,13.98,9.81,5.03,6.4,22.43,5.59,25.01,2.36,11.05,6.07,11.64
2018-09-03,65.06,8.66,14.76,9.96,5.27,7.13,23.72,5.64,31.5,3.28,10.92,6.02,11.8
2018-09-04,28.74,8.63,12.8,10.8,6.44,7.74,25.16,7.03,3.64,2.99,11.25,5.56,11.54
2018-09-05,53.18,7.69,9.42,9.62,6.08,8.05,20.93,6.62,5.25,2.33,11.59,5.48,12.89
2018-09-06,49.31,8.53,6.19,10.13,6.34,7.84,22.95,7.47,11.99,2.4,11.5,6.72,11.73
2018-09-07,56.92,8.27,8.08,10.75,4.85,7.79,24.32,8.15,8.45,2.74,11.4,6.0,11.06
2018-09-08,60.72,7.58,14.86,11.38,5.0,9.3,25.23,5.64,8.23,3.13,10.5,5.5,10.21
2018-09-09,111.98,7.65,7.37,10.98,4.78,8.8,24.14,3.37,3.32,2.87,7.8,6.82,11.475
2018-09-10,102.83,7.71,5.85,11.21,4.54,7.75,19.69,4.67,2.95,4.32,8.4,8.14,12.74
2018-09-11,74.72,6.95,5.71,9.77,4.62,6.42,31.92,7.45,3.86,2.74,9.8,5.19,8.91
2018-09-12,50.26,7.44,4.94,10.31,3.94,5.67,24.67,8.03,4.19,2.81,10.89,5.86,10.9
2018-09-13,65.55,8.27,5.26,11.24,3.62,6.0,27.39,6.71,2.81,3.09,10.91,6.73,11.29
2018-09-14,60.88,7.55,5.34,11.21,4.18,7.04,18.57,5.57,6.77,2.15,11.19,6.44,8.91
2018-09-15,71.39,7.46,6.92,11.74,3.95,6.77,25.01,6.140000000000001,3.05,3.01,9.41,7.36,9.58
2018-09-16,73.4,8.26,6.42,11.14,3.82,7.78,27.72,6.710000000000001,2.85,2.28,8.59,7.35,9.585
2018-09-17,63.4,7.87,10.04,11.12,4.08,8.41,25.47,7.28,2.35,3.49,9.07,6.45,9.59
2018-09-18,70.24,7.24,11.07,11.95,5.05,6.81,27.02,7.74,2.47,2.03,9.87,6.07,10.48
2018-09-19,65.46,7.82,7.27,13.43,4.77,6.9,25.54,7.16,2.73,3.25,15.17,5.56,11.24
2018-09-20,43.6,7.22,8.13,14.41,4.36,7.14,27.3,6.92,3.22,2.78,11.49,5.05,13.38
2018-09-21,30.28,6.83,6.23,12.74,3.75,8.39,24.72,6.43,5.38,2.57,10.81,5.15,6.28
2018-09-22,42.11,7.24,5.06,11.11,3.39,6.23,24.0,7.59,2.13,4.17,11.13,5.45,14.1
2018-09-23,27.9,7.1,5.8,11.59,3.36,6.13,28.55,6.21,1.31,5.15,12.14,5.68,12.28
2018-09-24,25.39,6.7,5.68,11.08,4.44,5.85,25.44,6.08,2.37,4.9,10.45,5.26,14.67
2018-09-25,38.27,6.79,6.98,10.88,5.61,6.42,24.64,5.84,2.01,3.16,10.11,5.71,27.0
2018-09-26,78.83,6.76,6.47,11.59,4.0,8.2,30.77,6.72,3.82,6.76,8.09,6.39,13.47
2018-09-27,45.29,6.59,5.66,12.78,4.47,6.93,28.75,8.45,4.44,4.37,9.04,5.6,17.33
2018-09-28,56.95,6.14,7.46,12.98,4.75,7.03,28.69,7.96,4.46,5.97,11.1,5.42,11.43
2018-09-29,64.17,6.06,6.62,13.08,4.61,7.08,24.1,7.91,2.81,6.46,9.96,5.54,14.92
2018-09-30,60.33,5.67,7.98,12.38,5.15,9.16,26.73,3.57,3.09,6.29,10.08,5.25,11.9
2018-10-01,74.04,6.59,7.23,12.7,5.46,7.78,25.87,4.36,3.69,6.5,11.04,4.94,8.48
2018-10-02,53.57,6.36,7.93,12.25,4.94,5.89,24.49,4.22,4.75,5.83,14.15,4.85,7.25
2018-10-03,128.38,6.27,7.96,13.36,4.99,5.74,22.79,6.03,4.53,6.65,12.57,5.22,19.9
2018-10-04,92.16,6.52,17.2,14.42,4.93,5.14,22.34,6.63,3.19,6.61,9.8,5.37,13.81
2018-10-05,46.31,6.96,27.34,17.27,5.1,6.26,22.3,10.76,3.3,6.18,10.32,4.93,12.41
2018-10-06,80.71,6.52,24.43,13.42,6.17,8.43,27.58,8.04,3.7,6.16,10.31,5.57,14.31
2018-10-07,75.18,6.73,9.43,14.33,5.93,6.99,25.22,14.16,3.7,6.75,9.94,3.92,10.92
2018-10-08,119.78,6.84,10.98,16.13,6.38,9.45,27.25,7.41,3.87,5.05,10.18,5.68,13.94
2018-10-09,90.5,6.89,9.66,19.67,6.41,17.26,27.01,8.6,3.71,3.72,11.77,5.59,25.5
2018-10-10,100.12,6.48,11.67,16.55,6.66,13.82,27.51,7.52,8.16,4.15,16.05,6.49,31.74
2018-10-11,76.09,6.55,7.72,14.54,7.08,14.89,25.25,5.18,28.82,6.05,9.12,5.53,27.31
2018-10-12,64.62,6.53,6.41,16.06,6.55,13.5,26.52,6.96,12.45,6.43,8.56,5.73,24.37
2018-10-13,53.75,6.35,6.21,17.91,6.39,10.8,28.37,8.38,5.9,5.77,11.57,5.31,16.73
2018-10-14,101.29,6.28,8.16,16.07,5.69,9.08,26.71,6.27,8.68,6.71,11.12,6.65,10.6
2018-10-15,72.69,6.36,7.04,17.96,6.72,9.14,26.54,8.42,11.62,6.47,14.45,6.64,9.33
2018-10-16,98.85,6.52,7.54,19.19,7.0,4.76,26.05,9.15,2.9,6.07,13.89,5.55,10.8
2018-10-17,94.22,6.56,8.69,17.13,8.04,4.21,28.72,9.88,4.91,6.19,11.8,5.91,10.51
2018-10-18,90.9,6.45,6.33,18.46,6.08,3.64,37.04,9.53,20.28,5.43,13.06,5.69,16.184
2018-10-19,97.98,6.31,11.52,18.35,4.73,3.92,29.65,7.43,13.31,6.5,9.78,6.48,21.858000000000004
2018-10-20,89.37,6.74,10.13,19.82,5.45,6.19,32.91,10.96,10.09,6.11,9.25,5.7,27.532000000000004
2018-10-21,76.61,7.29,6.7,20.59,5.22,5.23,32.07,8.66,12.67,5.58,10.36,5.49,33.206
2018-10-22,90.9,7.54,15.4,17.74,6.6,9.47,31.31,8.25,14.24,5.17,9.52,6.15,38.88
2018-10-23,70.06,8.02,10.54,19.49,10.34,6.04,31.98,15.08,15.35,6.21,8.39,5.12,11.32
2018-10-24,54.23,8.31,9.99,20.95,9.36,6.88,35.23,9.78,22.56,6.63,9.23,5.1,19.34
2018-10-25,78.64,6.52,6.88,22.51,8.1,8.39,33.53,12.77,13.32,6.35,9.29,5.23,13.7
2018-10-26,61.13,7.67,8.35,20.76,8.52,11.76,34.53,14.27,6.46,6.02,9.15,6.05,13.43
2018-10-27,39.24,6.75,15.7,19.9,10.29,16.45,26.81,12.69,11.04,5.78,10.26,6.45,23.42
2018-10-28,68.42,6.29,10.0,15.62,7.41,14.29,27.37,12.22,7.37,5.84,12.13,6.36,15.52
2018-10-29,56.89,7.03,5.44,16.66,7.13,19.41,25.76,12.27,5.3,5.98,11.43,5.75,28.74
2018-10-30,68.94,6.8,7.44,17.62,8.71,14.14,26.47,16.35,5.71,6.3,11.32,5.84,14.54
2018-10-31,44.95,5.81,6.32,18.11,9.8,14.98,24.95,11.77,4.18,6.08,9.62,5.96,10.4
2018-11-01,42.51,7.01,7.29,20.12,10.77,11.42,26.5,13.67,3.22,6.32,13.46,5.16,12.5
2018-11-02,67.06,6.14,5.72,19.65,11.77,6.15,24.61,10.39,2.65,6.0,8.24,5.56,8.95
2018-11-03,57.8,6.46,7.7,17.1,7.61,4.13,28.16,7.5,1.93,6.47,11.34,5.2,8.59
2018-11-04,69.83,6.17,15.54,15.01,5.09,3.89,22.35,9.21,2.07,5.88,9.9,10.4,10.19
2018-11-05,49.76,6.14,17.81,14.63,6.89,4.62,29.15,12.66,2.72,6.01,9.49,7.32,10.43
2018-11-06,77.6,7.11,12.25,15.37,6.35,5.76,31.25,10.0,6.5,12.57,10.95,6.5,10.33
2018-11-07,42.01,7.8,14.09,19.39,13.34,8.73,36.17,9.13,19.0,19.13,16.96,7.09,10.36
2018-11-08,75.95,7.7,8.6,26.52,16.73,7.39,32.85,19.95,19.32,9.91,27.32,6.52,15.03
2018-11-09,52.45,5.77,6.03,17.41,10.04,10.52,37.44,12.53,5.47,3.2,14.94,6.32,12.3
2018-11-10,57.58,4.97,10.87,18.01,10.69,16.11,34.72,10.78,13.53,3.8,12.17,11.07,18.89
2018-11-11,51.92,5.67,12.87,16.2,8.22,18.58,29.33,12.31,15.16,3.59,10.39,4.37,25.14
2018-11-12,60.97,6.65,11.44,17.4,9.17,27.46,33.72,14.47,12.25,2.31,15.29,15.51,30.44
2018-11-13,101.13,7.96,10.76,18.72,10.35,32.99,32.52,10.42,10.24,2.836666666666667,11.52,4.1,30.69
2018-11-14,91.74,7.78,12.45,16.02,8.48,28.68,31.41,8.28,8.52,3.3633333333333337,10.2,5.6,38.91
2018-11-15,48.93,6.5,10.97,15.03,8.04,23.55,32.99,7.72,5.04,3.89,7.17,6.12,24.47
2018-11-16,47.43,5.06,12.81,14.2,7.51,14.26,34.17,7.99,3.19,5.0575,10.46,3.56,10.63
2018-11-17,62.65,5.2,8.51,14.37,9.33,4.64,32.77,10.88,3.03,6.225,9.88,4.48,7.51
2018-11-18,63.63,5.38,8.95,16.29,11.68,4.63,33.14,11.68,8.67,7.3925,12.13,5.66,7.49
2018-11-19,85.76,5.57,13.48,16.32,9.93,4.53,34.64,12.94,3.94,8.56,11.45,15.55,9.65
2018-11-20,70.31,5.21,8.75,16.11,10.39,9.77,30.7,10.36,5.07,0.71,11.07,7.98,12.15
2018-11-21,44.24,5.74,7.71,14.22,9.37,13.92,38.44,11.32,,5.36,13.14,4.72,16.66
2018-11-22,60.45,5.89,9.4,16.89,9.07,9.72,33.15,12.98,,6.94,12.48,6.1,31.55
2018-11-23,60.58,5.57,7.81,16.39,8.49,15.7,31.94,10.09,,6.3825,12.7,11.65,13.65
2018-11-24,62.48,5.34,6.77,15.12,9.05,15.99,34.8,9.07,,5.825,13.3,6.56,20.63
2018-11-25,67.36,5.25,6.22,16.56,9.07,16.75,33.66,12.57,,5.2675,11.59,5.53,19.96
2018-11-26,61.98,5.65,6.7,20.11,10.05,18.36,35.12,14.28,,4.71,10.68,14.75,17.17
2018-11-27,64.78,5.5,7.59,18.31,10.39,11.85,42.79,13.85,,4.216666666666667,13.03,8.29,20.78
2018-11-28,50.93,5.6,7.35,15.96,10.0,8.85,50.93,11.85,,3.7233333333333336,10.07,17.86,15.71
2018-11-29,34.58,5.48,6.72,12.76,7.94,14.12,51.82,11.76,,3.23,9.53,8.86,19.81
2018-11-30,44.35,5.46,10.09,13.69,7.15,20.32,45.49,9.9,6.61,7.56,13.0,11.58,39.76
2018-12-01,52.73,5.49,14.74,14.4,7.82,13.09,32.36,12.73,7.74,5.91,13.79,18.65,14.21
2018-12-02,51.83,6.21,10.53,16.62,8.52,9.29,31.97,11.86,7.406666666666667,7.7,12.63,14.93,13.87
2018-12-03,37.48,6.78,8.84,16.52,7.83,7.79,33.19,13.5,7.073333333333334,9.49,11.81,8.44,14.03
2018-12-04,31.51,5.86,8.25,16.28,8.77,8.53,24.44,20.13,6.74,7.11,17.2,5.31,13.62
2018-12-05,33.05,5.69,8.29,15.89,7.25,5.66,28.69,11.2,5.29,4.06,17.2,8.6,14.31
2018-12-06,76.7,6.47,7.77,16.49,7.77,4.21,24.78,21.96,4.41,4.773333333333333,15.92,5.11,13.06
2018-12-07,65.02,5.9,8.44,14.11,7.53,4.65,25.16,12.94,5.66,5.486666666666667,20.16,4.07,10.86
2018-12-08,49.3,5.86,7.98,15.47,6.67,4.23,29.52,21.53,10.29,6.2,19.89,20.81,11.12
2018-12-09,45.82,7.38,8.5,18.08,6.98,5.66,46.42,13.18,8.94,4.85,19.87,7.57,10.17
2018-12-10,59.11,5.77,9.0,16.74,9.42,5.63,40.06,9.3,8.1,3.5,17.52,2.92,9.58
2018-12-11,104.49,5.94,11.76,15.49,7.83,7.25,41.9,12.0,6.01,3.75,16.02,8.49,11.7
2018-12-12,51.61,6.32,12.46,14.64,6.82,5.85,43.91,9.08,5.33,0.87,8.99,4.18,13.75
2018-12-13,69.86,6.32,12.84,13.07,6.97,4.46,35.35,9.14,5.79,3.605,8.75,4.45,18.13
2018-12-14,42.48,6.57,8.68,12.5,7.06,6.86,43.64,5.51,7.69,6.34,9.44,9.0,17.68
2018-12-15,21.53,6.24,9.89,13.34,6.9,13.68,37.27,0.73,10.34,5.613333333333333,9.86,12.14,23.81
2018-12-16,19.99,6.45,8.78,15.76,7.59,16.29,35.83,5.5,7.09,4.886666666666667,10.88,12.18,23.87
2018-12-17,29.22,7.69,10.81,16.14,7.67,12.91,37.63,7.93,2.94,4.16,13.18,9.89,10.94
2018-12-18,34.63,5.98,13.49,17.76,7.36,9.12,36.54,8.79,3.65,4.08,11.59,9.98,12.41
2018-12-19,63.66,6.12,13.94,17.41,7.75,9.12,33.23,14.62,2.81,2.73,9.98,23.73,44.59
2018-12-20,83.62,6.04,10.77,17.68,7.28,11.57,28.34,11.98,3.45,4.48,11.88,16.99,57.72
2018-12-21,60.42,5.88,9.74,15.9,8.74,12.56,28.81,11.16,5.41,3.4400000000000004,10.81,25.33,29.45
2018-12-22,80.9,6.01,8.34,18.47,9.91,10.82,32.46,10.23,19.89,2.4,9.44,24.59,13.62
2018-12-23,55.16,4.98,9.02,18.21,8.32,7.12,27.61,9.3,16.675,2.235,10.25,16.17,12.32
2018-12-24,54.74,5.33,10.8,17.86,7.96,10.6,33.02,14.0,13.46,2.07,12.24,18.5,42.75
2018-12-25,64.9,5.24,12.48,14.14,10.46,8.93,28.1,8.0,10.245,1.6949999999999998,15.93,9.51,20.19
2018-12-26,56.2,5.27,9.28,15.37,9.22,6.85,34.63,9.28,7.03,1.32,17.73,11.66,13.32
2018-12-27,64.7,5.67,16.0,18.03,10.99,10.27,28.16,16.54,19.05,1.97,16.97,17.07,10.45
2018-12-28,70.0,6.12,11.95,14.8,8.72,16.12,28.76,4.91,12.57,4.17,19.57,34.23,25.43
2018-12-29,61.27,6.07,11.11,16.49,13.86,20.66,44.55,9.71,17.41,3.773333333333333,12.89,18.01,28.57
2018-12-30,57.37,5.34,8.52,19.91,14.27,17.59,25.07,35.77,17.86,3.376666666666667,13.73,13.9,33.25
2018-12-31,64.49,7.25,17.04,17.38,14.7,19.97,25.42,43.29,25.66,2.98,14.5,15.98,40.52
2019-01-01,80.15,8.29,18.33,17.77,15.52,22.51,33.82,31.63,31.0,2.87,16.89,13.1,30.85
2019-01-02,47.7,10.22,14.34,18.27,16.56,13.44,31.81,25.86,28.06,3.41,15.89,13.63,48.92
2019-01-03,55.29,8.15,15.54,15.12,9.0,13.01,34.85,27.05,29.16,3.54,19.49,20.06,42.26
2019-01-04,69.02,5.76,15.84,13.22,8.46,12.51,31.78,13.58,23.07,3.49,22.65,22.19,15.29
2019-01-05,86.65,6.13,11.74,15.59,9.5,8.17,36.1,22.35,13.47,2.33,13.07,30.99,15.9
2019-01-06,52.52,6.36,14.62,13.65,6.86,6.61,33.58,28.49,11.81,1.61,11.12,30.89,11.75
2019-01-07,48.21,7.13,13.32,15.49,7.8,9.93,32.0,17.6,14.7,1.83,14.19,25.64,16.53
2019-01-08,56.43,7.64,17.38,14.67,5.87,15.09,33.24,22.02,41.63,2.92,17.31,20.32,39.68
2019-01-09,63.72,7.01,12.12,15.09,6.76,24.2,32.73,18.62,21.05,3.2,15.86,23.45,66.39
2019-01-10,59.98,5.88,11.52,16.81,8.18,15.91,35.12,15.92,16.33,2.85,11.8,17.98,9.43
2019-01-11,70.61,5.79,15.08,20.03,8.36,6.42,28.05,18.72,11.83,3.76,11.48,35.33,10.56
2019-01-12,61.71,5.73,9.37,17.81,14.64,5.24,33.52,20.71,17.47,3.48,15.38,15.31,10.52
2019-01-13,64.52,5.47,13.8,17.83,11.44,4.84,33.72,21.44,15.43,2.83,16.28,24.64,12.33
2019-01-14,34.03,4.93,19.57,15.05,6.75,5.55,31.37,15.57,36.83,,17.6,22.15,12.91
2019-01-15,28.48,5.28,19.9,17.09,8.14,10.91,30.88,13.77,31.62,,18.46,19.25,26.39
2019-01-16,64.92,5.05,17.67,20.35,9.01,13.59,32.24,10.28,12.0,,15.56,21.95,6.49
2019-01-17,56.28,5.74,17.24,19.63,8.31,9.96,32.07,5.18,14.97,,16.52,17.06,13.73
2019-01-18,79.66,5.35,19.54,14.7,6.77,9.28,31.11,9.18,20.4,,19.45,15.24,26.75
2019-01-19,56.74,5.07,17.95,18.07,8.94,11.05,31.81,12.61,31.84,,18.23,22.8,11.71
2019-01-20,79.76,5.2,11.27,20.98,10.39,11.84,36.53,7.55,20.76,,22.47,20.22,16.0
2019-01-21,98.89,5.32,9.07,16.82,8.37,6.44,30.18,5.22,26.0,,20.26,13.38,14.8
2019-01-22,62.14,5.06,15.54,11.87,8.31,5.3,31.23,5.35,16.05,,17.52,10.14,13.57
2019-01-23,83.72,5.42,16.66,14.17,8.18,4.71,43.74,6.7,19.4,,22.04,7.48,13.17
2019-01-24,94.78,4.97,15.18,15.29,9.77,5.47,46.97,6.31,25.46,,18.41,8.5,11.48
2019-01-25,63.17,4.79,8.45,14.62,9.04,4.8,45.36,4.68,19.65,,11.0,6.37,12.19
2019-01-26,63.03,5.27,8.05,14.48,6.41,6.04,46.11,4.97,7.14,,10.26,5.02,8.37
2019-01-27,37.29,5.16,10.56,15.89,5.81,9.21,45.77,4.63,6.64,,11.39,2.44,11.04
2019-01-28,37.73,4.12,16.53,15.76,7.05,10.45,43.78,5.6,8.47,,13.56,4.7,15.66
2019-01-29,38.59,4.91,26.06,18.56,7.75,12.83,42.61,5.52,8.68,,12.25,4.24,27.99
2019-01-30,78.4,4.8,15.23,24.75,8.53,16.51,43.42,4.37,10.28,,9.88,4.75,26.84
2019-01-31,94.79,5.45,10.95,20.48,9.86,9.26,46.97,6.28,7.14,,12.95,8.99,15.58
2019-02-01,87.94,5.35,20.89,17.83,9.8,5.43,42.2,2.64,7.87,,11.9,8.87,13.42
2019-02-02,71.48,5.01,17.98,11.55,9.25,6.77,42.32,4.0,11.1,,10.13,7.74,10.68
2019-02-03,64.47,4.58,9.54,11.7,6.58,5.07,42.02,4.0,9.32,,11.35,4.04,17.71
2019-02-04,56.3,4.6,8.95,14.06,6.89,5.28,45.34,4.27,5.64,,10.6,7.43,16.63
2019-02-05,76.89,4.54,8.29,22.38,8.62,7.07,44.51,3.28,10.17,,12.14,4.78,12.92
2019-02-06,57.09,5.81,8.82,15.59,10.4,6.27,46.63,3.27,29.5,,11.4,2.12,18.7
2019-02-07,42.04,5.3,9.04,11.12,7.33,6.17,44.88,4.965,28.7,,9.66,7.82,12.37
2019-02-08,41.4,5.21,9.01,12.66,7.85,10.22,43.89,6.66,18.3,,13.03,7.24,8.47
2019-02-09,41.88,6.19,12.96,13.25,6.73,13.22,40.83,3.92,13.4,,14.17,5.03,16.7
2019-02-10,55.24,4.52,16.47,16.41,6.83,28.83,43.17,6.11,5.9,,10.68,16.43,10.21
2019-02-11,51.46,4.04,26.99,17.52,8.57,7.38,43.02,4.96,4.38,4.66,9.57,5.14,10.22
2019-02-12,53.21,3.99,13.74,19.93,10.07,5.18,41.18,6.33,5.12,7.15,10.23,1.96,9.84
2019-02-13,93.37,4.75,10.38,18.61,9.9,6.0,44.72,9.94,6.52,5.5,14.76,2.77,10.43
2019-02-14,38.05,4.88,11.87,14.53,9.37,4.32,43.26,5.89,8.19,3.85,10.92,5.15,9.78
2019-02-15,45.85,4.08,12.88,15.38,6.82,3.41,42.37,11.57,6.43,5.487500000000001,12.21,6.64,6.98
2019-02-16,39.99,4.69,6.55,12.92,6.41,8.0,44.13,5.95,7.87,7.125000000000001,14.24,7.9,7.78
2019-02-17,51.23,4.15,7.69,15.14,5.16,6.81,41.84,5.5,11.06,8.762500000000001,16.09,2.44,13.52
2019-02-18,87.99,4.52,9.65,16.78,6.77,9.02,43.8,5.05,20.8,10.4,13.54,2.23,12.99
2019-02-19,42.93,4.52,9.46,15.93,7.62,5.59,48.97,15.84,4.56,,13.62,1.86,10.51
2019-02-20,38.91,4.39,20.24,17.16,7.43,3.81,45.96,6.56,5.77,,10.76,6.33,10.5
2019-02-21,23.36,5.06,21.39,20.1,8.61,4.09,29.84,9.19,15.92,,11.13,6.93,8.3
2019-02-22,19.56,5.45,23.61,13.94,7.48,5.25,29.32,12.3,10.17,,10.81,5.78,14.78
2019-02-23,42.34,5.53,17.84,15.66,5.74,6.7,29.54,15.09,13.49,,15.47,3.81,9.67
2019-02-24,52.95,5.19,10.08,18.99,7.03,5.81,30.07,11.36,33.77,,14.35,3.62,14.5
2019-02-25,38.67,6.12,6.72,18.07,7.92,11.5,29.99,14.82,24.73,,12.61,5.49,13.5
2019-02-26,33.91,6.29,9.36,16.88,7.86,11.07,30.61,26.83,7.1,,9.25,3.18,11.27
2019-02-27,29.79,4.45,8.94,12.52,7.53,11.17,32.44,27.58,6.033333333333333,2.58,10.21,2.09,10.43
2019-02-28,50.46,4.87,9.0,16.98,5.77,9.8,36.22,35.53,4.966666666666667,,8.98,2.03,15.85
2019-03-01,49.29,4.93,12.89,15.81,6.55,9.83,37.23,37.24,3.9,,11.34,4.06,11.04
2019-03-02,62.8,4.57,30.02,17.96,9.54,3.78,37.21,38.39,4.55,,9.77,3.83,8.55
2019-03-03,49.88,4.87,20.68,13.48,8.29,4.01,36.02,17.31,6.16,,8.06,3.72,5.49
2019-03-04,26.4,5.09,6.32,14.75,8.17,8.92,38.55,21.72,10.33,,7.85,5.66,11.52
2019-03-05,33.79,4.2,17.25,14.26,9.53,14.57,38.3,14.56,11.33,,8.8,1.49,14.74
2019-03-06,45.56,4.12,11.03,15.16,11.23,20.09,37.12,12.14,14.82,,10.61,1.92,15.37
2019-03-07,51.26,6.25,4.02,16.39,8.87,23.3,36.52,11.51,7.93,,10.98,5.76,11.6
2019-03-08,45.55,7.02,5.58,17.44,9.7,13.99,39.04,8.07,4.45,,12.41,5.13,10.98
2019-03-09,15.13,5.51,5.6,17.3,10.92,5.59,38.17,5.67,5.18,,12.3,1.27,12.43
2019-03-10,60.68,5.12,7.05,16.36,10.5,4.96,33.56,2.97,12.53,,9.99,4.36,12.07
2019-03-11,38.16,6.11,9.82,18.44,11.57,4.82,34.38,3.85,17.44,2.35,11.72,9.61,14.06
2019-03-12,60.72,8.64,11.08,13.82,12.22,5.24,39.54,5.02,25.05,,12.14,3.83,13.33
2019-03-13,79.47,9.55,9.2,22.48,12.57,5.42,39.52,2.15,23.47,,12.91,4.84,9.21
2019-03-14,24.81,6.55,8.2,17.54,11.09,7.95,39.4,0.83,25.54,,10.95,3.08,8.16
2019-03-15,48.85,6.12,7.74,16.21,9.74,9.87,39.53,1.31,12.45,,8.89,4.17,11.35
2019-03-16,62.66,5.15,13.08,15.72,9.37,5.68,39.34,1.55,8.67,,10.52,5.28,7.42
2019-03-17,58.55,5.01,14.42,19.96,11.81,4.56,39.63,1.51,13.1,,9.94,4.1,7.89
2019-03-18,41.81,5.61,8.64,20.36,11.73,7.62,39.69,11.33,35.88,,10.6,6.37,10.99
2019-03-19,39.24,5.13,5.91,20.72,11.56,4.31,39.62,29.28,4.7,,11.35,7.03,9.51
2019-03-20,40.62,5.7,3.9,21.42,10.38,4.37,48.14,25.49,9.69,,12.03,7.4,9.14
2019-03-21,38.14,5.44,5.61,19.99,8.01,5.08,39.06,28.72,9.32,,11.78,7.34,7.63
2019-03-22,28.52,6.86,10.28,16.06,7.39,7.76,43.16,14.21,27.76,,9.19,4.13,10.27
2019-03-23,54.31,5.8,7.05,17.52,7.65,6.14,43.81,21.99,11.71,,9.85,2.66,8.61
2019-03-24,39.96,6.92,6.74,19.06,8.7,7.32,41.28,15.36,11.38,,11.82,2.74,9.11
2019-03-25,65.11,7.66,6.63,20.19,9.21,7.35,44.59,16.21,4.85,,12.25,2.6,13.84
2019-03-26,61.6,7.29,7.07,19.26,8.7,7.21,41.82,13.16,8.09,,12.29,3.36,10.38
2019-03-27,69.03,6.91,6.04,20.35,9.23,6.45,43.31,15.87,10.25,,13.59,3.37,12.07
2019-03-28,88.25,6.72,6.29,24.86,10.35,9.55,45.72,17.8,15.85,,13.55,2.35,12.69
2019-03-29,45.16,5.4,6.68,19.52,12.14,10.09,43.57,18.22,11.6,,15.17,1.99,8.19
2019-03-30,9.65,4.89,5.95,22.39,10.69,7.18,45.19,20.08,12.35,,13.5,1.17,17.06
2019-03-31,10.22,4.68,6.52,18.9,8.89,5.63,47.54,12.89,22.5,,12.61,1.55,16.56
2019-04-01,15.4,4.73,6.34,20.09,10.1,7.18,49.33,14.3,10.1,,12.73,1.44,12.4
2019-04-02,15.97,5.37,6.2,24.4,9.21,6.48,50.18,13.35,17.8,,14.66,1.58,14.7
2019-04-03,13.25,4.96,7.04,21.6,10.67,5.57,49.52,11.42,14.67,,16.58,2.69,9.15
2019-04-04,9.95,6.16,6.15,29.11,7.76,5.26,50.39,7.39,21.15,,16.55,1.84,10.24
2019-04-05,11.42,5.22,6.42,28.67,7.29,7.11,49.96,4.02,19.17,,11.75,5.9,13.03
2019-04-06,12.63,4.83,6.55,23.23,8.04,8.13,49.93,1.99,8.55,,12.73,1.01,12.96
2019-04-07,15.72,4.86,6.51,21.35,6.75,5.59,43.2,9.62,12.44,,17.05,1.28,10.88
2019-04-08,11.52,5.66,6.91,15.1,6.6,6.35,44.3,7.52,4.42,,13.03,2.87,12.69
2019-04-09,11.56,5.07,6.95,22.03,6.91,8.36,40.62,7.55,6.88,,14.8,1.95,10.9
2019-04-10,6.21,4.99,6.59,20.84,6.81,8.54,41.97,7.72,5.13,,17.0,1.98,8.92
2019-04-11,7.27,5.76,6.87,21.51,7.25,8.56,41.13,5.1,7.039999999999999,,15.36,1.15,13.09
2019-04-12,8.99,5.41,6.18,19.48,8.25,9.78,42.57,2.7,8.95,,13.88,1.13,14.02
2019-04-13,5.29,7.4,6.42,20.82,7.44,7.85,37.59,2.82,7.57,,14.74,1.02,11.84
2019-04-14,7.75,8.4,7.55,20.65,7.58,8.61,40.85,2.64,9.19,,13.23,2.54,14.45
2019-04-15,30.33,7.56,7.16,22.2,7.29,6.78,41.38,3.38,16.08,,12.31,2.66,18.42
2019-04-16,49.94,5.95,6.89,12.59,5.86,7.05,43.59,3.39,19.8,,11.44,1.8,22.54
2019-04-17,85.28,5.09,6.69,11.1,5.38,5.59,46.52,2.93,6.68,,16.52,1.79,15.71
2019-04-18,36.52,4.1,6.74,15.05,5.69,6.17,44.28,2.45,5.09,,10.25,0.64,10.6
2019-04-19,57.46,4.55,6.85,21.22,6.65,2.86,38.93,2.13,3.89,,9.88,0.63,12.58
2019-04-20,91.79,5.28,6.58,26.03,8.06,3.16,44.6,2.71,4.05,,11.33,1.39,17.07
2019-04-21,50.53,4.9,7.53,22.16,7.82,3.73,42.43,2.08,2.61,,10.84,1.2,21.81
2019-04-22,72.51,4.83,5.86,29.31,9.92,3.66,44.15,0.61,3.6,,14.74,1.41,23.3
2019-04-23,70.3,4.42,6.31,25.76,8.04,6.3,44.41,3.36,3.32,,14.65,1.59,16.03
2019-04-24,51.35,4.37,6.08,19.17,7.71,4.16,44.97,2.4,2.76,,17.13,2.48,12.66
2019-04-25,52.42666666666667,5.35,6.68,17.67,10.23,4.87,43.39,4.65,3.31,,21.97,4.42,12.78
2019-04-26,53.50333333333334,4.45,5.85,26.12,10.62,5.83,43.12,3.35,2.88,,14.33,2.4,8.71
2019-04-27,54.58,4.97,6.68,21.85,8.43,6.0,42.1,3.4,2.41,,13.69,0.78,16.4
2019-04-28,42.2,5.76,5.6,20.02,8.2,7.03,41.76,4.35,3.27,,14.63,3.05,13.67
2019-04-29,49.14,4.5,6.99,23.71,8.28,6.19,42.32,5.08,5.58,,14.22,2.75,12.72
2019-04-30,55.8,3.88,6.21,26.58,11.83,6.81,47.86,5.94,5.1,,12.71,2.96,13.57
2019-05-01,83.88,4.72,6.16,27.67,9.23,5.57,43.62,4.01,5.3,,11.98,2.37,26.8
2019-05-02,106.65,4.34,6.44,18.26,7.74,8.07,43.48,3.3,6.22,51.84,13.99,3.95,16.06
2019-05-03,96.27,4.43,5.91,17.91,7.64,9.12,45.04,3.76,4.15,62.24,16.75,2.85,16.59
2019-05-04,77.82,3.67,5.05,18.19,7.49,11.55,42.71,3.9,2.49,36.35,17.37,3.69,16.97
2019-05-05,136.27,4.21,5.84,21.93,6.78,12.2,43.0,14.87,3.66,7.94,14.56,3.27,15.33
2019-05-06,98.42,4.03,6.29,23.72,5.58,13.57,44.82,8.12,3.34,14.18,11.5,3.35,22.25
2019-05-07,66.1,4.63,6.78,22.77,6.84,12.38,43.9,7.84,3.37,45.27,10.27,3.25,13.03
2019-05-08,88.54,4.16,6.36,25.84,7.45,11.17,39.86,1.84,2.01,67.26,12.51,2.34,25.9
2019-05-09,46.28,4.4,7.45,23.46,7.29,11.69,44.01,55.43,4.41,32.97,9.94,2.03,30.4
2019-05-10,1.31,4.23,6.51,17.6,7.77,16.44,44.18,15.85,3.73,14.65,11.19,2.32,19.26
2019-05-11,27.8025,3.64,7.0,21.6,9.18,9.88,35.46,27.8,3.19,27.27,8.5,1.81,17.83
2019-05-12,54.295,4.01,7.02,19.36,6.72,5.39,32.82,23.35,3.32,26.86,11.87,2.31,23.6
2019-05-13,80.7875,4.11,7.7,33.5,5.09,6.61,34.89,26.7,2.82,26.99,11.7,1.96,23.1
2019-05-14,107.28,5.41,6.68,13.4,6.31,5.5,36.38,9.93,2.64,4.84,10.71,1.44,25.09
2019-05-15,163.01,4.29,7.1,20.93,6.83,5.83,42.73,15.92,7.43,26.79,10.85,3.05,24.2
2019-05-16,91.26,3.69,5.75,15.36,6.56,8.98,42.12,8.43,9.12,11.66,10.45,4.11,21.47
2019-05-17,98.35,4.17,4.42,13.26,6.59,7.43,44.15,11.12,7.74,16.1,10.28,4.11,24.72
2019-05-18,88.66,4.54,4.99,10.93,5.52,10.74,42.91,4.17,6.94,20.38,12.03,3.04,17.09
2019-05-19,80.9,3.86,4.23,17.36,5.62,13.51,41.63,6.44,25.27,22.3,12.27,6.34,23.95
2019-05-20,89.57,4.83,5.18,19.81,6.45,6.3,44.89,6.33,12.95,13.1,11.71,3.95,21.27
2019-05-21,80.74,4.25,5.34,20.15,7.8,5.97,36.21,6.77,9.84,23.13,11.47,4.4,16.73
2019-05-22,86.48,5.69,4.63,16.92,8.52,6.41,37.42,6.53,13.58,25.23,12.09,3.89,27.47
2019-05-23,105.96,3.95,5.04,21.68,7.02,5.38,37.05,5.92,10.67,12.84,11.13,5.65,13.67
2019-05-24,131.04,5.29,7.08,11.99,4.63,6.35,35.21,5.47,11.11,17.6,11.93,5.51,14.71
2019-05-25,134.22,5.0,6.2,13.09,4.58,7.62,36.1,3.02,7.83,16.45,11.43,2.22,18.61
2019-05-26,122.43,3.85,7.3,17.94,4.92,9.65,36.13,14.94,7.1,17.25,10.56,1.25,14.62
2019-05-27,143.3,4.44,6.69,18.9,5.65,7.74,36.05,9.71,6.71,15.4,11.51,1.47,13.86
2019-05-28,118.55,4.07,7.55,20.59,6.61,5.92,35.35,15.42,18.0,25.47,12.66,2.62,17.79
2019-05-29,82.75,4.82,7.3,23.61,6.92,7.43,38.26,15.22,29.13,24.33,12.57,2.02,15.76
2019-05-30,138.12,3.96,7.43,21.99,5.95,6.04,38.52,12.97,17.44,33.42,11.33,0.83,19.96
2019-05-31,145.55,4.09,7.66,19.82,4.23,4.32,39.09,11.34,4.73,21.88,12.74,1.22,14.55
2019-06-01,142.52,4.4,7.58,21.54,4.81,4.88,49.59,12.23,6.79,25.04,12.13,2.22,17.7
2019-06-02,134.76,4.39,6.82,14.15,4.68,5.89,43.81,8.51,7.03,19.91,13.55,1.6,16.21
2019-06-03,137.83,4.71,8.53,12.64,4.73,4.86,43.49,8.31,6.22,14.4,12.39,1.58,18.1
2019-06-04,139.31,4.54,6.89,13.67,5.59,4.5,44.29,5.53,9.46,6.54,12.44,1.38,17.17
2019-06-05,112.15,4.73,8.24,15.82,6.67,5.33,44.91,8.6,7.79,16.63,11.54,1.02,21.35
2019-06-06,101.14,4.17,7.89,16.15,5.1,4.84,42.73,11.42,8.96,12.95,12.37,2.91,26.62
2019-06-07,31.67,5.38,7.13,14.44,4.45,5.89,45.56,2.86,13.73,22.39,10.93,1.74,23.46
2019-06-08,58.6,5.1,6.74,13.47,6.32,5.04,42.76,6.26,11.74,19.92,11.33,1.44,17.18
2019-06-09,127.62,4.02,6.49,21.74,5.03,5.98,43.71,9.1,14.09,20.21,12.04,2.03,15.99
2019-06-10,121.46,4.44,5.75,15.19,8.71,6.06,46.73,11.73,15.56,21.96,13.45,2.22,18.35
2019-06-11,100.23,4.58,4.02,13.52,8.01,5.11,40.63,9.99,14.49,22.77,10.63,,14.02
2019-06-12,91.23,6.09,5.79,11.57,4.6,5.25,45.04,10.07,23.45,9.37,8.84,,13.82
2019-06-13,58.37,7.48,3.78,11.79,4.33,5.75,36.63,5.74,12.47,15.21,9.06,,17.28
2019-06-14,60.94,8.44,4.38,12.89,3.64,4.75,34.02,4.8,18.97,35.25,10.31,,16.48
2019-06-15,48.67,8.45,4.57,17.56,6.06,5.46,38.17,7.62,21.26,33.19,10.98,,14.79
2019-06-16,30.37,8.99,7.97,9.54,3.43,4.29,40.64,12.93,21.41,9.81,11.51,,9.68
2019-06-17,42.55,8.36,9.62,11.07,3.93,5.56,43.87,9.46,9.52,9.02,9.84,,14.94
2019-06-18,25.9,6.23,7.35,8.0,4.55,4.82,44.85,13.73,18.11,5.29,12.56,4.81,13.66
2019-06-19,37.85,4.91,10.2,12.69,5.82,6.26,38.38,5.45,11.91,18.32,11.49,1.77,18.83
2019-06-20,33.25,4.96,10.03,9.7,6.34,6.32,43.66,13.69,6.32,6.59,11.13,2.28,18.94
2019-06-21,25.28,5.48,6.91,12.23,5.06,4.86,43.05,8.1,9.01,13.58,12.82,2.38,16.39
2019-06-22,26.31,5.06,5.9,14.97,4.48,4.34,41.78,8.85,8.07,13.33,13.12,1.64,16.01
2019-06-23,39.92,4.46,3.82,10.11,3.06,4.77,41.09,6.89,8.51,12.05,18.85,3.02,14.9
2019-06-24,37.43,4.33,4.42,10.74,4.71,5.04,40.85,4.67,8.96,9.28,16.07,2.45,16.53
2019-06-25,20.97,4.77,4.58,11.91,5.08,5.03,36.54,4.5,7.11,6.39,13.71,1.21,14.36
2019-06-26,28.94,4.15,4.24,12.87,4.55,4.29,40.78,4.33,8.36,5.53,10.84,2.4,17.88
2019-06-27,35.87,4.27,3.91,13.46,5.11,4.55,38.27,5.65,13.28,11.97,10.43,0.65,17.43
2019-06-28,44.06,4.78,3.92,14.43,4.28,3.51,42.05,8.7,14.79,12.92,13.95,0.95,19.5
2019-06-29,38.49,4.7,4.82,11.99,4.7,3.99,40.25,9.47,14.17,9.23,11.52,2.32,18.01
2019-06-30,30.43,3.91,5.0,12.82,4.72,5.0,41.75,8.28,14.86,10.98,9.51,2.39,17.0
2019-07-01,40.42,4.63,4.13,12.22,4.37,5.62,39.05,7.76,6.55,12.69,10.83,0.94,16.27
2019-07-02,48.21,5.37,4.18,12.02,4.37,3.99,38.73,10.52,9.93,7.28,9.48,1.68,13.78
2019-07-03,47.13,4.98,7.28,9.75,5.13,3.65,39.41,7.16,14.2,6.6,9.48,0.65,12.6
2019-07-04,44.8,5.09,3.36,9.75,5.67,4.07,40.41,10.17,14.65,6.95,10.07,1.64,14.32
2019-07-05,35.22,5.03,3.2,11.05,7.37,3.39,38.71,10.15,14.04,5.66,8.85,1.87,16.24
2019-07-06,40.63,5.32,3.89,10.18,5.74,3.28,38.72,7.66,10.14,6.76,10.32,1.69,18.86
2019-07-07,32.86,5.3,4.1,10.67,4.67,3.48,41.43,6.84,31.92,2.13,9.95,1.6,23.12
2019-07-08,32.57,5.8,4.21,10.64,4.46,4.35,42.36,7.45,23.57,5.1,10.19,1.26,17.88
2019-07-09,30.42,5.41,3.77,9.52,3.96,4.2,40.71,6.57,10.69,1.71,9.76,1.34,17.09
2019-07-10,31.64,5.79,4.34,10.41,4.57,4.32,39.39,7.01,9.07,7.4,9.76,0.41,20.09
2019-07-11,91.4,7.22,4.83,9.64,3.03,5.19,45.34,7.17,7.67,7.78,9.98,0.96,23.89
2019-07-12,96.35,7.87,5.76,8.96,3.82,8.4,42.24,8.86,7.07,4.99,10.2,1.54,22.58
2019-07-13,103.19,6.01,5.32,9.11,5.73,9.88,39.76,10.61,6.76,5.78,9.5,0.97,14.79
2019-07-14,102.03,6.77,4.89,9.85,5.81,4.59,41.62,9.41,6.88,4.37,10.53,1.66,15.89
2019-07-15,142.27,5.93,4.61,10.39,5.98,5.51,40.31,6.47,6.45,5.2,11.22,1.31,16.35
2019-07-16,156.48,4.12,4.48,9.64,6.3,10.41,42.77,7.5,5.05,7.66,11.6,0.77,15.46
2019-07-17,116.97,3.9,4.94,8.91,4.97,9.63,42.33,10.72,6.75,8.03,10.37,1.97,19.19
2019-07-18,132.41,4.16,4.39,8.86,5.03,9.44,44.1,12.24,12.61,5.37,10.15,0.9,12.93
2019-07-19,104.15,4.42,6.77,9.95,6.51,9.68,39.09,12.69,9.67,4.57,9.0,1.96,20.51
2019-07-20,109.13,7.4,6.38,8.6,6.48,5.41,42.95,14.32,11.45,8.0,9.53,0.86,13.82
2019-07-21,92.83,7.96,4.55,8.83,14.1,6.12,45.66,14.79,14.75,17.74,8.87,0.71,9.71
2019-07-22,53.67,6.1,7.59,8.95,14.27,5.78,39.44,14.1,14.46,11.1,9.35,1.03,15.68
2019-07-23,35.04,3.98,9.25,9.05,8.93,5.06,50.11,12.6,15.32,12.12,9.17,0.89,15.77
2019-07-24,46.88,3.69,10.6,8.83,3.98,6.43,47.5,9.46,15.27,15.18,8.1,1.33,9.04
2019-07-25,50.5,3.63,8.65,8.76,4.12,7.48,48.65,8.48,5.87,12.54,8.02,1.1,21.66
2019-07-26,57.06,4.09,6.76,8.92,5.05,9.89,50.26,6.39,13.09,11.8,8.6,2.38,12.51
2019-07-27,94.84,3.87,6.32,8.67,4.68,6.52,48.63,5.29,12.45,15.86,8.92,0.68,14.14
2019-07-28,83.52,5.9,5.85,8.43,5.19,4.07,46.38,13.54,15.04,16.16,7.89,0.42,12.58
2019-07-29,70.53,3.82,6.45,8.97,5.06,4.02,47.08,13.99,10.33,14.42,8.26,1.3,21.15
2019-07-30,63.85,3.95,5.63,9.36,4.65,6.56,50.09,16.39,14.9,11.39,8.24,1.23,14.72
2019-07-31,53.38,3.58,5.57,8.78,4.01,9.55,48.48,16.08,9.68,12.07,8.88,1.5,11.66
2019-08-01,50.69,3.68,5.89,8.79,4.28,6.72,50.54,14.92,10.89,21.06,8.34,0.44,13.83
2019-08-02,52.12,4.34,5.95,8.45,5.88,5.84,51.84,19.18,15.37,9.62,8.18,1.72,13.29
2019-08-03,41.96,4.05,6.2,9.43,5.57,4.24,49.81,22.78,11.42,5.44,7.47,0.59,11.83
2019-08-04,39.98,4.08,6.2,9.96,5.46,5.03,49.05,21.66,13.0,5.36,7.01,1.09,10.88
2019-08-05,44.51,4.26,5.45,9.37,5.58,5.9,46.54,20.21,10.46,4.81,8.28,1.07,26.08
2019-08-06,39.45,4.38,6.21,8.26,5.39,5.97,47.05,10.97,14.35,5.25,9.06,1.87,13.35
2019-08-07,40.22,4.52,8.41,9.81,6.02,5.86,44.93,10.48,8.44,5.53,9.09,1.32,11.57
2019-08-08,39.76,4.1,6.47,10.61,5.44,5.75,45.77,13.48,14.27,2.96,9.29,1.93,11.94
2019-08-09,42.51,3.44,5.14,9.3,4.82,10.95,47.81,5.93,11.71,5.62,10.4,1.89,11.86
2019-08-10,45.34,3.53,8.7,8.47,5.09,9.39,48.63,5.25,16.17,7.89,10.69,0.71,19.01
2019-08-11,39.94,3.57,5.95,8.65,4.27,11.43,46.88,10.23,13.81,4.6,9.93,0.89,15.64
2019-08-12,41.94,4.06,6.14,8.14,4.29,12.18,46.27,7.09,13.23,7.12,10.04,0.94,12.44
2019-08-13,37.04,4.13,7.6,8.37,3.85,9.62,50.74,7.85,11.26,6.38,10.25,2.11,12.3
2019-08-14,40.95,3.5,8.55,8.5,4.18,9.85,36.43,8.4,10.36,5.33,9.23,1.13,12.16
2019-08-15,39.98,2.97,11.34,8.51,3.71,13.65,47.15,7.31,15.21,5.42,9.48,2.15,18.9
2019-08-16,42.4,3.49,10.24,8.61,4.16,9.61,50.33,39.72,12.98,5.57,9.48,0.95,28.32
2019-08-17,40.05,3.7,8.6,7.67,3.89,8.87,51.44,72.13,17.68,6.13,9.08,1.17,20.69
2019-08-18,37.46,3.66,5.96,8.57,3.62,8.41,47.16,68.08,12.4,9.05,9.01,0.55,
2019-08-19,26.36,3.85,7.14,8.6,4.15,8.72,49.93,70.4,14.32,6.64,9.15,1.43,
2019-08-20,45.91,3.8,9.73,8.12,4.33,9.0,50.15,77.57,10.99,6.39,10.06,1.08,
2019-08-21,40.9,4.86,14.46,7.81,4.27,11.3,50.55,89.91,9.77,6.24,9.54,1.36,
2019-08-22,43.82,4.84,7.08,8.41,3.64,8.82,50.2,44.16,11.5,6.12,10.17,0.73,
2019-08-23,51.27,4.64,4.37,8.36,4.61,11.22,49.91,6.06,9.78,9.0,8.72,1.57,
2019-08-24,37.66,4.8,6.04,8.78,6.26,11.93,48.39,56.13,10.12,5.79,8.85,1.79,
2019-08-25,39.97,5.48,5.02,8.23,5.98,7.35,49.99,44.37,7.02,7.779999999999999,9.54,1.36,
2019-08-26,55.67,5.42,6.22,8.55,5.85,7.65,50.99,26.68,7.78,9.77,9.8,2.02,
2019-08-27,44.52,7.1,5.48,10.01,5.08,7.78,51.05,14.22,9.85,6.49,9.82,1.65,6.44
2019-08-28,40.52,5.11,5.43,9.64,4.89,8.56,51.21,17.95,13.95,8.7,9.43,1.05,11.3
2019-08-29,63.22,5.43,5.5,8.24,4.56,5.76,49.11,18.97,,5.48,9.74,1.29,14.17
2019-08-30,49.29,5.01,6.61,9.33,5.47,7.93,51.37,22.58,,6.96,10.29,1.23,16.84
2019-08-31,46.13,4.89,6.39,9.14,6.45,6.72,55.2,17.93,,6.46,10.7,1.34,
2019-09-01,47.71,5.24,5.87,8.41,5.01,6.07,55.14,14.93,,5.8,10.36,1.38,
2019-09-02,48.58,5.3,5.99,8.81,4.9,8.25,55.33,15.27,,9.33,12.69,1.03,
2019-09-03,50.91,5.21,6.07,8.95,4.82,11.3,54.16,15.04,,21.08,11.02,1.21,
2019-09-04,48.32,5.33,6.84,9.03,5.87,7.72,57.88,16.12,,5.98,11.16,0.99,
2019-09-05,50.79,5.18,7.16,9.25,4.78,7.29,52.9,15.59,10.96,5.7,10.06,0.61,
2019-09-06,50.6,5.36,6.69,10.9,4.83,7.28,38.81,16.36,11.7,6.19,11.7,1.81,
2019-09-07,48.29,6.09,6.17,8.17,4.47,7.33,41.28,13.01,3.19,6.3,10.67,2.75,
2019-09-08,44.03,6.15,4.73,8.72,4.21,6.93,47.75,15.01,6.27,5.78,11.11,1.04,
2019-09-09,53.34,5.78,6.02,8.45,4.42,8.12,52.82,13.94,5.22,7.33,11.36,1.22,
2019-09-10,50.39,5.49,6.38,9.49,4.65,6.41,55.74,13.93,10.84,9.5,11.14,1.33,
2019-09-11,81.09,5.11,6.34,9.54,5.05,5.51,43.62,13.79,14.92,9.68,11.11,0.58,
2019-09-12,52.59,5.18,6.39,8.91,4.06,10.14,46.06,14.48,11.65,9.26,12.13,0.96,
2019-09-13,66.72,4.94,6.64,8.16,5.11,9.74,45.57,13.63,12.33,12.01,11.6,1.25,
2019-09-14,64.63,5.58,6.07,8.48,5.13,9.21,46.24,14.11,11.27,16.32,11.86,1.01,
2019-09-15,68.54,5.31,6.12,8.55,4.61,8.65,45.51,13.09,13.99,7.64,12.44,0.63,
2019-09-16,63.42,5.11,6.69,8.35,4.71,10.36,46.72,12.37,11.14,12.85,11.59,0.89,
2019-09-17,59.59,4.84,6.3,8.64,4.07,8.23,48.27,10.49,43.29,15.59,9.63,0.82,
2019-09-18,33.42,4.32,6.94,9.46,4.59,5.48,55.29,9.84,13.71,12.01,10.6,1.09,
2019-09-19,78.7,4.64,7.09,9.29,4.7,3.09,53.62,10.55,14.52,15.55,9.82,1.81,
2019-09-20,78.36,4.81,6.7,10.81,5.28,4.86,52.74,9.97,14.57,20.75,10.22,1.0,
2019-09-21,82.79,5.07,5.97,9.63,5.6,8.83,48.44,10.22,13.48,43.86,10.25,1.52,
2019-09-22,90.46,4.92,6.58,9.32,4.85,2.91,46.92,9.89,13.67,41.56,11.5,1.12,
2019-09-23,114.51,5.99,6.28,9.9,6.11,3.56,49.13,10.1,19.71,6.26,12.02,1.13,
2019-09-24,102.52,5.91,6.61,9.19,4.99,2.65,49.37,9.72,11.8,10.52,12.67,2.08,
2019-09-25,81.76,4.98,6.19,8.94,3.94,2.49,46.43,10.38,13.94,20.53,12.24,1.85,
2019-09-26,90.49,4.63,6.36,10.43,4.19,3.49,46.68,9.33,14.48,10.46,9.78,1.98,
2019-09-27,82.95,4.97,7.13,10.3,4.46,4.7,46.41,9.57,36.42,13.46,9.17,0.89,
2019-09-28,82.66,4.69,6.76,10.01,3.04,4.62,47.0,10.48,11.75,8.25,10.11,0.64,
2019-09-29,107.18,5.51,6.47,8.85,3.02,2.47,47.79,16.94,13.16,9.96,10.96,0.94,
2019-09-30,101.99,5.24,6.03,8.22,3.9,3.01,49.61,10.09,9.55,16.98,11.96,1.31,
2019-10-01,137.97,4.56,5.99,8.5,5.04,3.03,54.38,9.95,11.82,21.48,13.78,0.78,
2019-10-02,129.38,6.01,6.54,8.95,3.73,3.8,61.27,10.12,15.85,49.41,11.67,1.17,
2019-10-03,99.59,5.33,6.78,10.42,4.52,3.9,58.14,9.61,7.74,10.21,11.15,0.51,
2019-10-04,120.8,4.35,5.46,8.34,4.4,10.07,54.38,3.4,16.16,6.6,11.8,0.75,
2019-10-05,153.44,4.22,5.71,8.08,3.74,6.79,52.3,4.53,21.9,4.8,13.04,1.42,
2019-10-06,158.04,3.39,5.38,8.62,3.93,5.33,48.63,3.42,28.81,4.7,12.0,1.79,
2019-10-07,146.33,4.19,5.58,8.25,5.04,5.21,46.43,3.5,31.92,3.05,9.57,1.21,16.43
2019-10-08,154.99,3.39,6.55,8.91,5.65,3.4,48.11,4.16,21.33,1.51,9.38,0.89,18.77
2019-10-09,130.56,4.97,5.6,11.9,4.46,3.53,49.79,2.43,24.93,4.19,11.48,1.73,18.89
2019-10-10,134.87,4.81,5.86,13.83,5.5,3.94,56.89,3.04,28.64,1.64,9.87,0.95,12.85
2019-10-11,139.0,3.94,5.86,11.02,6.61,4.11,57.73,2.41,26.95,7.35,10.85,2.16,14.24
2019-10-12,178.58,4.47,6.25,11.26,4.46,3.6,58.81,2.07,21.97,2.59,10.65,1.38,13.87
2019-10-13,175.715,4.48,6.08,12.75,4.56,3.71,59.63,2.06,21.58,5.1,12.75,1.55,13.99
2019-10-14,172.85,4.18,5.94,11.46,5.75,5.04,60.58,4.75,30.78,4.86,12.99,1.04,14.02
2019-10-15,156.5,4.42,5.98,13.31,4.11,3.79,57.14,3.16,22.43,7.11,12.33,0.92,15.53
2019-10-16,135.76,3.85,6.39,13.22,8.83,2.95,58.25,1.9,24.58,10.91,14.93,1.93,15.3
2019-10-17,134.84,3.74,6.92,14.95,4.86,2.7,60.34,3.07,23.0,16.53,16.03,1.25,11.22
2019-10-18,117.65,4.83,5.46,11.36,4.22,2.71,55.87,3.5,21.46,11.45,13.6,1.18,12.14
2019-10-19,100.46,4.63,5.72,11.33,5.17,2.92,73.04,2.52,29.33,9.21,12.7,0.95,11.83
2019-10-20,105.73,5.72,5.7,10.64,5.37,2.68,72.53,2.92,61.41,7.06,13.55,0.68,11.39
2019-10-21,117.2,5.78,6.7,11.11,4.38,3.34,69.45,2.1,20.41,7.47,12.82,1.21,8.72
2019-10-22,113.16,5.59,5.56,11.7,6.85,3.63,53.8,2.13,21.7,12.37,14.51,1.72,11.26
2019-10-23,118.83,6.07,5.86,14.08,6.27,4.71,51.61,4.29,23.81,13.85,13.83,1.43,10.68
2019-10-24,119.97,6.39,8.83,18.87,5.88,8.3,52.31,35.59,17.58,13.78,14.03,2.18,8.21
2019-10-25,133.53,6.37,8.14,15.17,6.15,4.34,51.41,35.03,22.24,15.28,10.39,0.73,5.29
2019-10-26,88.46,5.76,9.38,12.76,6.64,2.59,51.98,11.3,23.34,15.87,10.3,1.29,9.54
2019-10-27,120.11,5.26,13.94,13.21,9.5,4.04,72.29,10.4,26.63,17.71,14.34,1.58,14.66
2019-10-28,106.2,5.38,12.81,18.03,11.27,5.25,62.87,50.62,20.81,34.17,22.49,1.47,18.55
2019-10-29,110.11,6.61,8.58,12.71,9.43,3.38,69.38,11.12,24.43,11.65,17.19,1.11,15.46
2019-10-30,134.66,6.42,7.21,13.81,7.83,2.96,60.47,14.56,20.54,13.88,16.04,0.97,12.08
2019-10-31,129.06,5.73,6.61,15.86,9.22,2.8,67.27,21.81,18.43,10.92,15.01,1.07,11.34
2019-11-01,136.87,6.0,7.58,16.32,11.59,3.41,68.51,27.89,18.88,19.27,15.73,2.54,12.65
2019-11-02,129.66,6.16,6.82,12.88,13.13,3.58,61.83,17.94,16.03,10.06,12.76,5.44,11.51
2019-11-03,133.73,5.46,6.92,10.2,9.95,5.34,66.6,15.13,21.69,9.75,12.85,9.18,12.3
2019-11-04,136.74,5.53,8.77,11.68,7.8,11.04,64.74,18.77,18.52,12.97,13.21,9.53,17.89
2019-11-05,138.03,6.15,8.17,13.17,8.92,13.54,64.97,14.77,23.79,10.5,11.88,10.17,29.06
2019-11-06,120.4,5.74,7.9,11.58,9.32,9.23,66.24,17.05,24.78,10.68,12.32,9.44,20.75
2019-11-07,163.2,5.9,7.08,11.95,13.16,6.2,64.57,8.58,31.16,8.74,10.61,9.01,15.74
2019-11-08,174.83,6.55,7.75,14.04,14.77,7.62,66.01,0.21,21.67,10.71,10.46,8.21,21.32
2019-11-09,167.13,5.61,5.4,11.58,10.19,9.4,57.23,4.53,19.4,9.2,10.93,9.28,20.18
2019-11-10,168.45,5.26,5.46,13.95,7.82,11.76,55.44,11.01,11.09,10.17,10.81,8.68,11.75
2019-11-11,165.1275,5.67,8.85,15.18,8.25,6.83,62.79,8.95,6.17,11.04,10.78,9.43,10.97
2019-11-12,161.805,6.13,8.42,14.41,10.11,8.28,62.22,1.71,2.78,12.55,10.18,8.44,11.84
2019-11-13,158.48250000000002,6.37,7.38,15.12,13.71,7.01,72.33,3.01,5.74,16.3,14.53,10.05,13.6
2019-11-14,155.16,6.12,6.06,16.26,15.81,5.57,65.75,11.93,7.36,20.51,10.81,9.64,10.82
2019-11-15,145.89,6.02,7.39,14.14,15.97,6.04,57.33,34.95,5.88,29.92,12.16,9.71,15.36
2019-11-16,156.97,6.16,5.87,12.89,14.16,6.42,62.93,38.3,8.04,13.01,14.0,9.91,15.4
2019-11-17,135.46,6.37,6.7,10.78,9.9,11.76,50.06,31.52,8.71,7.93,11.72,7.1,22.37
2019-11-18,143.33,6.8,4.97,10.55,7.92,13.24,41.97,21.46,7.21,11.37,10.5,7.93,15.71
2019-11-19,158.25,6.55,4.67,12.05,12.68,9.84,37.05,26.14,8.92,11.86,11.61,8.84,16.91
2019-11-20,172.68,6.93,5.58,14.74,11.39,6.29,37.69,40.95,8.16,13.04,13.13,9.3,14.86
2019-11-21,157.33,6.68,8.18,19.85,11.22,4.59,15.09,41.95,7.72,18.42,11.19,9.27,12.61
2019-11-22,176.88,6.26,7.89,16.02,11.77,5.68,14.52,36.62,8.3,13.92,11.89,9.61,7.74
2019-11-23,132.97,6.44,8.55,11.64,9.73,9.06,16.08,20.42,7.53,8.75,11.0,8.61,12.64
2019-11-24,137.97,6.17,7.4,11.35,8.64,6.99,17.66,21.78,9.9,10.45,13.15,9.27,13.3
2019-11-25,127.11,6.81,5.42,13.59,10.04,7.34,14.41,21.4,8.15,10.74,13.54,8.56,14.34
2019-11-26,139.64,5.87,8.19,17.65,18.23,6.09,12.56,12.02,7.95,16.2,12.21,9.23,17.76
2019-11-27,142.7,6.34,10.19,10.71,13.69,5.83,16.41,8.42,9.67,14.87,14.76,9.93,19.3
2019-11-28,166.39,6.31,7.09,8.99,9.28,7.11,19.22,3.73,8.46,12.42,12.92,8.17,15.1
2019-11-29,186.08,5.38,9.47,10.14,10.41,5.44,14.84,6.94,8.7,13.18,9.96,8.76,14.59
2019-11-30,147.78,5.46,6.84,9.87,9.31,5.9,13.81,8.78,8.3,8.22,10.59,7.86,18.46
2019-12-01,137.18,6.35,6.93,11.39,6.17,5.92,11.14,8.13,8.46,8.9,12.57,7.79,9.83
2019-12-02,112.45,5.99,8.1,11.18,7.81,5.01,13.62,7.61,9.17,9.17,16.07,8.27,10.3
2019-12-03,123.27,6.03,5.45,11.37,6.73,5.45,13.35,4.56,9.14,10.68,17.42,9.56,14.19
2019-12-04,93.11,5.33,7.67,13.48,8.96,5.55,13.77,6.87,8.34,13.24,16.74,8.54,14.99
2019-12-05,66.09,6.48,7.47,14.48,15.7,8.32,17.1,8.38,8.42,9.82,19.16,8.2,29.74
2019-12-06,36.29,6.69,7.21,13.41,16.09,8.61,13.75,2.61,8.35,11.64,15.88,8.98,19.16
2019-12-07,36.22,7.05,6.22,15.4,20.77,6.63,11.9,1.53,9.99,18.45,10.86,9.09,17.57
2019-12-08,31.8,8.15,5.71,13.69,18.48,5.88,13.34,0.92,8.84,12.39,10.3,8.48,12.2
2019-12-09,41.87,6.57,7.03,12.34,12.07,5.62,12.3,27.89,9.02,12.35,11.55,9.68,13.35
2019-12-10,58.5,6.59,7.23,12.49,14.18,6.12,12.6,66.06,7.82,10.06,13.66,9.46,10.8
2019-12-11,54.58,5.96,6.47,14.71,15.6,5.73,12.47,71.45,8.27,13.79,13.22,9.49,12.58
2019-12-12,60.87,5.81,6.08,12.61,16.29,5.58,10.48,54.08,6.22,4.02,9.51,9.24,10.22
2019-12-13,25.09,6.69,10.79,7.9,11.24,5.87,13.99,25.3,8.72,4.81,13.03,9.56,12.83
2019-12-14,29.4,6.56,13.79,9.04,10.77,5.14,7.91,26.89,7.86,7.47,15.75,8.33,13.87
2019-12-15,20.56,6.28,7.5,8.5,13.06,4.87,6.41,27.74,7.37,6.67,13.43,8.9,17.05
2019-12-16,18.8,7.0,8.23,7.17,9.81,5.05,8.45,20.02,7.26,5.42,14.38,11.62,18.96
2019-12-17,26.19,6.73,6.74,7.26,8.51,6.06,9.23,21.42,8.24,5.64,13.61,7.76,12.22
2019-12-18,29.77,6.79,8.7,7.98,8.12,6.88,12.14,31.97,6.7,6.09,12.01,11.15,12.67
2019-12-19,39.43,7.36,8.95,9.64,11.74,5.69,11.67,64.78,7.84,5.98,11.32,10.05,17.03
2019-12-20,35.42,5.91,8.04,9.92,12.57,8.96,8.87,43.23,7.57,7.66,10.17,9.48,23.63
2019-12-21,73.34,6.45,13.49,8.52,27.4,7.61,8.6,22.78,8.36,6.56,11.88,10.2,16.5
2019-12-22,39.26,6.09,17.17,6.67,12.27,6.27,9.85,14.78,8.05,5.04,10.34,9.74,17.81
2019-12-23,52.32,6.11,7.07,7.0,13.91,5.84,14.46,14.82,8.9,7.18,10.89,9.65,11.56
2019-12-24,79.47,7.13,7.88,8.7,15.12,5.24,10.66,22.91,5.84,7.05,11.45,9.43,14.21
2019-12-25,69.13,5.95,9.79,6.96,24.4,4.73,8.33,11.71,7.8,6.27,12.16,9.57,17.69
2019-12-26,50.74,6.25,18.7,6.99,11.49,5.43,8.66,17.07,9.19,6.96,11.22,9.48,13.86
2019-12-27,53.83,6.6,13.18,7.88,10.2,6.89,7.04,16.78,9.01,11.3,13.06,9.29,14.1
2019-12-28,73.27,7.38,11.45,10.26,12.63,14.5,7.62,19.97,6.3,11.47,11.23,8.58,9.56
2019-12-29,49.84,7.39,8.48,10.25,12.61,10.51,8.13,22.79,6.25,10.01,11.57,9.3,19.09
2019-12-30,68.73,8.04,10.6,11.15,10.24,6.71,8.64,15.63,9.71,7.65,12.76,8.64,20.55
2019-12-31,95.2,7.58,13.03,11.03,21.58,5.25,7.45,9.83,8.44,8.42,9.95,9.03,17.14
2020-01-01,27.7,8.56,12.44,18.49,26.48,4.18,7.99,16.5,8.14,15.79,13.52,10.15,17.53
2020-01-02,23.96,7.52,7.0,19.95,28.94,3.83,9.22,19.11,8.97,12.54,12.32,8.78,17.09
2020-01-03,35.78,6.4,10.2,14.93,8.49,5.53,8.14,3.52,7.53,11.43,10.76,8.87,22.14
2020-01-04,38.98,6.94,8.4,12.85,11.96,6.3,8.45,5.69,9.26,8.12,10.01,7.68,19.87
2020-01-05,45.83,7.01,7.45,9.59,9.43,17.49,8.12,5.0,9.12,11.92,14.26,8.36,14.68
2020-01-06,38.11,6.97,8.12,11.34,15.94,11.39,7.49,7.5,9.91,6.75,11.96,9.65,18.74
2020-01-07,58.67,7.35,19.3,12.74,18.43,5.24,7.14,7.0,9.6,7.53,10.42,9.47,17.89
2020-01-08,30.54,6.61,21.18,8.67,13.23,6.19,8.47,8.97,8.68,6.32,11.06,7.55,15.37
2020-01-09,46.78,6.01,17.91,7.28,9.52,6.66,7.87,7.49,6.94,20.5,12.29,8.15,13.54
2020-01-10,26.75,7.71,9.65,9.44,9.53,8.8,7.98,6.89,8.07,6.87,12.79,8.58,20.19
2020-01-11,45.44,6.72,10.03,11.65,12.16,13.04,7.72,6.35,9.74,10.87,12.06,9.89,18.45
2020-01-12,58.01,7.38,8.13,12.35,27.16,14.43,7.34,7.12,10.25,17.99,11.85,10.6,24.75
2020-01-13,62.71,6.51,17.51,11.59,20.11,11.57,11.17,6.02,14.54,6.24,13.05,9.13,32.97
2020-01-14,25.78,7.03,23.68,9.24,7.87,5.04,12.28,7.33,16.45,6.54,12.35,8.56,17.11
2020-01-15,19.5,7.78,17.7,10.68,9.84,4.35,12.23,8.04,6.53,7.23,11.63,8.77,18.33
2020-01-16,10.67,7.7,19.88,10.44,6.44,5.35,10.93,7.02,10.02,7.72,11.55,8.71,9.86
2020-01-17,36.88,7.3,22.76,9.69,10.21,5.87,11.24,8.26,9.53,7.44,14.61,8.61,15.86
2020-01-18,71.69,5.81,27.29,9.65,10.02,5.17,10.92,8.48,8.03,6.68,12.84,9.17,12.33
2020-01-19,46.67,5.8,23.09,8.69,8.2,4.3,11.8,7.12,8.58,6.57,14.82,8.79,16.57
2020-01-20,44.86,5.74,17.54,9.65,8.96,4.75,10.29,8.68,5.57,7.84,10.47,7.65,14.64
2020-01-21,84.52,6.86,18.22,12.24,11.34,5.1,10.71,7.22,8.29,15.16,9.74,8.05,14.09
2020-01-22,50.3,6.35,12.25,10.95,13.29,5.74,9.72,7.38,8.98,7.78,11.42,8.46,14.71
2020-01-23,34.63,7.64,17.79,8.71,10.29,6.51,9.09,7.5,7.32,7.05,13.84,8.76,18.29
2020-01-24,54.28,7.44,19.6,10.73,11.11,7.58,11.35,8.29,7.31,8.46,14.24,7.8,23.54
2020-01-25,144.29,6.85,14.06,12.36,11.22,9.29,10.42,9.3,8.91,11.04,13.81,7.75,18.69
2020-01-26,112.57,8.32,10.3,12.81,10.76,8.08,10.33,7.79,8.17,15.78,12.52,8.42,20.0
2020-01-27,51.25,9.36,8.09,14.72,11.15,7.35,10.37,7.24,8.35,11.17,13.01,9.13,19.73
2020-01-28,35.39,13.04,8.18,11.12,10.07,9.14,10.59,7.97,11.47,10.61,10.17,8.24,20.29
2020-01-29,40.13,11.45,8.01,9.85,7.79,12.66,10.48,8.92,14.41,6.87,7.4,9.48,12.76
2020-01-30,100.04,9.86,7.71,10.06,6.94,12.68,11.1,8.39,15.64,6.8,8.78,9.09,15.43
2020-01-31,83.08,8.97,9.02,9.9,10.6,8.72,10.31,8.79,8.02,9.95,11.34,8.28,19.06
2020-02-01,56.67,10.3,9.86,10.02,8.9,5.26,10.53,9.06,5.57,11.19,9.87,7.65,18.25
2020-02-02,36.8,6.12,15.74,10.32,8.33,4.62,9.85,8.29,8.72,12.43,10.9,7.72,13.38
2020-02-03,31.18,7.34,16.44,11.4,9.01,4.14,9.91,9.01,8.38,13.67,11.57,7.37,15.16
2020-02-04,48.18,6.81,16.41,15.26,10.4,6.01,10.2,8.7,7.95,6.95,12.97,9.16,16.38
2020-02-05,59.11,7.47,12.91,13.31,9.27,4.73,10.78,8.26,4.99,7.43,13.92,8.28,19.32
2020-02-06,51.41,6.93,8.57,12.08,7.83,4.98,10.54,7.58,5.97,8.99,12.64,8.51,15.01
2020-02-07,47.32,8.53,8.19,14.21,6.4,4.61,8.7,9.26,5.36,7.3,13.1,9.66,18.3
2020-02-08,55.99,7.2,8.97,14.39,7.71,4.7,9.63,8.15,7.85,9.69,14.4,10.1,20.25
2020-02-09,27.16,10.99,13.16,14.64,7.32,5.98,8.57,8.6,8.73,10.05,12.54,10.59,17.41
2020-02-10,31.84,8.07,9.11,14.83,6.96,4.23,9.59,9.13,8.23,7.86,13.61,10.76,17.68
2020-02-11,48.28,7.08,10.31,14.37,9.3,4.72,8.98,9.72,8.33,9.07,15.08,11.91,18.99
2020-02-12,52.9,7.06,10.75,16.24,10.3,5.87,7.51,8.86,8.18,2.5,13.21,10.17,21.32
2020-02-13,40.9,7.06,17.74,16.49,8.81,9.22,7.07,11.56,8.97,10.04,14.08,8.53,34.59
2020-02-14,54.6,6.98,18.01,13.53,10.2,19.3,6.74,11.53,6.99,8.33,15.04,5.63,23.05
2020-02-15,57.08,7.48,13.03,17.59,9.76,13.19,6.54,11.74,8.56,10.64,18.1,4.36,27.95
2020-02-16,66.39,8.14,13.14,19.61,8.15,11.81,7.02,12.36,7.25,10.13,13.5,8.11,15.75
2020-02-17,57.29,9.48,13.37,18.85,7.32,10.93,6.89,11.63,5.56,9.98,14.45,5.11,19.12
2020-02-18,64.71,7.44,9.15,23.01,8.1,14.12,6.31,11.29,5.36,11.15,15.14,5.63,20.98
2020-02-19,118.91,7.62,15.05,20.13,11.26,8.36,6.52,11.93,7.39,10.47,18.31,6.48,18.62
2020-02-20,72.14,5.97,19.39,14.91,7.15,5.78,7.06,10.66,3.26,14.83,17.16,6.87,17.74
2020-02-21,52.84,6.25,8.47,10.45,8.27,6.09,7.34,11.28,1.62,10.72,15.43,7.58,16.2
2020-02-22,42.9,6.62,8.51,13.38,8.27,5.72,8.72,6.43,7.58,10.19,12.67,6.61,20.2
2020-02-23,48.07,5.92,18.19,14.3,7.23,5.8,11.01,3.11,3.55,9.64,12.87,5.49,13.0
2020-02-24,42.37,5.93,11.57,15.94,6.47,4.77,8.19,4.51,3.14,14.43,16.53,5.74,15.94
2020-02-25,62.73,6.01,11.02,18.24,5.31,8.89,8.69,7.35,5.77,9.63,13.8,6.29,16.73
2020-02-26,103.5,5.38,7.63,17.61,5.29,12.79,7.1,10.37,4.83,9.85,14.49,5.08,19.56
2020-02-27,68.76,6.72,8.79,14.7,6.44,10.07,6.85,8.51,7.61,7.4,13.1,6.73,22.27
2020-02-28,64.67,6.75,16.07,11.55,6.4,6.6,8.11,5.84,5.74,11.92,13.42,5.78,23.6
2020-02-29,64.67,6.22,19.12,12.05,6.87,4.91,8.66,3.91,7.32,11.35,12.92,6.48,18.21
2020-03-01,70.8,7.09,11.18,12.19,6.22,4.72,9.43,2.9,6.59,21.92,11.69,6.67,19.32
2020-03-02,81.42,6.36,18.07,15.81,6.52,5.26,9.4,6.95,9.08,9.91,14.27,5.51,24.7
2020-03-03,119.95,6.96,17.71,15.48,7.18,5.34,9.27,7.88,6.01,10.78,13.27,4.75,22.82
2020-03-04,51.07,6.6,6.97,16.22,8.28,8.82,8.18,5.35,15.6,13.85,13.27,3.82,17.88
2020-03-05,63.99,7.21,6.12,11.32,5.96,11.83,7.35,4.8,9.65,14.65,13.6,4.91,18.35
2020-03-06,61.9,8.07,6.52,10.42,4.83,5.21,9.77,12.3,7.89,11.49,12.91,4.42,17.86
2020-03-07,45.6,7.12,4.53,11.84,5.36,4.76,9.21,16.04,8.37,8.51,12.72,6.27,12.13
2020-03-08,32.78,6.71,6.52,12.61,6.77,4.69,10.96,17.83,11.2,11.62,12.39,6.45,29.5
2020-03-09,42.98,7.41,5.87,13.33,5.9,4.82,10.86,15.82,11.35,6.74,12.01,6.92,18.18
2020-03-10,26.68,7.08,5.51,17.21,6.98,4.35,10.61,16.29,8.91,9.44,12.34,6.41,25.19
2020-03-11,19.43,8.25,8.56,13.82,8.3,5.01,10.76,14.62,8.65,8.1,11.74,6.12,20.86
2020-03-12,40.38,6.36,5.64,13.68,7.94,5.55,11.98,13.28,10.58,7.79,11.69,7.67,17.37
2020-03-13,27.3,7.36,5.6,15.42,5.19,4.96,10.36,12.68,8.83,8.52,15.56,7.02,14.83
2020-03-14,49.34,6.65,13.21,11.59,5.9,6.01,9.85,14.36,7.98,12.75,14.93,8.57,21.65
2020-03-15,27.4,6.97,14.94,13.92,6.45,5.37,10.52,15.87,3.4,21.74,13.71,8.75,22.1
2020-03-16,28.6,6.75,19.01,14.8,5.95,4.57,10.19,15.9,6.89,9.82,17.26,8.27,19.49
2020-03-17,34.49,7.01,7.6,15.06,7.61,3.98,9.92,19.73,6.23,9.56,14.32,7.16,19.67
2020-03-18,42.86,7.25,5.75,14.93,6.88,5.34,9.6,19.43,7.57,9.77,13.86,7.17,16.2
2020-03-19,42.07,7.97,5.81,17.66,6.4,7.02,10.81,19.95,6.84,16.11,14.21,7.53,19.8
2020-03-20,44.08,6.97,5.55,19.71,7.88,5.39,12.79,15.81,11.12,27.59,16.32,6.45,25.54
2020-03-21,67.89,6.75,5.84,18.55,5.51,7.04,12.85,16.66,11.08,23.06,15.34,5.17,23.29
2020-03-22,52.62,6.92,4.84,16.63,4.27,6.38,12.21,17.25,10.28,19.46,11.8,5.66,23.0
2020-03-23,34.25,6.03,5.93,15.17,4.55,5.41,12.91,18.26,9.73,9.34,13.09,5.54,24.44
2020-03-24,44.87,6.39,5.83,15.81,4.6,6.67,13.09,16.44,16.72,7.73,11.67,6.32,20.71
2020-03-25,61.4,7.92,5.04,11.49,4.89,6.22,13.57,16.27,9.14,6.41,9.47,5.9,18.95
2020-03-26,34.72,5.87,6.3,12.82,6.54,5.14,13.26,16.42,8.2,7.16,8.44,5.55,18.8
2020-03-27,16.19,6.49,5.09,11.04,7.84,5.3,12.52,15.31,13.37,6.22,10.15,4.42,21.49
2020-03-28,16.06,6.11,4.41,10.28,4.93,6.39,11.73,14.77,11.29,6.2,10.98,5.04,22.1
2020-03-29,22.76,6.37,6.88,10.39,5.46,4.71,11.6,18.73,11.33,6.7,11.87,5.81,19.29
2020-03-30,19.14,6.77,5.79,12.47,5.94,7.11,11.76,18.56,10.42,7.21,12.47,7.88,22.14
2020-03-31,32.01,5.11,6.26,12.33,6.21,7.31,12.44,17.01,8.52,6.82,13.55,6.65,23.12
2020-04-01,22.16,5.81,5.54,13.0,5.92,6.64,12.02,15.91,7.39,6.3,12.78,6.46,25.11
2020-04-02,18.54,5.56,4.94,10.84,6.27,6.67,12.62,15.97,5.91,6.22,14.8,7.38,20.53
2020-04-03,23.84,6.8,5.22,11.99,6.07,9.04,11.53,15.3,7.37,6.57,18.55,6.11,29.01
2020-04-04,27.53,6.51,4.61,12.59,6.43,8.46,11.9,14.86,5.47,7.4,14.75,5.47,21.14
2020-04-05,31.4,6.06,4.96,16.03,6.64,8.36,11.35,15.2,6.29,8.68,15.63,4.28,19.38
2020-04-06,22.2,4.44,4.12,15.59,6.49,8.47,11.73,15.57,6.27,8.411666666666667,14.14,4.24,20.08
2020-04-07,31.04,5.3,4.57,13.46,5.85,8.49,11.83,14.66,7.26,8.143333333333334,10.95,6.0,17.69
2020-04-08,30.8,5.55,4.13,12.85,6.72,11.06,11.5,14.11,6.7,7.875000000000001,11.39,5.79,19.86
2020-04-09,20.75,5.83,4.78,14.2,6.66,9.14,13.4,14.14,7.55,7.606666666666667,12.54,5.76,24.28
2020-04-10,32.01,6.1,7.49,16.32,7.23,6.51,11.0,14.23,6.02,7.338333333333334,13.53,5.4,13.94
2020-04-11,25.09,6.06,11.31,18.38,8.08,6.21,10.23,14.52,5.51,7.07,12.63,5.29,15.56
2020-04-12,21.57,4.78,7.11,15.7,6.93,4.25,10.81,14.0,6.82,8.49,12.14,5.43,13.59
2020-04-13,26.86,5.75,7.13,19.86,7.6,3.48,10.03,13.83,6.81,9.63,13.38,5.7,14.3
2020-04-14,21.85,6.34,5.96,17.38,7.33,4.27,9.95,13.28,7.14,6.33,12.46,6.31,14.56
2020-04-15,23.5,8.19,6.13,14.89,7.25,4.36,9.7,13.21,6.32,6.55,12.39,5.28,14.12
2020-04-16,22.03,6.55,5.2,19.42,8.79,4.19,9.71,13.53,9.16,7.65,13.91,5.9,13.37
2020-04-17,18.03,5.77,5.42,14.08,10.04,5.07,9.8,12.42,5.51,7.76,11.67,6.13,12.24
2020-04-18,36.24,5.59,5.2,12.63,8.71,4.46,9.9,12.12,7.41,5.88,13.33,5.17,13.63
2020-04-19,21.0,6.21,4.49,13.17,10.59,5.75,9.46,12.1,8.72,8.85,13.25,5.05,13.62
2020-04-20,25.22,6.75,5.2,15.06,6.62,6.01,9.79,12.42,6.56,9.64,11.72,5.8,15.82
2020-04-21,19.16,6.2,4.84,15.36,6.54,6.64,9.61,10.67,3.58,13.02,12.74,5.74,13.92
2020-04-22,15.83,6.79,4.83,17.34,6.36,4.56,10.19,11.29,7.24,9.17,12.06,5.72,12.29
2020-04-23,32.39,6.36,4.69,17.39,8.37,4.88,10.09,10.01,6.42,8.59,10.2,5.17,
2020-04-24,20.59,6.54,4.44,18.62,6.67,4.43,10.12,9.28,6.03,8.94,12.13,5.51,
2020-04-25,16.51,5.83,4.79,12.76,8.67,5.65,9.94,8.55,5.640000000000001,17.19,11.39,5.31,
2020-04-26,10.58,5.47,6.89,16.21,5.78,4.27,10.26,8.79,5.25,11.17,12.68,5.57,
2020-04-27,29.73,5.55,4.29,15.59,6.16,3.83,9.83,7.9,5.58,6.42,11.4,5.5,
2020-04-28,42.86,5.86,4.57,17.6,6.71,3.72,8.63,7.02,6.04,7.08,12.19,5.62,
2020-04-29,32.97,5.73,4.4,19.08,6.54,3.67,9.37,7.75,8.02,9.0,12.05,5.52,
2020-04-30,37.7,5.45,4.74,17.42,8.36,4.03,11.96,7.88,7.01,8.5,12.14,5.32,19.3
2020-05-01,26.36,6.28,4.43,17.52,5.44,4.27,11.21,7.45,7.46,9.5,11.48,5.29,14.34
2020-05-02,25.87,6.19,3.96,13.0,6.0,5.59,10.84,5.59,6.94,8.45,14.83,5.4,8.61
2020-05-03,22.71,6.23,4.47,11.94,7.72,5.04,11.59,6.11,5.84,7.07,11.01,5.36,7.58
2020-05-04,20.04,7.16,4.61,11.92,7.42,4.59,14.98,7.71,8.31,8.64,10.48,5.42,7.55
2020-05-05,2.42,7.44,3.61,16.4,6.38,4.17,7.97,7.78,8.22,7.44,8.98,5.23,20.43
2020-05-06,,6.85,6.99,15.78,6.14,4.45,10.27,7.33,8.96,10.3,8.58,5.68,6.68
2020-05-07,,6.09,3.98,13.6,6.02,4.3,7.95,6.38,8.88,8.99,10.18,6.11,7.49
2020-05-08,,7.14,4.85,13.82,7.13,4.84,10.37,7.37,10.45,10.06,12.13,5.19,8.18
2020-05-09,,7.51,3.53,13.33,7.08,5.41,11.0,7.94,7.32,10.47,9.81,5.46,7.27
2020-05-10,,6.93,3.92,12.02,7.05,5.02,9.06,7.18,6.41,10.16,9.67,5.92,8.02
2020-05-11,,7.7,4.54,12.66,7.18,7.01,5.84,8.76,5.58,7.82,11.67,5.88,5.75
2020-05-12,,6.05,4.63,13.84,7.7,6.05,7.53,7.47,6.46,9.74,10.83,5.73,13.56
2020-05-13,,6.09,4.34,15.41,9.44,4.61,11.72,13.26,6.96,9.08,11.23,6.3,9.04
2020-05-14,,6.12,4.55,12.92,8.0,5.29,7.41,9.38,7.66,9.03,11.74,5.26,7.64
2020-05-15,,7.39,4.12,13.71,8.44,5.38,5.55,9.6,9.7,9.9,9.58,6.17,8.83
2020-05-16,,7.06,4.68,16.19,5.39,6.32,7.87,11.87,8.86,9.26,10.58,5.78,9.38
2020-05-17,,7.19,4.13,20.19,5.94,5.87,16.97,12.0,8.56,11.8,11.87,5.91,11.96
2020-05-18,,6.14,4.49,22.11,7.35,7.55,7.68,8.51,7.87,26.68,11.32,4.94,10.08
2020-05-19,,5.67,5.0,20.41,7.79,9.4,5.06,9.11,10.13,22.25,12.32,4.88,10.28
2020-05-20,,6.05,3.87,18.96,10.59,10.5,6.6,10.08,8.24,11.86,12.57,5.15,13.83
2020-05-21,,5.8,5.66,18.99,8.71,11.4,4.98,10.07,11.82,10.76,11.06,5.09,10.27
2020-05-22,,5.59,6.39,26.05,8.22,8.55,9.35,9.26,6.37,23.16,13.05,5.12,12.04
2020-05-23,,6.29,7.14,17.05,5.57,8.65,5.92,8.96,8.48,18.35,11.35,5.73,9.79
2020-05-24,,5.64,6.79,17.11,6.25,6.61,5.2,7.56,8.73,19.01,12.5,6.1,8.1
2020-05-25,,5.81,6.77,21.3,5.89,5.94,4.09,8.68,7.19,17.75,11.14,5.78,7.48
2020-05-26,,6.38,6.44,16.82,6.39,6.32,4.01,6.96,9.69,34.05,12.31,5.93,7.24
2020-05-27,,6.03,7.23,14.49,6.03,5.46,3.9,7.33,8.42,14.45,8.0,5.29,7.19
2020-05-28,,6.24,6.1,11.68,4.66,5.65,8.5,3.91,7.34,10.98,11.11,6.18,7.99
2020-05-29,,6.48,6.54,9.95,4.95,6.1,7.47,16.6,7.79,12.3,10.31,5.53,10.85
2020-05-30,,6.27,5.44,9.95,5.62,5.49,7.28,8.94,16.45,6.28,8.23,7.33,17.09
2020-05-31,,7.01,4.8,9.06,4.31,4.66,8.38,9.79,5.43,8.09,9.69,6.92,9.11
2020-06-01,,6.78,7.27,14.02,5.78,5.23,9.38,5.42,5.82,11.8,10.83,5.32,9.85
2020-06-02,20.08,6.65,6.57,12.71,5.57,4.36,5.24,5.2,8.78,17.71,9.3,4.94,6.61
2020-06-03,23.71,6.85,4.04,15.91,7.3,5.12,4.4,5.85,6.48,10.48,10.95,4.64,12.47
2020-06-04,21.29,6.94,4.05,17.97,5.65,5.56,3.73,5.78,7.19,16.68,10.45,3.39,16.74
2020-06-05,14.73,7.12,5.31,12.46,5.57,6.89,4.52,5.91,10.64,10.49,9.47,3.74,11.48
2020-06-06,14.4,7.16,5.12,10.69,5.69,10.04,3.22,5.69,7.02,8.67,10.65,6.39,12.83
2020-06-07,13.05,7.11,5.35,11.89,5.82,9.34,2.88,7.4,5.32,6.56,9.48,8.92,12.34
2020-06-08,11.6,6.88,6.34,15.78,6.52,9.69,2.8,7.28,6.61,8.56,10.64,6.82,11.95
2020-06-09,12.69,6.99,5.45,15.06,4.98,9.15,2.86,7.99,5.06,12.01,9.52,6.87,15.46
2020-06-10,16.22,6.92,6.85,14.12,6.39,5.72,3.16,7.07,5.9,13.47,12.02,6.08,13.75
2020-06-11,18.41,6.99,5.45,12.74,6.0,6.7,3.15,4.22,5.59,11.08,9.72,6.31,18.82
2020-06-12,16.27,7.2,6.83,12.9,6.89,6.02,3.25,6.6,5.74,12.02,11.36,6.27,13.34
2020-06-13,17.51,7.33,5.77,10.59,6.05,5.32,2.82,7.16,10.7,10.76,8.81,6.22,12.34
2020-06-14,20.82,6.86,4.18,13.57,6.44,6.34,2.86,6.57,9.37,10.86,9.72,7.35,16.01
2020-06-15,19.3,7.68,6.57,12.57,6.84,6.19,2.76,5.43,7.02,16.73,9.5,7.19,12.19
2020-06-16,11.26,7.21,4.44,12.08,5.93,5.28,2.76,6.29,11.09,13.24,9.64,7.66,16.28
2020-06-17,9.4,7.74,7.76,10.84,6.76,5.7,2.68,6.87,11.08,9.2,10.35,5.72,17.54
2020-06-18,11.72,7.27,9.99,12.19,6.05,5.94,4.87,5.81,11.05,12.51,8.94,6.18,17.81
2020-06-19,9.9,7.22,6.45,11.98,5.3,7.96,4.65,4.15,13.23,10.92,11.3,6.04,10.39
2020-06-20,10.1,7.81,5.5,10.98,5.34,7.71,4.49,5.38,11.76,5.53,10.04,5.35,11.19
2020-06-21,11.45,7.47,5.53,11.71,5.08,8.15,3.73,5.41,10.1,4.72,10.51,5.56,13.28
2020-06-22,13.32,7.18,6.66,11.08,5.27,7.86,3.79,5.13,13.65,4.64,10.04,4.98,11.68
2020-06-23,13.0,6.98,8.1,11.09,5.17,6.56,3.75,4.28,10.4,4.36,9.77,5.36,15.88
2020-06-24,11.99,6.86,6.32,11.02,4.86,5.26,3.24,4.03,10.92,7.21,9.68,6.54,14.04
2020-06-25,11.73,7.73,7.92,11.28,4.93,5.16,2.98,4.06,8.19,5.83,8.76,6.14,15.38
2020-06-26,10.41,7.45,5.55,11.66,3.97,5.03,2.92,6.42,6.87,4.79,10.34,6.23,15.86
2020-06-27,12.44,7.29,7.29,10.38,3.77,5.39,3.63,9.18,8.55,4.55,9.96,8.38,13.75
2020-06-28,11.01,6.6,6.48,10.7,2.85,6.36,3.92,7.82,12.72,5.22,8.93,8.32,10.86
2020-06-29,12.1,6.33,6.62,11.58,3.36,6.29,3.6,7.86,8.42,4.89,10.59,8.07,14.79
2020-06-30,16.39,6.45,7.5,10.51,4.31,5.3,3.91,7.36,9.84,4.67,10.36,8.4,14.58
2020-07-01,14.4,6.66,9.23,11.15,6.02,6.07,3.99,7.57,2.1,3.48,5.19,6.15,10.88
