Date,Bengaluru,Delhi,Hyderabad,Visakhapatnam,Amritsar,Jorapokhar,Jaipur,Thiruvananthapuram,Amaravati
2017-07-01,129.55,224.62,42.56,,68.4,85.14333333333333,26.17,39.71,
2017-07-02,110.45,223.56,37.86,,102.32,78.28666666666666,33.12,27.62,
2017-07-03,93.48,246.98,46.69,,86.58,71.43,51.67,22.56,
2017-07-04,82.18,,48.65,,99.05,16.39,76.36,43.69,
2017-07-05,87.64,,37.0,,112.06,20.45,91.07,68.32,
2017-07-06,79.21,,45.03,,71.1,44.965,101.47,55.04,
2017-07-07,126.74,,43.48,,87.67,69.48,80.86,49.78,
2017-07-08,120.31,,55.27,,117.47,53.515,1.02,47.71,
2017-07-09,109.11,,47.47,,104.02,37.55,40.85000000000001,31.62,
2017-07-10,102.45,,39.94,,90.57,49.74,80.68,31.78,
2017-07-11,88.16,,59.13,,95.06,76.65,120.51,18.65,
2017-07-12,76.48,,47.25,,90.82,83.4,0.42,36.27,
2017-07-13,95.74,,42.92,,97.67,78.53,34.01,47.88,
2017-07-14,96.47,,35.06,,96.92,73.66,41.65,46.79,
2017-07-15,112.32,,63.46,,97.63,68.78999999999999,64.8,60.83,
2017-07-16,98.67,,34.05,,97.87,63.91999999999999,83.5,43.6,
2017-07-17,110.36,,27.38,,101.51,59.05,76.56,52.15,
2017-07-18,82.75,,18.17,,94.42,57.2,84.18,54.44,
2017-07-19,66.58,,14.48,,104.81,41.89,52.25,38.51,
2017-07-20,87.62,,16.81,,113.81,54.63,89.06,35.72,
2017-07-21,104.24,,34.66,,97.7,53.05,73.55,22.98,
2017-07-22,120.48,,53.26,,98.4,47.09,55.4,35.6,
2017-07-23,117.82,,66.76,,102.03,41.13,70.7,48.22,
2017-07-24,111.03,,52.3,,100.22,25.83,58.7,60.84,
2017-07-25,99.2,,56.61,,103.08,18.49,86.2,56.6,
2017-07-26,105.63,,61.4,,101.56,29.83,89.59,67.58,
2017-07-27,95.5,,49.0,,86.53666666666666,38.06666666666666,80.29,48.62,
2017-07-28,77.97,,41.75,,71.51333333333332,46.30333333333333,93.94,37.17,
2017-07-29,88.52,,47.66,,56.49,54.53999999999999,94.46,32.19,
2017-07-30,91.72,,60.16,,63.19,62.77666666666666,94.98,54.45,
2017-07-31,90.24,,57.47,,109.83,71.01333333333332,95.5,54.37,
2017-08-01,91.01,,49.6,,107.53,79.25,113.04,41.35,
2017-08-02,91.07,,54.83,,,56.09,123.14,46.53,
2017-08-03,74.63,,34.3,,,43.57,95.79,39.14,
2017-08-04,62.14,,44.95,,,61.97,175.36,31.64,
2017-08-05,78.23,,64.87,,,75.72,190.23,28.85,
2017-08-06,81.72,,80.57,,,66.17,214.16,34.99,
2017-08-07,88.33,,81.09,,,46.57,162.79,48.43,
2017-08-08,99.54,,68.32,,95.22,49.97,120.88,32.81,
2017-08-09,92.2,,43.45,,121.275,45.45,116.45,41.81,
2017-08-10,77.12,,32.93,,147.33,37.48,95.86,41.59,
2017-08-11,71.85,,44.97,,168.52,45.92,91.05,30.8,
2017-08-12,61.7,,36.13,,268.32,36.23,75.22,44.62,
2017-08-13,116.59,,37.86,,260.46,54.73,84.76,66.18,
2017-08-14,115.3,,40.24,,69.39,97.64,107.44,73.12,
2017-08-15,68.12,,44.14,,114.7,78.485,122.7,61.52,
2017-08-16,60.6,,56.17,,136.51,59.33,123.6,44.38,
2017-08-17,78.23,,76.01,,206.85,79.33,116.49,47.14,
2017-08-18,57.1,,80.23,,209.7,88.58,109.38,28.83,
2017-08-19,53.12,,36.53,,139.39,78.86,102.27,37.2,
2017-08-20,61.8,,10.54,,69.33,69.14,95.16,34.71,
2017-08-21,88.86,,26.2,,96.84,59.42,88.05,27.65,
2017-08-22,89.66,,37.28,,73.55,44.52,101.56,22.79,
2017-08-23,75.76,,54.16,,87.82,42.015,71.91,43.83,
2017-08-24,66.25,,60.91,,109.02,39.51,87.22,63.07,
2017-08-25,49.59,,32.41,,94.01,38.25,78.76,54.52,
2017-08-26,72.62,,21.88,,67.56,,111.8,51.49,
2017-08-27,48.41,,22.77,,90.31,,105.38,33.47,
2017-08-28,89.92,,12.31,,88.13,,107.75,24.65,
2017-08-29,100.74,,11.4,,56.07,,82.67,22.29,
2017-08-30,90.87,,33.08,,69.8,,73.02,34.19,
2017-08-31,111.68,60.15,49.77,,84.72,,62.19,48.67,
2017-09-01,86.06,41.64,63.66,,57.41,1.5,129.39,52.14,
2017-09-02,87.12,45.86,75.72,,70.89,15.275,76.9,35.43,
2017-09-03,59.94,79.78,37.21,,82.4,29.05,76.67,34.39,
2017-09-04,85.24,84.29,49.36,,93.24,42.825,105.84,48.9,
2017-09-05,98.1,75.82,62.12,,101.82,56.6,107.61,45.75,
2017-09-06,49.13,85.23,70.96,,135.49,,119.22,19.97,
2017-09-07,100.44,67.06,80.64,,129.56,,134.85,35.68,
2017-09-08,72.73,101.89,58.94,,123.54,,127.1,28.79,
2017-09-09,83.19,111.65,57.8,,170.2,,141.03,27.17,
2017-09-10,93.49,119.5,41.91,,131.16,,134.31,25.92,
2017-09-11,115.56,120.06,30.25,,99.6,,119.65,28.58,
2017-09-12,104.51,103.84,27.36,,163.28,,100.32,23.44,
2017-09-13,108.42,143.16,36.34,,197.0,,93.43,20.83,
2017-09-14,90.68,186.11,17.55,,190.24,,129.25,21.98,
2017-09-15,71.81,127.68,27.69,,165.9,,159.03,37.03,
2017-09-16,92.8,82.26,19.92,,153.86,,166.8,34.22,
2017-09-17,52.78,85.65,27.18,,197.08,,158.2,21.48,
2017-09-18,66.31,102.29,16.29,,225.14,,166.38,29.78,
2017-09-19,87.05,112.21,19.23,,221.27,,138.75,38.16,
2017-09-20,81.53,111.9,24.64,,243.06,,147.92,27.48,
2017-09-21,80.51,76.81,28.99,,248.8,,123.45,31.36,
2017-09-22,80.49,18.59,35.75,,253.99,,86.61,44.17,
2017-09-23,91.14,43.57,63.17,,107.82,,99.61,48.97,
2017-09-24,112.5,81.42,108.57,,136.27,,103.16,44.41,
2017-09-25,53.18,100.02,87.46,,259.45,,91.97,52.61,
2017-09-26,76.88,114.15,98.84,,275.85,,106.71,45.45,
2017-09-27,50.86,125.39,108.16,,253.61,,121.45,29.29,
2017-09-28,90.26,102.91,74.16,,255.33,,93.76,24.1,
2017-09-29,71.25,140.94,58.36,,298.19,,135.61,29.61,
2017-09-30,68.52,125.73,61.2,,311.39,,156.57,24.03,
2017-10-01,57.46,120.56,50.52,44.56,188.36,,132.15,13.37,
2017-10-02,46.54,128.15,31.41,52.29,144.77,,103.81,10.5,
2017-10-03,63.75,127.48,36.84,41.55,177.56,,126.14,17.57,
2017-10-04,67.04,138.81,77.06,56.15,208.1,94.23,168.86,22.0,
2017-10-05,42.33,125.31,89.52,26.0,173.65,82.324,49.68,30.71,
2017-10-06,55.39,111.43,54.04,21.41,271.04,70.41799999999999,127.56,13.0,
2017-10-07,70.61,151.15,46.38,35.62,182.83,58.51199999999999,136.85,19.95,
2017-10-08,65.04,155.03,42.02,30.0,231.02,46.606,137.4,33.45,
2017-10-09,71.87,173.87,41.72,30.57,168.17,34.7,167.67,42.21,
2017-10-10,73.85,158.68,46.53,,,,137.5,,
2017-10-11,62.71,122.3,51.78,,,,148.16,,
2017-10-12,54.56,186.91,69.1,,,,163.82,,
2017-10-13,52.24,207.87,39.46,,,,185.03,,
2017-10-14,44.65,208.87,60.37,,,,203.48,,
2017-10-15,50.86,195.47,61.1,,,,177.3,,
2017-10-16,76.61,213.98,154.52,,,185.55,183.07,,
2017-10-17,118.88,212.35,133.53,,,147.89,199.42,,
2017-10-18,188.67,204.03,137.82,,,110.23000000000002,209.76,,
2017-10-19,147.94,259.0,144.81,102.42,291.88,72.57,185.42,32.08,
2017-10-20,264.9,387.13,112.82,120.5,445.44,43.135,242.1,16.0,
2017-10-21,157.62,317.52,105.44,138.58,318.1,13.7,220.78,24.75,
2017-10-22,118.74,201.91,98.82,117.115,357.95,,164.83,46.65,
2017-10-23,123.41,242.73,83.34,95.65,276.08,,157.92,68.55,
2017-10-24,176.27,331.64,97.66,36.0,191.27,,169.87,43.5,
2017-10-25,134.15,326.46,159.54,39.333333333333336,312.7,,241.74,39.833333333333336,
2017-10-26,88.04,290.41,139.05,42.66666666666667,309.8,,233.76,36.16666666666667,
2017-10-27,87.11,293.68,146.09,46.0,299.12,,191.48,32.5,
2017-10-28,91.81,329.05,163.27,64.44,302.65,,179.77,33.505,
2017-10-29,100.35,300.92,147.82,82.88,295.75,,149.33,34.510000000000005,
2017-10-30,82.59,308.22,144.485,101.32,289.42,,192.4,35.51500000000001,
2017-10-31,68.08,323.45,141.15,119.76,267.13,262.62,199.97,36.52,
2017-11-01,56.91,265.9,149.12,96.39,261.79,53.56,191.69,37.06,
2017-11-02,57.13,227.41,141.02,100.96,259.59,99.23,149.72,35.06,
2017-11-03,73.54,239.73,126.96,83.03,252.25,58.0,179.69,40.5,
2017-11-04,64.65,292.7,97.93,67.98,251.09,110.9,208.45,45.71,
2017-11-05,29.28,334.64,68.47,57.01,290.59,95.08,179.0,24.78,
2017-11-06,27.3,330.27,67.08,48.12,290.75,97.4,184.37,41.97,
2017-11-07,42.42,654.68,81.64,55.26,232.21,151.5,235.07,29.74,
2017-11-08,40.08,796.88,82.74,61.49,250.2,205.6,206.93,28.67,
2017-11-09,66.25,652.21,84.55,81.14,222.95,259.7,202.82,27.27,
2017-11-10,51.65,496.48,83.57,97.61,260.49,110.4,245.62,45.25,
2017-11-11,77.14,511.44,115.98,109.46,267.24,121.86,245.38,46.57,
2017-11-12,72.0,622.4,109.26,98.27,271.2,133.32,221.93,59.01,
2017-11-13,57.77,498.63,107.88,72.5,234.56,144.78,224.06,86.2,
2017-11-14,65.86,365.91,118.47,54.72,178.8,212.3,152.03,76.8,
2017-11-15,66.28,279.26,100.21,27.08,100.14,129.1,159.11,78.67,
2017-11-16,78.07,278.95,82.13,22.89,182.69,124.70333333333332,176.02,69.39,
2017-11-17,71.36,220.08,80.34,18.72,228.78,120.30666666666669,189.76,83.82,
2017-11-18,63.17,202.59,71.59,28.9,184.32,115.91,143.58,80.76,
2017-11-19,59.05,190.51,77.41,28.67,224.99,131.948,220.31,59.98,
2017-11-20,58.7,249.28,89.51,28.68,295.86,147.98600000000002,124.92,48.04,
2017-11-21,41.37,253.38,87.99,61.47,264.88,164.02400000000003,121.42,31.01,
2017-11-22,46.73,258.11,75.97,106.56,276.23,180.06200000000004,138.6,42.44,
2017-11-23,63.39,251.23,88.36,130.08,237.22,196.1,165.07,61.21,
2017-11-24,80.23,256.92,125.61,138.21,270.82,231.0,208.73,89.2,115.75
2017-11-25,81.86,268.09,133.01,119.5,268.1,235.05,224.97,126.78,124.5
2017-11-26,69.67,338.82,137.59,124.86,263.37,239.53,251.58,102.32,129.06
2017-11-27,57.05,328.09,145.39,125.91,266.39,244.01,200.67,49.07,135.32
2017-11-28,65.13,290.47,144.06,172.13,268.24,151.5,198.49,48.66,104.09
2017-11-29,64.65,327.64,122.5,133.9,283.99,184.55,226.64,48.34,114.84
2017-11-30,36.84,344.17,121.51,92.98,265.34,,223.61,11.05,114.86
2017-12-01,19.23,309.07,128.64,126.25,270.1,,176.81,15.05,113.56
2017-12-02,53.35,324.46,123.66,124.88,232.05,,160.86,29.16,140.2
2017-12-03,69.73,359.22,125.86,114.81,239.25,,171.25,41.84,130.52
2017-12-04,71.86,390.1,119.15,123.44,214.5,,196.77,53.82,125.0
2017-12-05,63.98,358.86,96.64,184.65,189.34,,170.11,61.00666666666667,121.77
2017-12-06,92.18,210.21,85.9,178.5,134.65,,154.46,68.19333333333333,139.36
2017-12-07,77.97,170.12,127.59,141.02,215.78,,153.87,75.38,181.64
2017-12-08,93.55,204.38,153.15,112.99,266.2,,178.79,61.09,208.86
2017-12-09,108.41,268.35,149.05,111.86,236.63,,195.03,49.68,141.22
2017-12-10,117.05,341.87,108.63,160.8,198.88,,142.66,73.21,102.77
2017-12-11,85.74,338.45,117.26,126.78,87.5,,104.96,101.59,115.27
2017-12-12,85.6,152.76,140.38,128.31,87.57,,103.7,88.6,131.48
2017-12-13,93.92,203.48,136.56,149.08,141.61,,103.23,58.23,99.74
2017-12-14,73.5,189.9,120.92,97.69,124.48,,81.34,66.47,98.94
2017-12-15,55.14,194.15,119.88,97.87,120.29,,95.76,88.53,109.65
2017-12-16,63.26,152.72,131.11,163.67,129.08,,84.63,68.19,129.81
2017-12-17,69.56,163.65,142.76,181.98,177.11,,162.87,69.96,167.62
2017-12-18,81.51,189.64,143.78,139.11,121.78,,122.76,71.95,172.04
2017-12-19,72.71,257.19,130.67,121.39,171.16,,233.77,71.07,171.56
2017-12-20,70.28,410.74,152.17,137.31,221.19,177.37,157.34,46.85,141.83
2017-12-21,62.23,435.23,148.17,110.88,198.96,147.58,114.04,56.57,147.74
2017-12-22,58.04,241.38,162.0,178.94,126.01,125.99,82.12,41.88,152.59
2017-12-23,60.26,181.59,170.76,195.51,157.96,185.76,143.67,59.38,147.95
2017-12-24,38.57,301.71,156.46,183.31,186.31,183.64,145.27,49.75,167.75
2017-12-25,45.31,368.35,144.94,168.7,210.37,169.57999999999998,139.44,64.2,171.47
2017-12-26,60.95,326.11,151.9,202.38,272.45,155.52,179.15,79.85,170.21
2017-12-27,87.05,317.87,129.4,176.88,303.42,145.69,194.31,86.73,192.2
2017-12-28,83.3,362.39,139.18,195.79,188.85,200.02,173.48,98.85,175.16
2017-12-29,74.48,347.63,152.12,103.4,199.13,231.28,169.41,85.7,138.6
2017-12-30,70.68,401.15,132.99,100.61,254.85,279.45,203.76,100.61,109.33
2017-12-31,59.11,445.58,126.76,113.01,285.43,269.77,167.95,80.02,131.62
2018-01-01,74.54,415.09,119.64,99.04,291.36,276.75,178.65,88.43,108.83
2018-01-02,78.63,422.59,135.87,106.57,260.76,133.28,206.62,88.75,109.82
2018-01-03,69.71,336.87,149.51,132.6,179.58,102.45,246.82,78.75,137.48
2018-01-04,80.05,377.61,164.76,234.51,,160.61,184.38,90.64,174.75
2018-01-05,93.29,360.99,160.28,183.69,,274.55,168.34,118.0,162.69
2018-01-06,94.22,378.9,150.95,218.15,,253.436,188.25,117.45,151.97
2018-01-07,94.39,292.74,144.54,200.4,,232.322,148.31,101.17,145.68
2018-01-08,77.23,259.13,141.46,196.05,,211.208,186.29,95.2,132.66
2018-01-09,76.89,355.21,160.44,116.56,,190.094,193.76,115.88,146.64
2018-01-10,71.0,294.24,158.74,191.53,,168.98,201.64,109.22,155.95
2018-01-11,63.45,243.95,162.88,289.19,,168.65,192.72,71.31,153.97
2018-01-12,76.54,281.06,159.96,254.08,198.54,295.04,204.94,71.91,182.54
2018-01-13,98.69,355.43,157.0,210.61,189.41,184.4,225.04,67.32,125.01
2018-01-14,110.99,308.74,141.02,283.0,195.9,157.44,177.58,53.93,129.99
2018-01-15,100.57,309.85,115.26,203.02,138.18,158.25,147.77,72.73,115.53
2018-01-16,99.23,231.04,126.51,233.26,158.17,202.4,147.79,95.26,100.34
2018-01-17,101.11,353.55,128.06,200.75,151.64,241.21,95.02,109.18,104.45
2018-01-18,103.52,428.08,141.85,168.22,146.1,165.49,150.86,102.56,117.3
2018-01-19,92.99,398.16,139.54,187.51,131.82,197.7,162.69,98.15,116.14
2018-01-20,114.17,252.92,143.85,249.97,154.81,137.24,171.49,115.98,132.84
2018-01-21,104.31,274.5,140.77,199.35,163.69,146.55,159.86,118.82,141.85
2018-01-22,119.95,352.68,142.1,213.01,131.93,246.1,151.15,115.3,142.86
2018-01-23,132.27,248.48,117.57,262.9,110.95,165.4,139.83,120.64,138.14
2018-01-24,125.43,192.19,131.41,228.305,59.87,237.11,150.18,112.83,137.31
2018-01-25,129.02,167.31,155.17,193.71,122.25,89.61,136.44,84.26,155.73
2018-01-26,117.17,207.66,155.11,159.11499999999998,120.69,123.43,165.34,89.49,143.38
2018-01-27,143.26,271.1,156.79,124.52,160.56,128.31,125.73,99.88,131.14
2018-01-28,124.79,248.26,145.17,152.19,114.13,90.25,125.41,71.88,131.86
2018-01-29,114.19,272.45,149.79,156.83,101.86,203.31,128.24,99.08,135.97
2018-01-30,115.21,212.59,152.71,202.2,131.87,164.43,255.39,96.6,140.66
2018-01-31,112.97,205.56,141.76,187.71,135.69,117.28,194.82,107.96,147.48
2018-02-01,106.5,298.58,129.95,168.36,114.54,153.48,202.91,114.76,152.59
2018-02-02,103.77,282.16,120.39,210.94,96.3,173.34,163.54,102.16,130.36
2018-02-03,104.97,239.61,115.8,205.06,138.44,265.75,142.6,96.7,119.52
2018-02-04,99.74,252.13,105.44,191.95,131.72,225.9,131.3,95.27,115.65
2018-02-05,94.58,308.37,112.02,179.27,147.2,315.27,143.84,93.88,100.54
2018-02-06,98.75,274.72,124.69,183.64,136.91,211.45,122.86,89.88,101.1
2018-02-07,95.75,246.92,135.34,139.55,157.27,245.7,125.18,71.72,116.89
2018-02-08,87.19,338.61,105.04,114.01,160.02,141.45,133.57,47.29,120.05
2018-02-09,96.52,348.94,116.97,125.65,162.02,289.1,142.45,63.08,62.82
2018-02-10,84.89,373.06,119.66,119.12,166.85,273.86,130.41,65.34,66.74
2018-02-11,96.63,300.96,88.76,129.71,177.22,137.15,153.69,70.25,112.29
2018-02-12,88.93,153.11,87.6,116.58,87.04,151.52,94.19,77.5,99.73
2018-02-13,55.15,170.12,85.63,122.26,52.61,155.41,115.9,86.42,99.04
2018-02-14,68.55,149.43,100.95,113.91,50.34,58.74,95.49,95.91,107.96
2018-02-15,59.31,173.59,118.54,169.98,94.51,85.3,120.24,84.58,118.62
2018-02-16,53.91,219.11,116.94,150.5,181.17,98.39,151.38,72.11,128.81
2018-02-17,70.68,244.27,121.32,155.27,135.18,99.2,195.09,82.45,97.19
2018-02-18,64.77,234.67,126.08,112.92,159.72,162.675,206.35,82.58,80.24
2018-02-19,62.32,315.75,112.55,143.59,166.21,226.15,170.79,93.06,94.12
2018-02-20,66.18,317.53,101.62,161.53,205.16,199.04,169.44,89.44,99.84
2018-02-21,79.69,346.46,118.2,183.23,166.52,144.54,191.24,101.58,106.7
2018-02-22,64.91,313.47,131.06,194.15,122.51,147.96,218.51,89.49,107.43
2018-02-23,71.15,333.99,125.93,188.84,143.82,159.26,200.22,90.78,107.25
2018-02-24,56.42,349.29,112.47,256.85,89.22,178.2,173.37,90.74,127.26
2018-02-25,33.81,222.46,105.66,250.5,85.13499999999999,240.43,132.12,75.225,115.95
2018-02-26,25.9,156.72,119.73,171.6,81.05,130.66,111.95,59.71,107.74
2018-02-27,30.13,178.51,123.59,136.39,153.78,127.78,140.03,72.7,113.31
2018-02-28,56.03,279.26,139.53,151.74,149.22,127.41,135.15,63.66,116.06
2018-03-01,99.47,256.86,127.04,149.89,128.01,232.78,125.46,68.91,97.0
2018-03-02,116.47,253.32,120.49,138.5,58.27,130.12,96.5,69.71,83.16
2018-03-03,121.49,205.92,122.0,124.78,77.3,124.44,106.4,72.3,77.45
2018-03-04,128.58,182.26,116.74,118.47,57.47,202.58,112.89,92.26,82.67
2018-03-05,94.71,164.74,111.76,133.72,77.37,270.09,65.63,94.17,83.07
2018-03-06,109.19,163.52,104.93,123.68,85.78,116.91,76.99,95.3,103.81
2018-03-07,114.17,178.53,101.89,147.36,153.53,193.53,87.4,91.27,78.95
2018-03-08,125.36,283.57,114.59,96.61,140.04,199.47,74.35,91.55,124.64
2018-03-09,133.95,274.89,120.43,84.41,104.61,146.95,93.2,90.79,113.56
2018-03-10,143.26,171.69,133.3,143.53,90.7,123.73,101.44,89.77,102.46
2018-03-11,123.62,183.74,108.18,142.07,129.74,133.96,93.48,95.27,80.09
2018-03-12,105.52,223.67,96.19,125.83,155.13,214.59,114.52,74.65,75.3
2018-03-13,63.71,245.66,87.82,122.96,157.09,160.38,134.5,41.85,80.85
2018-03-14,85.74,328.98,101.24,123.78,138.73,130.73,149.6,36.01,60.67
2018-03-15,54.8,314.72,103.11,107.78,104.51,167.31,145.77,27.9,63.05
2018-03-16,33.54,256.67,134.44,83.23,81.28,224.71,145.28,32.91,39.94
2018-03-17,33.85,170.16,78.33,175.91,96.19,99.24,110.91,38.78,82.95
2018-03-18,33.52,173.07,71.63,157.14,137.19,129.45,95.43,45.87,80.01
2018-03-19,57.31,197.13,92.55,108.03,144.69,189.85,117.03,40.88,76.09
2018-03-20,70.07,249.2,102.17,106.51,158.03,220.36,102.34,66.78,76.61
2018-03-21,98.38,280.94,118.46,120.63,75.37,255.57,170.32,66.95,96.46
2018-03-22,176.51,176.02,139.34,108.06,57.58,361.07,137.88,58.81,94.25
2018-03-23,136.77,151.45,146.7,139.74,115.7,301.27,99.92,76.01,95.41
2018-03-24,141.77,186.62,149.81,115.06,150.64,167.69,99.02,81.22,77.62
2018-03-25,113.42,190.95,150.7,97.95,136.13,139.75,120.57,84.28,71.26
2018-03-26,94.3,198.67,126.86,114.38,196.39,189.9333333333333,122.38,77.71,81.51
2018-03-27,72.36,256.4,124.78,107.48,200.53,240.11666666666667,193.53,71.97,67.22
2018-03-28,101.135,280.25,113.07,74.44,153.79,290.3,145.62,40.97,60.35
2018-03-29,129.91,217.49,135.91,67.21,137.94,291.66,123.85,61.25,52.51
2018-03-30,126.18,241.13,114.81,75.32,156.9,293.02000000000004,165.81,77.14,52.07
2018-03-31,95.37,292.49,112.36,94.22,175.86,294.38000000000005,128.46,76.18,55.8
2018-04-01,112.89,199.8,89.8,88.07,127.85,295.74000000000007,150.31,64.64,52.92
2018-04-02,96.92,241.96,75.96,87.32,140.89,297.1000000000001,147.7,63.12,52.06
2018-04-03,100.63,252.21,97.31,55.07,164.22,298.46,164.25,67.92,55.96
2018-04-04,106.41,262.69,91.88,69.72,196.48,240.93,159.23,61.69,54.59
2018-04-05,114.6,337.64,86.82,71.41,159.99,183.4,168.6,78.18,45.57
2018-04-06,108.71,231.2,103.01,102.08,131.27,125.87,165.54,72.54,71.75
2018-04-07,109.09,132.97,79.03,82.95,105.54,583.35,130.82,73.04,70.25
2018-04-08,94.63,137.52,61.55,42.92,124.71,478.9775,131.99,45.04,79.5
2018-04-09,67.05,123.41,91.86,89.78,138.44,374.605,114.73,39.62,55.74
2018-04-10,64.9,251.98,97.46,97.93,97.24,270.2325,132.35,35.43,56.77
2018-04-11,63.33,125.53,72.09,69.38,55.1,165.86,107.11,38.12,29.0
2018-04-12,64.13,109.03,79.04,54.98,65.25,84.74,57.9,32.92,35.45
2018-04-13,57.17,196.02,66.21,83.68,99.54,28.06,67.81,30.35,26.39
2018-04-14,60.06,235.01,58.22,55.15,129.54,47.14666666666667,96.36,25.04,33.2
2018-04-15,57.83,258.52,63.54,54.14,140.47,66.23333333333333,114.8,31.97,23.83
2018-04-16,55.0,334.05,103.38,57.66,119.64,85.32000000000001,188.52,32.97,34.11
2018-04-17,61.9,260.67,90.45,85.09,70.01,104.40666666666668,162.73,37.77,27.27
2018-04-18,69.46,256.18,92.25,66.45,100.19,123.49333333333335,155.48,56.12,53.96
2018-04-19,79.33,282.24,118.3,65.64,134.69,142.58,167.26,41.6,27.62
2018-04-20,60.94,385.04,120.61,69.43,63.32,120.66,283.19,37.06,67.21
2018-04-21,84.17,480.07,139.55,83.35,77.96,46.22,476.74,52.84,49.86
2018-04-22,75.88,208.53,110.65,66.29,80.1,83.47999999999999,123.99,53.8,30.54
2018-04-23,60.47,219.94,80.06,107.32,98.84,120.74,109.14,58.59,61.0
2018-04-24,77.31,274.05,95.19,86.19,161.24,140.02,132.15,57.52,91.83
2018-04-25,58.32,313.41,86.24,87.92,167.05,153.75,141.44,52.44,62.52
2018-04-26,,397.1,92.67,81.58,109.9,45.41,167.8,72.46,66.54
2018-04-27,,336.49,99.47,52.24,203.55,52.205,203.97,72.5,38.34
2018-04-28,,316.52,86.22,54.07,148.06,59.0,182.58,68.55,33.83
2018-04-29,,259.12,95.6,69.48,148.89,233.0,181.87,76.45,30.98
2018-04-30,,214.51,106.84,60.54,178.5,407.0,182.6,59.65,64.52
2018-05-01,,165.91,133.09,58.94,201.95,76.4,210.23,53.26,53.85
2018-05-02,,189.28,95.82,127.69,188.97,61.605,224.58,56.07,56.36
2018-05-03,,153.75,86.12,75.02,83.42,46.81,155.74,50.04,39.45
2018-05-04,,123.82,48.18,81.52,117.05,46.7,132.15,55.18,37.71
2018-05-05,,196.76,68.37,72.55,157.78,46.34,148.22,46.4,41.806666666666665
2018-05-06,,290.63,81.65,77.05,121.76,,168.37,30.75,45.90333333333333
2018-05-07,,302.1,93.43,72.27,83.47,,145.71,30.01,50.0
2018-05-08,,177.71,110.15,87.8,81.6,,295.96,27.82,74.4
2018-05-09,,177.76,101.87,81.33,118.73,,148.03,42.75,36.29
2018-05-10,,215.34,74.91,94.77,169.11,,126.26,28.12,43.83
2018-05-11,,315.8,80.97,58.97,198.34,,146.01,28.73,36.29
2018-05-12,,353.5,81.54,64.46,206.81,,155.01,21.4,54.19
2018-05-13,,236.35,76.51,71.82,89.89,,223.93,23.59,42.22
2018-05-14,,137.39,67.84,56.46,113.43,,266.9,24.27,62.11
2018-05-15,,177.03,46.54,87.91,148.68,,202.16,46.65,54.13
2018-05-16,,221.21,90.88,78.44,136.55,,196.66,50.52,55.03
2018-05-17,,288.92,103.29,71.64,196.87,,199.7,33.39,45.09
2018-05-18,124.39,241.99,88.67,89.72,196.78,,153.33,23.2,28.33
2018-05-19,94.78,284.44,136.63,84.06,163.27,,166.85,30.44,103.42
2018-05-20,66.81,228.61,106.87,76.61,106.21,,223.76,24.91,54.42
2018-05-21,58.23,209.67,137.04,73.38,134.46,,143.79,35.89,81.18
2018-05-22,71.88,243.14,108.84,66.39,152.02,,189.57,43.92,41.25
2018-05-23,84.46,324.0,122.16,53.12,112.14,,203.48,45.18,77.6
2018-05-24,65.64,298.07,93.09,50.59,100.81,,168.39,65.82,56.44
2018-05-25,64.28,249.82,108.46,39.54,124.43,,159.11,17.46,66.25
2018-05-26,43.62,263.49,67.93,31.62,126.26,,138.06,44.1,37.35
2018-05-27,52.37,314.96,69.28,43.25,138.75,,196.27,27.03,41.96
2018-05-28,48.38,290.96,76.56,76.72,76.5,,188.11,40.0,44.72
2018-05-29,27.94,312.18,91.62,80.88,61.18,49.8,161.76,41.09,72.18
2018-05-30,38.75,295.94,80.59,106.22,67.01,57.81,190.37,32.33,83.29
2018-05-31,41.38,235.22,83.68,107.24,327.61,65.82000000000001,137.75,42.4,74.79
2018-06-01,60.8,233.97,77.09,102.24,331.54,73.83000000000001,179.51,36.25,84.96
2018-06-02,54.34,154.66,63.45,86.36,179.33,81.84,491.01,27.32,61.1
2018-06-03,29.26,140.21,73.89,121.95,199.98,105.91,219.89,22.6,57.28
2018-06-04,28.86,179.31,64.8,89.52,194.06,144.27,234.51,30.1,72.82
2018-06-05,22.18,152.57,67.42,144.62,208.58,171.14,225.77,37.16,70.21
2018-06-06,27.69,159.45,62.83,84.35,177.555,136.1,191.06,33.78,55.74
2018-06-07,31.71,165.33,25.82,68.43,146.53,148.89,197.39,27.33,31.22
2018-06-08,21.36,196.34,33.87,124.02,175.81,113.36,256.32,43.69,29.24
2018-06-09,26.98,136.75,42.57,83.33,135.11,,101.89,40.67,24.79
2018-06-10,28.7,141.09,32.8,66.84,148.66,,113.8,36.92,35.39
2018-06-11,34.25,218.14,55.94,87.54,175.01,,152.0,43.69,47.81
2018-06-12,48.19,497.9,88.06,100.2,260.67,,248.63,53.74,57.11
2018-06-13,48.59,743.98,89.47,136.51,340.65,,361.08,39.6,68.27
2018-06-14,35.64,761.91,92.58,148.5,917.08,,324.0,28.3,103.88
2018-06-15,33.51,613.34,86.25,188.11,802.87,160.53,216.17,30.9,107.31
2018-06-16,43.59,516.85,63.65,173.25,401.62,,158.06,28.76,69.96
2018-06-17,42.66,289.18,66.18,141.61666666666667,215.18,,130.08,31.95,78.11
2018-06-18,100.6,166.71,48.97,109.98333333333332,183.02,,239.87,38.2,68.72
2018-06-19,100.12,152.06,29.85,78.35,171.73,,125.66,63.21,55.59
2018-06-20,73.69,201.22,26.79,129.48,152.49,,99.87,49.12,59.46
2018-06-21,76.66,273.16,33.35,106.31,120.27,,198.31,44.95,55.66
2018-06-22,79.08,247.55,45.55,74.19,150.34,,145.43,45.68,50.06
2018-06-23,55.83,242.29,34.46,97.3,154.91,,143.46,44.56,43.47
2018-06-24,73.73,163.89,37.87,95.68,120.52,,116.5,25.55,45.11
2018-06-25,70.62,155.61,41.38,113.06,174.24,,93.53,41.84,60.89
2018-06-26,56.97,92.12,41.54,101.23,229.22,,80.01,39.79,48.26
2018-06-27,42.25,111.4,46.04,113.38,85.39,,70.62,39.18,54.97
2018-06-28,34.44,71.42,50.36,70.27,46.12,,45.71,34.99,33.5
2018-06-29,44.86,84.12,57.2,84.65,40.21,,50.54,38.49,49.43
2018-06-30,65.8,103.75,57.03,79.51,72.24,,66.1,35.9,49.14
2018-07-01,64.03,97.81,39.49,91.28,89.71,,127.94,33.89,46.59
2018-07-02,55.13,122.23,42.25,79.9,96.36,,92.06,34.53,41.99
2018-07-03,62.68,109.65,41.16,86.26,42.27,99.28,64.43,43.26,38.79
2018-07-04,71.37,113.75,58.87,102.52,49.28,49.82,75.61,42.32,69.33
2018-07-05,74.52,133.6,40.07,91.04,75.99,65.94,132.67,40.65,48.97
2018-07-06,58.91,163.19,48.6,71.62,119.11,159.22,164.14,46.16,41.01
2018-07-07,38.84,158.13,51.43,101.2,109.11,113.33,171.89,44.91,32.02
2018-07-08,42.49,179.05,45.9,80.16,92.76,96.66,174.4,36.83,26.94
2018-07-09,56.44,169.96,36.37,88.43,87.53,81.75,169.73,29.21,38.25
2018-07-10,52.63,112.45,44.03,82.39,68.71,86.9,125.02,27.82,38.17
2018-07-11,53.13,102.39,45.74,84.57,46.52,100.95,82.22,36.89,30.98
2018-07-12,51.19,127.08,16.09,70.56,55.76,98.9,82.09,39.8,25.24
2018-07-13,47.82,61.6,26.26,82.2,33.03,89.74,55.56,46.58,30.86
2018-07-14,60.54,70.35,40.97,84.99,45.5,66.96,59.32,36.38,29.97
2018-07-15,63.33,78.42,39.28,49.03,41.26,69.66,41.93,21.69,26.62
2018-07-16,47.19,83.03,20.0,99.19,47.3,69.45,52.99,26.23,24.01
2018-07-17,53.45,84.78,26.59,74.76,41.49,59.99,49.09,27.05,28.62
2018-07-18,56.14,97.11,36.01,82.04,53.83,88.62,62.93,41.07,41.47
2018-07-19,43.02,83.54,38.34,58.77,53.06,112.81,50.27,35.93,49.26
2018-07-20,41.94,80.33,32.59,67.82,65.56,116.51,73.79,46.7,35.5
2018-07-21,52.67,95.93,51.45,59.59,60.21,68.22,58.65,62.76,47.61
2018-07-22,67.89,47.63,54.49,91.42,27.13,49.91,51.94,58.53,50.6
2018-07-23,51.56,69.73,53.6,138.91,40.44,52.53,58.85,65.29,62.29
2018-07-24,50.14,94.8,44.78,137.9,48.14,74.82,56.67,43.0,56.44
2018-07-25,44.75,80.13,53.74,128.51,51.05,83.12,74.65,34.25,68.97
2018-07-26,55.87,57.98,42.62,150.92,31.86,61.97,154.02,40.29,82.27
2018-07-27,64.9,35.79,43.56,127.79,29.2,50.86,137.81,46.1,46.76
2018-07-28,64.54,67.2,55.98,108.84,28.23,91.23,115.76,54.71,80.26
2018-07-29,57.53,116.89,74.2,127.5,38.77,120.11,122.45,50.25,76.32
2018-07-30,65.5,122.86,84.97,157.0,49.86,179.33,107.31,37.53,98.01
2018-07-31,67.39,165.4,66.84,163.0,59.9,86.95,139.8,25.9,112.48
2018-08-01,68.6,195.09,75.6,239.38,63.84,86.96,178.41,39.67,91.71
2018-08-02,68.41,268.29,76.03,109.01,61.34,70.68,191.11,36.35,51.48
2018-08-03,71.35,248.8,101.48,165.01,147.2,77.32,187.2,37.27,70.1
2018-08-04,94.02,264.97,76.16,166.88,127.95,135.24,173.12,42.58,75.21
2018-08-05,81.19,246.89,55.76,115.41,83.64,191.13,164.36,33.81,80.0
2018-08-06,66.31,131.76,71.45,140.55,47.79,120.67,133.34,28.54,72.48
2018-08-07,59.59,110.19,55.72,83.09,19.9,109.67,113.08,30.15,52.91
2018-08-08,43.88,76.04,46.48,82.99,18.23,104.7,92.53,25.2,40.15
2018-08-09,55.07,91.15,37.67,109.74,19.99,109.37,54.06,39.6,57.71
2018-08-10,59.31,115.63,41.09,107.32,38.43,119.04,75.27,27.55,28.72
2018-08-11,46.24,98.26,29.84,71.82,38.21,117.11,82.0,31.22,19.96
2018-08-12,35.22,83.58,28.35,49.71,65.08,117.12,76.2,29.91,15.83
2018-08-13,39.72,106.03,24.68,49.8,47.75,147.82,98.64,31.66,16.42
2018-08-14,31.87,126.7,46.65,82.02,35.59,118.01,106.87,28.88,20.5
2018-08-15,36.24,117.21,68.81,96.845,31.42,116.96,174.59,42.0,45.04
2018-08-16,38.58,88.06,10.87,111.67,61.22,97.55,63.99,34.43,23.71
2018-08-17,52.28,80.82,46.57,69.31,50.07,115.41,50.48,27.58,24.61
2018-08-18,65.73,77.4,41.14,68.96,28.55,163.25,59.66,28.14,32.52
2018-08-19,52.97,96.0,34.82,52.3,24.03,194.13,54.67,30.3,14.17
2018-08-20,67.41,125.39,31.47,53.92,39.04,91.71,63.08,39.35,22.96
2018-08-21,77.55,77.56,23.02,48.4,37.9,85.73,74.71,44.17,27.28
2018-08-22,74.0,74.91,29.62,67.02,43.11,111.4,72.22,46.05,7.8
2018-08-23,52.66,73.3,38.94,71.25,30.87,129.96,54.46,43.2,32.62
2018-08-24,60.28,88.0,56.52,39.0,47.04,143.75,66.95,50.41,40.74
2018-08-25,75.89,82.69,55.37,93.42,55.11,152.22,66.07,42.72,60.26
2018-08-26,60.03,77.21,45.18,94.87,63.18,146.81,89.44,39.71,43.47
2018-08-27,64.68,56.62,40.27,96.32,71.25,93.89,121.42,37.14,23.92
2018-08-28,63.28,58.76,45.72,108.88,92.29,102.98,184.45,24.86,43.47
2018-08-29,49.08,65.58,64.42,133.73,99.16,99.33,81.65,33.98,57.46
2018-08-30,66.23,95.47,82.96,110.32,73.84,146.37,142.72,41.24,81.89
2018-08-31,57.18,152.29,75.11,125.77,86.23,146.62,108.97,47.25,69.22
2018-09-01,78.59,110.35,71.26,84.6,74.16,123.14,82.3,56.07,62.75
2018-09-02,69.2,80.4,47.92,99.71,48.94,100.79,58.8,52.38,76.16
2018-09-03,73.19,72.38,39.37,104.47,36.88,67.46,52.13,50.48,78.68
2018-09-04,81.02,105.56,66.88,101.34,39.17,106.0,75.55,51.27,86.08
2018-09-05,77.04,101.8,87.39,91.6,64.29,88.89,125.37,55.46,71.36
2018-09-06,71.56,138.52,83.21,133.49,82.86,84.94,111.45,52.45,81.43
2018-09-07,66.34,87.03,79.97,105.99,56.13,67.82,84.08,45.48,101.05
2018-09-08,47.45,72.63,55.67,134.82,24.89,121.14,66.71,43.17,89.38
2018-09-09,56.66,56.92,91.9,165.7,34.62,,36.25,47.03,80.66499999999999
2018-09-10,72.52,83.98,94.94,123.99,43.28,,69.66,50.89,71.95
2018-09-11,79.46,78.11,66.55,100.31,42.87,,81.34,60.76,75.5
2018-09-12,73.31,103.27,53.38,114.28,47.01,,86.86,67.26,82.62
2018-09-13,76.26,115.88,77.55,109.78,84.37,,86.72,68.99,66.97
2018-09-14,76.6,113.92,85.86,117.69,44.41,,93.5,72.04,67.4
2018-09-15,56.2,125.81,89.53,147.66,36.96,,96.66,64.05,69.39
2018-09-16,55.34,131.43,89.05,192.29,41.76,,95.56,43.68,59.3
2018-09-17,49.62,157.59,61.65,79.99,56.83,,105.2,43.82,49.21
2018-09-18,64.1,165.11,63.97,104.04,67.86,,108.36,35.01,34.83
2018-09-19,69.15,175.12,84.63,129.97,81.95,,125.88,39.68,52.84
2018-09-20,74.65,185.23,97.71,105.67,88.29,,131.03,32.57,80.97
2018-09-21,81.33,112.51,78.9,74.29,73.77,,152.06,60.69,71.42
2018-09-22,80.93,46.36,58.1,71.96,33.3,,42.51,56.28,50.33
2018-09-23,75.04,54.77,62.49,101.61,10.81,,29.29,30.23,50.18
2018-09-24,56.12,35.84,68.68,77.84,17.01,159.15,49.27,29.76,50.51
2018-09-25,63.24,49.41,86.95,79.11,27.65,,119.84,45.89,60.44
2018-09-26,76.66,108.67,107.41,104.24,84.37,,148.79,47.71,45.81
2018-09-27,72.24,171.42,78.57,92.5,93.59,,137.69,41.11,37.31
2018-09-28,77.69,214.66,99.06,55.55,94.38,,133.41,45.3,34.75
2018-09-29,64.18,230.62,107.62,86.03,43.79,,204.24,27.84,41.04
2018-09-30,62.82,155.26,129.23,119.12,84.29,,169.67,35.57,42.61
2018-10-01,66.61,177.08,122.8,125.23,119.97,,120.65,43.0,37.07
2018-10-02,51.79,185.21,80.37,137.38,130.41,,130.6,31.2,30.1
2018-10-03,52.6,177.17,79.0,104.29,134.54,204.97,117.24,34.18,41.43
2018-10-04,46.9,235.14,85.85,141.49,79.33,305.39,86.8,29.82,39.67
2018-10-05,40.41,270.61,103.38,154.36,65.32,342.4,103.51,39.69,56.44
2018-10-06,42.0,199.37,136.25,181.76,95.99,315.84,118.1,50.39,109.35
2018-10-07,69.05,221.03,139.95,155.0,194.56,310.64,112.71,24.47,163.06
2018-10-08,96.04,279.23,144.33,122.81,154.77,343.78,104.33,26.54,122.89
2018-10-09,91.63,263.89,146.71,126.5,87.81,362.61,118.42,26.27,184.84
2018-10-10,109.21,256.14,150.65,93.9,132.12,358.43,149.94,34.46,172.08
2018-10-11,147.26,208.39,148.36,137.83,152.34,105.58,164.77,50.68,157.38
2018-10-12,151.57,172.04,132.24,110.35,152.55,134.55,135.2,67.44,122.69
2018-10-13,158.69,264.13,130.27,118.55,211.81,134.45,129.21,63.53,116.44
2018-10-14,100.3,217.12,111.45,99.35,271.06,127.22,175.48,52.64,102.6
2018-10-15,88.52,280.24,107.55,100.07,228.06,253.6,143.41,53.57,76.61
2018-10-16,94.07,342.5,90.41,83.99,125.47,379.98,156.8,35.04,72.03
2018-10-17,51.83,323.31,53.89,89.9,121.94,286.64,128.48,28.26,48.93
2018-10-18,55.23,337.98,57.72,164.46,106.02,293.44,147.49,30.33,75.794
2018-10-19,61.94,313.84,80.57,209.56,112.9,283.64,147.93,30.94,102.658
2018-10-20,86.65,328.13,128.56,187.53,85.78,222.86,136.15,28.76,129.522
2018-10-21,122.86,294.36,131.27,213.95,143.94,292.8,181.3,24.47,156.386
2018-10-22,132.8,274.68,144.33,250.11,182.15,397.63,113.03,31.72,183.25
2018-10-23,123.18,302.16,139.91,249.15,144.84,379.78,108.54,33.12,155.98
2018-10-24,111.41,384.46,125.13,226.33,184.57,262.56,121.51,56.61,130.58
2018-10-25,121.55,368.33,124.74,198.9,106.31,258.84,123.68,72.5,125.33
2018-10-26,123.42,396.01,123.62,123.25,120.38,299.21,131.48,94.45,128.8
2018-10-27,112.7,408.94,145.22,208.22,138.69,267.77,137.79,116.25,167.05
2018-10-28,96.1,375.23,134.88,107.47,130.79,254.9,151.56,96.05,119.1
2018-10-29,101.84,427.06,130.4,70.48,175.25,278.32,172.78,84.26,115.41
2018-10-30,109.55,459.45,121.32,72.83,171.82,192.25,168.18,90.58,125.68
2018-10-31,106.07,405.94,120.91,49.88,143.96,227.19,192.07,83.3,65.58
2018-11-01,66.49,416.97,109.17,32.91,306.18,268.34,159.56,68.11,37.38
2018-11-02,56.53,373.61,76.12,36.49,87.84,295.6,139.07,77.95,53.23
2018-11-03,63.23,298.85,59.8,29.02,139.29,300.9,111.45,27.28,38.49
2018-11-04,77.72,179.85,48.95,28.92,102.81,338.4,155.07,45.52,36.56
2018-11-05,90.86,500.01,68.87,38.83,106.09,320.33,96.51,78.08,68.71
2018-11-06,116.55,312.87,94.97,89.68,90.9,314.2,143.3,86.88,64.84
2018-11-07,107.56,300.54,103.16,160.09,213.3,429.17,147.91,65.46,71.27
2018-11-08,108.02,509.73,109.93,196.15,215.67,466.99,228.55,73.19,97.64
2018-11-09,98.45,440.76,125.75,108.47,112.53,330.12,256.31,60.82,111.28
2018-11-10,88.44,447.4,136.07,160.33,157.76,365.35,243.42,53.9,115.5
2018-11-11,101.12,425.12,129.81,141.5,178.25,339.24,171.85,54.12,129.41
2018-11-12,120.24,464.28,148.54,157.27,96.43,388.77,171.55,63.39,164.24
2018-11-13,130.84,441.43,150.01,120.8,129.04,396.72,193.07,59.67,173.47
2018-11-14,143.53,225.77,159.01,131.34,121.76,488.67,120.91,87.3,160.66
2018-11-15,105.52,175.95,140.37,108.41,111.3,454.92,179.8,104.39,93.11
2018-11-16,59.99,230.56,115.57,111.88,142.45,511.008,180.6,73.44,43.67
2018-11-17,96.6,255.42,59.77,138.21,205.11,567.096,171.56,76.59,48.0
2018-11-18,83.45,313.67,50.4,97.11,152.6,623.184,132.79,64.32,46.57
2018-11-19,61.66,319.12,61.77,88.83,128.53,679.2719999999999,123.11,47.35,66.67
2018-11-20,67.23,374.77,112.36,94.72,139.23,735.36,145.57,35.46,100.01
2018-11-21,71.11,349.54,139.98,,147.22,469.99,160.78,36.16,100.82
2018-11-22,39.52,292.92,137.89,,162.8,326.64,144.07,48.44,112.7
2018-11-23,50.78,331.22,147.11,,102.86,336.19,168.41,49.24,112.5
2018-11-24,93.05,223.33,155.13,,100.78,322.36,159.27,37.35,107.69
2018-11-25,106.53,268.83,149.67,,152.57,397.89,193.58,44.34,183.0
2018-11-26,119.7,362.41,150.75,,142.12,458.18,139.42,85.65,183.15
2018-11-27,137.9,378.23,152.94,,154.01,456.38,132.45,112.18,190.73
2018-11-28,112.2,356.12,155.16,,140.32,369.99,150.3,119.12,152.44
2018-11-29,86.54,363.12,153.14,,144.93,373.13,159.61,108.14,97.29
2018-11-30,79.92,340.56,145.96,101.29,139.7,354.37,171.07,58.17,154.02
2018-12-01,83.54,297.66,147.06,120.39,140.07,389.15,177.14,70.75,159.49
2018-12-02,68.25,331.5,145.82,127.95,93.07,388.47,159.49,72.64,125.4
2018-12-03,69.43,356.2,145.29,135.51,123.95,350.58,154.57,69.66,129.57
2018-12-04,74.27,393.74,147.65,143.07,168.2,410.45,135.66,90.86,143.69
2018-12-05,64.2,345.32,118.13,148.52,137.47,639.27,147.49,74.59,137.58
2018-12-06,81.35,395.33,111.3,154.93,156.56,417.79,148.21,61.3,139.02
2018-12-07,150.02,353.86,92.8,160.54000000000002,141.24,330.05,128.71,53.63,155.25
2018-12-08,98.66,358.72,122.93,166.15,153.63,419.81666666666666,131.45,47.04,172.67
2018-12-09,110.14,388.23,131.2,180.89,162.47,509.5833333333333,142.75,85.48,170.04
2018-12-10,137.41,453.77,132.25,155.66,121.13,599.35,145.21,114.52,162.72
2018-12-11,177.97,461.98,145.09,141.28,52.99,528.33,132.43,124.33,160.83
2018-12-12,142.62,327.23,134.84,122.47,76.5,493.89,95.9,115.19,163.9
2018-12-13,103.83,162.44,123.7,135.92,78.62,488.84,80.8,90.71,160.28
2018-12-14,84.47,196.85,119.8,144.93,100.62,499.41,74.59,73.69,164.19
2018-12-15,81.06,211.8,134.26,168.15,84.08,301.18,80.6,89.85,174.31
2018-12-16,109.67,252.01,149.24,107.74,120.8,343.44,184.78,90.91,137.52
2018-12-17,140.52,322.5,95.42,42.28,138.56,266.98,97.21,85.65,22.54
2018-12-18,181.41,339.38,34.08,24.42,163.05,117.61,114.26,110.35,19.98
2018-12-19,132.37,351.7,62.25,26.8,181.02,268.12,196.71,116.95,33.04
2018-12-20,105.66,429.33,93.15,46.15,126.56,493.13,188.66,102.92,69.23
2018-12-21,106.8,403.18,107.95,76.9,125.74,373.4,192.65,103.17,84.99
2018-12-22,93.24,502.83,139.71,97.28,138.1,519.85,142.72,106.69,81.9
2018-12-23,86.46,560.68,138.69,132.35,166.81,384.85,124.86,60.51,121.25
2018-12-24,85.68,546.59,154.46,141.81,141.23,249.85,133.18,60.48,142.65
2018-12-25,102.48,399.37,149.61,197.54,152.5,371.665,133.25,52.33,135.61
2018-12-26,100.47,366.1,119.15,193.27,178.86,493.48,142.13,69.44,114.53
2018-12-27,107.8,453.45,134.16,195.18,160.38,378.14,160.86,81.17,87.25
2018-12-28,111.01,387.84,138.43,179.35,155.08,296.7,150.5,79.04,127.1
2018-12-29,106.31,399.14,140.93,137.85,218.44,357.16,175.54,85.51,145.06
2018-12-30,100.07,503.99,142.41,116.5,175.0,362.09,173.96,83.14,154.73
2018-12-31,107.44,494.51,136.91,147.92,186.41,413.78,184.89,99.05,136.71
2019-01-01,107.76,461.02,143.42,278.71,205.42,484.34,212.37,99.86,140.9
2019-01-02,92.47,515.72,153.99,265.78,171.98,422.12,190.06,98.66,189.28
2019-01-03,96.42,519.34,146.69,285.83,100.89,502.23,167.25,92.79,230.27
2019-01-04,105.52,388.79,158.34,244.16,76.48,559.79,140.16,80.7,187.83
2019-01-05,99.1,411.49,140.13,170.85,62.82,599.3,130.37,85.2,196.3
2019-01-06,105.51,254.66,153.78,199.8,32.35,500.88,173.96,79.36,184.73
2019-01-07,116.5,283.88,157.71,250.09,55.75,549.21,108.94,91.32,215.5
2019-01-08,106.76,242.02,165.61,297.86,61.97,331.19,154.85,93.45,219.63
2019-01-09,113.27,238.94,164.93,285.72,88.8,278.74,144.19,104.01,225.75
2019-01-10,108.49,278.87,161.34,227.11,102.22,200.64,145.13,92.53,198.47
2019-01-11,111.13,432.2,143.85,161.56,159.89,242.69,109.93,99.11,193.4
2019-01-12,121.91,465.89,146.0,203.73,115.98,262.83,148.73,102.28,157.03
2019-01-13,99.59,403.32,120.93,206.55,61.73,300.54,151.52,95.19,146.49
2019-01-14,110.39,173.94,132.9,306.16,73.28,297.14,118.65,110.44,172.92
2019-01-15,86.88,229.1,145.13,269.04,114.7,156.89,144.21,105.47,182.65
2019-01-16,99.49,424.07,150.46,185.07,163.27,175.15,145.41,116.02,159.44
2019-01-17,120.55,519.49,156.89,213.54,148.01,199.94,174.82,97.88,174.01
2019-01-18,118.41,364.61,154.77,253.02,82.02,192.38,199.04,118.3,163.17
2019-01-19,102.34,402.21,159.37,228.39,11.43,204.44,204.21,112.76,173.27
2019-01-20,82.67,478.43,148.16,267.76,54.85,222.39,139.62,120.86,159.1
2019-01-21,99.24,289.4,129.97,283.17,35.71,218.59,136.56,114.98,141.29
2019-01-22,136.15,72.61,93.9,254.44,25.17,288.67,84.68,95.33,165.55
2019-01-23,121.85,211.71,106.81,137.7,29.31,228.51,104.94,107.83,117.55
2019-01-24,109.76,218.93,112.52,233.08,71.3,218.6,120.1,108.97,108.94
2019-01-25,87.96,136.43,80.89,198.95,119.03,191.07,128.72,90.38,63.23
2019-01-26,101.59,169.32,62.98,56.4,98.2,180.63,89.54,81.14,40.61
2019-01-27,87.62,217.45,74.22,129.08,73.32,113.37,94.5,72.21,49.07
2019-01-28,73.19,212.42,104.9,138.65,104.54,120.12,115.61,72.15,70.71
2019-01-29,62.01,235.85,114.66,127.43,94.19,107.66,109.38,59.82,87.78
2019-01-30,92.31,334.21,118.88,117.96,114.9,145.37,116.55,67.14,99.22
2019-01-31,94.63,335.07,121.95,106.17,52.12,234.17,90.54,65.93,137.17
2019-02-01,99.62,265.65,115.34,106.93,50.39,216.22,127.06,71.48,111.15
2019-02-02,96.87,266.3,117.17,212.2,68.34,184.04,126.12,79.06,128.56
2019-02-03,87.56,209.41,107.15,245.56,88.1,203.47,136.68,64.31,129.54
2019-02-04,70.95,248.49,115.35,144.15,156.16,181.49,122.01,74.89,129.76
2019-02-05,82.59,408.32,120.36,243.2,154.64,174.35,132.47,69.57,146.56
2019-02-06,115.27,270.92,130.57,275.41,113.3,189.46,116.91,57.39,142.46
2019-02-07,117.29,107.83,110.45,278.92,60.92,243.09,138.74,72.17,125.82
2019-02-08,108.3,156.6,133.58,221.69,53.32,211.96,130.76,85.64,96.18
2019-02-09,123.42,165.94,157.47,140.91,73.1,116.84,114.07,85.04,128.56
2019-02-10,93.13,255.47,162.47,132.51999999999998,152.76,135.09,119.98,59.82,148.8
2019-02-11,78.53,304.98,119.01,124.13,133.64,158.19,103.34,60.12,119.5
2019-02-12,88.06,357.36,119.19,126.53,138.2,153.71,103.97,64.67,121.81
2019-02-13,92.86,336.99,137.41,124.4,132.69,188.76,100.35,73.93,142.17
2019-02-14,84.87,237.08,128.51,178.56,84.07,184.48,93.74,82.9,130.91
2019-02-15,92.27,194.76,86.91,94.34,45.69,162.28,112.12,78.98,101.22
2019-02-16,98.49,181.64,103.18,138.24,73.44,38.27,79.48,65.73,64.61
2019-02-17,108.7,180.93,94.43,109.68,130.3,72.82,98.3,64.89,58.96
2019-02-18,104.51,215.05,136.33,100.88,46.79,105.56,125.28,61.82,72.77
2019-02-19,98.5,229.75,113.45,71.67,54.23,197.98,152.36,57.21,63.36
2019-02-20,79.97,185.4,79.95,86.76,81.97,184.17,105.01,67.65,66.4
2019-02-21,92.9,178.07,89.56,115.7,41.67,187.59,110.79,50.94,95.79
2019-02-22,101.4,147.86,107.69,118.58,64.08,231.32,85.23,54.29,106.73
2019-02-23,113.03,115.07,133.36,128.17,90.57,138.7,77.06,60.73,149.98
2019-02-24,97.06,161.89,104.32,144.36,141.48,119.52,97.62,58.6,121.35
2019-02-25,96.15,172.59,119.44,165.39,144.54,72.1,99.75,68.04,80.8
2019-02-26,101.91,120.3,136.81,169.83,75.43,106.55,86.36,68.32,52.83
2019-02-27,94.03,91.52,126.1,128.70666666666668,79.37,73.18,90.05,67.47,39.26
2019-02-28,111.32,180.46,127.96,87.58333333333334,80.11,62.61,82.02,74.96,49.94
2019-03-01,125.3,181.26,129.12,46.46,122.07,86.86,93.01,88.46,59.54
2019-03-02,95.38,182.54,72.5,52.28,52.76,140.36,95.81,68.2,51.79
2019-03-03,92.75,105.16,68.92,69.05,42.71,152.5,92.74,63.12,54.86
2019-03-04,100.96,180.84,95.61,87.02,56.26,127.69,104.75,69.4,52.32
2019-03-05,112.83,135.4,160.94,91.01,82.52,145.5,76.61,58.71,76.9
2019-03-06,116.45,168.32,160.54,111.52,113.27,139.63,88.21,67.2,116.27
2019-03-07,158.87,212.7,166.23,93.77,125.2,84.04,98.3,178.24,87.51
2019-03-08,141.49,199.28,154.68,81.68,82.82,105.21,86.8,126.39,53.9
2019-03-09,114.17,162.18,118.38,96.17,67.05,137.38,109.92,86.59,59.01
2019-03-10,85.59,163.8,108.68,75.6,106.6,206.88,78.2,60.76,47.74
2019-03-11,79.55,205.43,95.23,93.11,63.42,159.49,106.43,70.94,50.79
2019-03-12,108.89,129.4,105.87,123.07,77.26,166.13,113.73,72.46,90.58
2019-03-13,120.17,231.19,112.41,133.44,115.62,228.18,112.89,96.27,104.04
2019-03-14,116.74,217.74,110.33,159.08,78.65,129.63,103.28,87.99,129.33
2019-03-15,110.46,144.35,121.89,116.19,71.85,95.48,69.78,85.38,124.06
2019-03-16,118.8,140.6,110.0,95.94,68.04,71.28,97.93,88.36,101.35
2019-03-17,104.35,184.01,95.18,105.79,112.38,110.17,90.2,87.18,93.9
2019-03-18,99.47,202.01,102.44,79.98,116.4,68.99,88.88,72.39,69.14
2019-03-19,94.23,227.07,74.26,100.66,113.04,111.43,95.8,65.23,53.31
2019-03-20,91.98,237.61,94.54,72.87,55.69,129.0,113.06,62.21,49.43
2019-03-21,94.78,197.17,90.51,66.43,59.79,136.87,120.22,59.9,43.12
2019-03-22,96.39,119.87,86.97,115.06,66.44,90.59,94.58,61.19,53.08
2019-03-23,102.51,138.56,111.13,105.29,82.51,93.14,87.27,64.78,64.65
2019-03-24,93.06,133.47,118.89,108.14,66.96,141.18,116.74,59.02,48.09
2019-03-25,105.51,150.34,117.86,89.98,85.3,159.38,109.51,65.3,46.96
2019-03-26,112.26,169.16,123.44,64.93,97.35,205.23,78.85,67.23,51.83
2019-03-27,121.14,186.49,115.06,76.36,143.79,114.83,93.5,67.02,60.54
2019-03-28,129.96,260.26,136.99,93.56,127.89,150.68,110.43,75.77,70.3
2019-03-29,129.31,257.27,146.25,102.51,113.95,181.61,134.35,75.12,65.16
2019-03-30,123.2,238.99,140.7,104.69,106.94,149.61,125.59,85.28,60.07
2019-03-31,107.85,177.53,137.92,133.71,67.71,117.61,121.18,81.64,72.26
2019-04-01,110.5,170.14,115.93,133.41,95.73,85.61,96.36,79.24,70.85
2019-04-02,123.38,211.47,119.4,103.06,120.11,112.2,93.61,82.12,62.5
2019-04-03,120.13,206.04,116.3,89.44,94.69,169.61,106.73,81.81,45.07
2019-04-04,108.63,270.77,104.02,103.61,111.23,124.63,113.56,50.68,39.04
2019-04-05,108.25,281.53,84.24,77.64,139.75,112.16,162.11,44.72,50.84
2019-04-06,112.08,303.71,80.2,109.5,167.42,105.36,135.7,50.03,63.47
2019-04-07,103.64,355.22,79.56,85.39,72.15,72.37,224.38,66.82,55.83
2019-04-08,94.86,280.23,85.8,79.8,94.52,71.88,473.02,71.05,34.05
2019-04-09,90.8,225.5,99.2,81.76,129.01,101.85,161.64,67.66,38.77
2019-04-10,107.04,247.53,105.98,99.18,112.19,90.02,149.74,62.29,36.76
2019-04-11,113.7,204.19,73.52,98.125,81.89,129.73,157.93,59.77,33.28
2019-04-12,109.0,217.0,98.89,97.07,83.38,116.52,368.18,65.59,43.11
2019-04-13,98.37,175.93,82.36,106.57,85.15,116.8,129.76,60.17,89.0
2019-04-14,89.76,168.11,102.32,85.16,90.03,103.33,116.91,60.55,50.12
2019-04-15,92.14,187.59,97.74,107.04,122.91,126.33,183.47,54.56,68.9
2019-04-16,94.39,186.75,111.85,120.82,105.68,143.92,132.07,51.86,81.59
2019-04-17,97.64,62.49,87.34,116.16,54.33,255.49,48.73,56.55,91.22
2019-04-18,72.34,91.55,109.83,102.2,60.62,94.13,61.5,44.77,57.8
2019-04-19,63.83,155.39,67.2,68.45,81.48,69.51,83.64,42.03,37.66
2019-04-20,73.46,193.76,60.36,73.93,96.05,73.45,84.96,32.47,36.94
2019-04-21,69.39,219.06,59.67,86.99,125.99,113.98,99.17,28.21,35.42
2019-04-22,92.48,255.31,61.15,78.81,147.5,81.89,132.85,41.85,75.6
2019-04-23,77.31,277.28,83.12,68.03,130.58,75.39,159.44,28.42,132.02
2019-04-24,85.7,262.58,81.6,60.43,150.77,93.85,147.99,40.08,59.05
2019-04-25,109.49,274.39,98.68,114.06,76.91,70.53,183.88,44.12,84.5
2019-04-26,109.42,244.21,116.45,120.33,79.67,91.32,226.52,53.12,79.71
2019-04-27,123.11,301.82,134.45,96.85,110.87,113.19,135.05,59.62,70.68
2019-04-28,117.36,285.73,112.97,104.1,151.49,162.53,158.98,59.02,46.14
2019-04-29,108.27,274.83,98.53,65.88,131.1,233.79,156.09,56.52,40.82
2019-04-30,94.01,284.13,101.79,52.79,135.19,106.54,140.33,49.07,60.71
2019-05-01,74.84,323.97,111.66,50.34,95.71,60.46,160.14,49.94,93.8
2019-05-02,102.47,282.83,141.06,55.1,110.64,40.09,186.04,87.96,111.93
2019-05-03,95.06,149.1,146.83,198.42,80.8,44.95,127.27,103.25,211.34
2019-05-04,116.59,196.87,123.19,180.09,100.92,34.07,102.97,100.42,163.62
2019-05-05,110.84,249.97,126.81,220.1,145.44,61.33,123.61,97.18,152.97
2019-05-06,106.65,295.84,135.12,216.54,118.65,119.83,138.44,110.95,136.76
2019-05-07,87.52,378.89,152.18,194.4,129.11,154.78,190.08,88.32,138.9
2019-05-08,81.91,415.23,152.96,183.91,110.82,179.52,253.87,67.7,155.58
2019-05-09,94.86,414.7,139.1,188.33,144.68,191.75,249.34,64.57,112.93
2019-05-10,93.68,320.44,139.05,171.44,176.04,196.25,116.66,56.44,114.79
2019-05-11,93.84,289.05,136.64,163.64,135.68,191.93,126.72,54.42,98.4
2019-05-12,93.08,503.28,95.62,147.05,76.21,153.82,263.62,48.58,122.0
2019-05-13,86.2,351.28,108.46,168.58,142.79,160.09,109.65,44.81,103.71
2019-05-14,88.8,124.28,105.12,122.82,63.95,71.3,104.64,44.75,102.09
2019-05-15,81.23,191.04,110.8,113.4,135.22,86.04,345.65,45.92,88.79
2019-05-16,93.74,218.38,102.17,130.06,70.38,49.95,272.87,58.16,95.91
2019-05-17,91.59,316.4,123.1,127.26,96.81,94.92,288.94,65.88,96.34
2019-05-18,118.1,106.51,144.54,139.76,61.91,94.62,72.58,55.7,89.42
2019-05-19,101.63,162.83,158.9,124.52,105.25,78.92,89.54,46.85,94.6
2019-05-20,105.55,218.72,124.74,105.97,95.69,71.05,105.8,62.22,78.4
2019-05-21,93.68,194.58,114.83,117.35,98.1,71.57,113.58,72.77,74.2
2019-05-22,84.74,201.27,94.33,120.24,114.75,60.69,95.82,64.09,85.04
2019-05-23,97.98,230.0,111.01,103.66,93.26,53.47,92.55,51.78,76.95
2019-05-24,75.5,117.66,92.55,104.97,62.35,61.22,111.48,31.31,84.57
2019-05-25,71.31,118.65,128.82,123.66,55.39,69.58,84.22,29.58,98.75
2019-05-26,49.25,136.58,144.06,131.82,75.58,78.025,98.64,34.61,99.45
2019-05-27,59.78,172.68,124.03,127.6,71.02,86.47,120.86,52.68,86.09
2019-05-28,84.93,183.77,128.79,117.65,79.34,92.21,88.86,77.25,77.21
2019-05-29,62.28,202.75,148.7,112.15,101.54,51.11,110.77,76.55,82.24
2019-05-30,77.36,246.05,120.31,103.26,130.38,62.5,113.74,78.76,79.78
2019-05-31,60.85,337.77,107.63,107.98,132.32,66.2,129.06,49.86,75.96
2019-06-01,64.19,298.35,95.7,106.33,141.53,38.08,126.37,54.8,99.66
2019-06-02,64.72,219.79,127.37,137.62,120.56,76.4,135.33,35.77,90.61
2019-06-03,42.09,300.7,71.14,101.8,181.11,314.52,179.22,37.15,73.42
2019-06-04,61.65,171.58,54.95,113.64,123.69,,231.37,29.82,104.78
2019-06-05,56.09,208.72,92.7,126.08,115.44,,212.32,27.21,84.55
2019-06-06,51.53,236.45,104.77,123.12,88.35,,132.26,45.83,59.22
2019-06-07,56.96,152.39,68.55,127.45,68.81,,165.0,33.76,57.48
2019-06-08,53.47,187.62,65.33,118.95,97.33,,111.22,25.46,71.15
2019-06-09,39.84,265.12,67.58,133.27,86.77,,106.15,24.78,66.47
2019-06-10,25.87,233.49,54.49,116.44,95.14,,148.37,23.83,63.59
2019-06-11,30.88,487.77,38.63,113.19,146.22,,112.71,,48.33
2019-06-12,35.87,240.88,31.33,131.6,116.06,,86.77,,43.2
2019-06-13,38.15,189.69,28.99,94.44,96.78,,54.96,,31.73
2019-06-14,47.2,188.21,40.79,130.58,96.26,,91.31,,31.71
2019-06-15,54.09,274.68,62.18,138.02,157.84,,98.75,,69.93
2019-06-16,56.08,160.96,61.02,141.42,79.43,,83.67,,71.73
2019-06-17,64.03,137.08,73.19,100.52,113.81,,99.1,,66.09
2019-06-18,64.96,84.53,62.52,120.64,124.04,,93.21,56.09,68.06
2019-06-19,60.88,223.08,63.26,196.5,177.85,,40.69,47.92,72.04
2019-06-20,53.32,130.88,56.2,105.75,79.17,,63.58,22.78,40.6
2019-06-21,56.61,188.16,64.68,66.8,78.34,,106.02,29.696,39.22
2019-06-22,45.48,177.16,40.82,114.49,93.25,,133.44,36.612,40.3
2019-06-23,36.43,126.12,48.17,81.53,111.52,,98.69,43.528,34.6
2019-06-24,44.9,85.68,48.67,71.35,79.27,,63.19,50.444,32.7
2019-06-25,76.25,119.98,52.03,61.28,50.38,,94.08,57.36,34.77
2019-06-26,61.12,155.9,38.92,84.08,72.1,,86.19,55.51,38.36
2019-06-27,65.51,230.98,25.11,105.25,102.56,,278.62,50.75,30.36
2019-06-28,85.13,239.15,21.02,106.57,110.23,,126.7,45.05,26.83
2019-06-29,81.98,271.27,24.02,91.36,148.72,,92.83,46.9,21.73
2019-06-30,63.53,270.03,35.16,77.9,121.47,,113.38,40.2,25.16
2019-07-01,70.15,189.32,38.86,96.54,95.89,,95.18,36.12,23.95
2019-07-02,62.01,233.25,29.98,92.4,85.48,,109.13,43.52,24.42
2019-07-03,60.9,113.92,45.27,141.22,101.22,,90.87,34.86,32.83
2019-07-04,60.19,87.8,38.88,139.81,104.66,,66.84,27.34,21.46
2019-07-05,57.46,99.98,33.26,85.62,45.06,,72.35,38.57,22.14
2019-07-06,51.06,87.5,38.56,91.73,67.52,,60.06,49.52,38.67
2019-07-07,68.71,91.79,37.91,139.65,49.41,,63.56,28.95,40.56
2019-07-08,55.7,148.79,44.22,100.5,110.12,,106.73,26.17,34.85
2019-07-09,46.87,128.6,34.76,192.31,67.57,,102.12,26.83,31.96
2019-07-10,50.35,278.71,31.67,121.6,135.9,,129.19,33.66,29.59
2019-07-11,61.32,352.26,39.46,106.83,154.12,,113.69,49.88,25.03
2019-07-12,62.33,363.7,39.59,95.85,135.54,133.45,98.81,50.61,27.15
2019-07-13,57.91,294.27,34.14,118.77,122.29,25.75,95.25,37.18,34.78
2019-07-14,51.48,280.99,42.52,84.28,44.26,33.74,91.76,27.74,20.52
2019-07-15,47.39,137.67,40.84,103.5,67.16,40.08,110.12,26.98,22.63
2019-07-16,46.99,79.22,72.98,130.91,55.29,40.2,117.34,29.01,40.44
2019-07-17,55.0,67.73,61.44,161.99,48.21,45.76,99.4,29.39,56.69
2019-07-18,62.36,78.08,83.02,106.84,62.79,42.62,76.34,21.07,39.97
2019-07-19,37.85,158.3,73.21,110.31,57.49,34.86,64.03,17.91,42.15
2019-07-20,42.66,117.84,38.84,71.59,64.81,36.28,78.8,21.05,18.23
2019-07-21,41.46,105.55,36.16,48.5,60.06,28.58,88.64,16.86,22.46
2019-07-22,41.71,119.66,37.69,47.3,76.76,30.11,65.44,21.08,26.39
2019-07-23,41.62,153.96,27.42,50.23,74.56,26.67,57.44,26.21,23.73
2019-07-24,63.75,156.93,33.46,102.17,69.77,29.38,58.55,29.58,23.28
2019-07-25,53.24,63.51,34.31,81.88,53.0,37.58,38.6,39.38,25.46
2019-07-26,53.25,61.26,37.9,49.3,49.38,29.45,53.06,35.43,15.84
2019-07-27,50.99,45.04,32.82,54.79,48.96,24.18,60.43,43.83,30.89
2019-07-28,49.13,46.35,32.98,50.55,47.19,25.42,41.61,44.4,37.61
2019-07-29,56.25,64.17,24.55,70.71,48.46,26.66,34.12,39.89,26.77
2019-07-30,56.4,82.81,16.54,96.67,51.61,22.78,52.87,35.98,22.87
2019-07-31,47.37,76.67,24.67,124.88,41.49,23.39,63.57,31.15,26.84
2019-08-01,51.46,85.89,22.89,90.2,45.63,26.68,60.62,33.9,21.35
2019-08-02,52.16,83.66,14.41,58.85,37.38,36.71,51.22,45.88,13.3
2019-08-03,46.6,80.35,12.53,49.19,49.36,38.25,59.18,44.31,19.98
2019-08-04,41.66,88.15,12.61,92.72,63.19,32.95,53.25,38.04,18.33
2019-08-05,29.63,104.96,16.23,57.12,54.02,24.85,69.69,48.38,24.18
2019-08-06,30.58,57.31,21.56,44.55,56.3,33.06,52.14,34.72,13.83
2019-08-07,32.65,72.98,20.37,26.19,50.61,18.43,47.41,27.68,18.12
2019-08-08,27.28,80.22,31.7,82.32,64.55,17.47,52.15,29.48,19.56
2019-08-09,30.16,61.47,36.39,103.55,44.31,19.15,47.3,23.3,30.31
2019-08-10,38.48,47.75,36.04,104.83,49.35,18.62,35.13,16.95,37.83
2019-08-11,38.27,67.15,49.51,82.66,52.67,2.48,39.86,14.72,47.35
2019-08-12,46.51,51.91,66.23,110.48,59.32,21.17,59.12,17.06,43.56
2019-08-13,46.9,56.18,83.11,100.88,44.11,34.14,86.92,21.22,47.97
2019-08-14,46.08,58.36,65.91,101.57,49.13,24.7,59.34,24.9,52.38
2019-08-15,38.14,56.28,52.66,162.64,50.89,22.39,51.56,33.7,47.61
2019-08-16,34.85,37.1,56.16,78.38,46.17,29.22,35.01,28.25,34.12
2019-08-17,52.0,19.51,78.62,108.8,39.75,34.28,32.83,40.48,31.8
2019-08-18,47.66,30.45,96.6,91.54,37.87,27.22,50.61,42.58,
2019-08-19,49.59,86.13,75.83,107.54,35.71,28.89,78.41,39.9,
2019-08-20,48.73,95.71,86.73,128.99,53.57,27.41,83.01,38.29,
2019-08-21,45.86,129.46,79.58,93.0,75.93,35.77,71.19,31.07,
2019-08-22,57.03,130.49,56.42,81.31,70.15,30.72,74.26,23.18,
2019-08-23,44.78,142.76,61.82,124.19,72.3,29.06,65.97,22.64,
2019-08-24,63.42,149.82,48.14,84.5,80.46,26.48,65.64,30.07,
2019-08-25,55.99,67.82,36.89,57.94,63.105,22.42,62.54,21.39,
2019-08-26,49.29,68.59,51.14,149.3,45.75,26.6,47.48,18.76,
2019-08-27,47.0,107.99,65.41,105.31,63.21,30.25,50.73,21.27,42.0
2019-08-28,42.17,103.01,62.16,106.67,73.97,24.05,54.28,23.28,44.75
2019-08-29,44.99,90.29,53.81,,62.21,34.5,51.05,31.92,36.58
2019-08-30,50.6,105.68,35.21,,62.08,26.22,53.09,30.21,23.08
2019-08-31,65.26,123.23,26.77,,66.27,34.68,59.9,39.05,
2019-09-01,47.85,81.44,19.79,,67.58,29.74,62.25,28.91,
2019-09-02,27.78,101.79,31.72,,53.6,37.34,59.21,26.69,
2019-09-03,32.65,143.56,25.24,,71.05,27.03,80.25,27.66,
2019-09-04,40.46,150.39,22.06,,142.24,25.63,59.59,23.82,
2019-09-05,42.24,90.44,23.81,71.23,36.97,17.54,63.85,21.87,
2019-09-06,44.08,89.47,26.23,52.18,53.74,22.39,66.62,19.67,
2019-09-07,45.38,83.26,26.13,52.41,58.77,21.19,59.48,27.82,
2019-09-08,45.47,77.01,23.28,80.31,56.86,20.58,55.73,29.74,
2019-09-09,49.54,126.43,31.13,108.49,76.3,23.54,70.51,30.69,
2019-09-10,58.85,144.47,39.67,106.76,75.57,27.46,115.21,27.14,
2019-09-11,60.37,174.33,52.44,98.36,79.85,28.62,100.18,28.23,
2019-09-12,57.11,132.61,54.59,91.75,75.26,36.2,86.65,31.68,
2019-09-13,60.43,83.22,39.18,97.09,63.1,28.54,77.7,33.53,
2019-09-14,56.94,69.36,43.73,93.44,70.58,28.1,58.29,30.52,
2019-09-15,50.11,72.61,44.63,85.61,69.71,31.77,53.45,29.57,
2019-09-16,40.74,129.47,63.7,98.42,61.35,69.54,88.55,32.68,
2019-09-17,43.3,135.84,65.7,66.68,65.85,24.57,91.4,34.76,
2019-09-18,63.17,97.32,47.59,45.52,74.09,42.67,77.85,22.19,
2019-09-19,59.79,62.19,42.83,27.66,54.09,44.17,62.65,22.42,
2019-09-20,56.78,106.47,35.92,37.77,52.71,33.07,50.06,33.56,
2019-09-21,68.81,96.29,56.75,80.12,61.33,51.6,54.39,36.12,
2019-09-22,53.11,65.65,56.52,31.12,76.58,53.8,38.05,33.91,
2019-09-23,50.88,83.33,62.68,20.53,55.14,70.73,54.24,20.84,
2019-09-24,36.94,96.22,45.66,31.34,55.32,63.67,130.77,22.3,
2019-09-25,32.33,86.31,34.73,34.22,82.57,61.86,51.3,22.76,
2019-09-26,41.07,69.49,37.11,50.1,97.22,60.16,41.7,26.74,
2019-09-27,75.73,56.71,30.07,116.42,62.07,59.19,44.42,32.4,
2019-09-28,78.07,66.98,47.6,43.1,50.58,61.98,41.82,33.81,
2019-09-29,87.7,51.03,65.29,78.88,41.81,64.9,54.95,29.1,
2019-09-30,53.78,81.97,65.51,99.56,48.02,54.85,72.81,20.95,
2019-10-01,68.99,92.41,62.5,87.41,51.03,58.440000000000005,65.55,27.22,
2019-10-02,36.79,96.13,69.4,89.36,65.44,62.03000000000001,66.13,30.45,
2019-10-03,52.83,143.97,72.14,185.5,69.46,65.62,90.64,28.85,
2019-10-04,58.29,94.9,70.39,109.12,51.78,57.83,73.74,31.23,
2019-10-05,70.53,108.22,75.69,114.53,54.28,65.31,73.3,33.07,
2019-10-06,55.82,140.15,65.7,88.4,95.67,68.22,95.61,28.23,
2019-10-07,60.1,137.81,81.52,81.94,75.78,65.3,100.67,22.56,34.78
2019-10-08,39.4,116.56,83.53,157.35,73.6,62.51,92.61,19.94,39.09
2019-10-09,46.37,182.89,79.18,34.04,71.06,61.22,98.12,34.77,44.01
2019-10-10,70.64,215.18,64.26,80.25,64.47,67.7,92.04,33.61,31.3
2019-10-11,79.81,203.36,56.51,99.34,112.42,73.54,101.36,29.79,33.96
2019-10-12,75.75,209.42,61.3,112.85,134.52,65.74,107.82,28.76,24.44
2019-10-13,46.8,255.42,61.96,161.21,136.04,68.79,141.72,21.86,21.25
2019-10-14,52.98,239.47,94.89,46.85,136.64,65.79,127.04,28.23,26.48
2019-10-15,57.89,285.26,100.99,72.39,102.57,73.07,138.94,29.12,56.07
2019-10-16,57.38,279.78,104.37,56.18,88.71,59.7,128.95,33.51,67.65
2019-10-17,48.38,245.2,94.64,20.34,81.17,70.56,143.55,20.77,36.71
2019-10-18,52.13,203.39,52.38,22.06,74.0,69.3,113.18,23.21,25.78
2019-10-19,37.64,174.84,54.35,23.93,54.08,96.55,106.5,18.555,24.72
2019-10-20,39.02,203.14,51.18,17.65,107.14,99.26,152.29,13.9,21.82
2019-10-21,41.14,235.0,46.72,23.78,136.27,93.33,126.29,16.67,25.65
2019-10-22,35.11,213.26,71.08,26.01,181.64,97.1,150.71,22.5,20.41
2019-10-23,35.91,268.58,70.86,8.16,172.08,107.17,164.0,21.1,23.54
2019-10-24,46.46,346.51,43.48,63.4,132.9,97.26,129.05,33.55,23.73
2019-10-25,42.75,270.87,56.62,88.58,135.6,93.26,156.27,37.78,26.41
2019-10-26,47.6,290.6,42.64,60.5,161.15,91.49,128.1,36.28,27.75
2019-10-27,74.17,321.68,51.1,192.8,181.67,102.92,167.46,42.3,36.29
2019-10-28,78.91,420.35,94.5,61.36,303.33,92.45,317.48,35.83,53.68
2019-10-29,78.0,440.77,74.5,50.3,189.73,111.14,258.16,33.99,39.12
2019-10-30,42.23,454.35,72.97,69.57,245.27,95.27,142.43,10.54,35.57
2019-10-31,49.95,500.04,51.57,109.0,226.33,103.78,149.59,12.23,28.41
2019-11-01,77.15,584.15,54.11,144.14,235.28,101.4,117.66,28.72,35.12
2019-11-02,72.41,467.74,70.0,157.26,181.95,97.62,204.73,37.35,39.48
2019-11-03,71.78,706.58,84.04,259.91,305.4,113.21,177.57,31.71,74.55
2019-11-04,112.73,386.16,115.79,194.85,207.47,116.47,135.82,27.28,101.39
2019-11-05,144.98,296.98,157.6,252.29,186.99,111.58,147.13,50.49,137.41
2019-11-06,142.05,207.19,155.75,183.4,221.46,107.97,113.7,50.81,148.15
2019-11-07,136.66,292.56,125.56,153.08,71.87,122.77,86.17,45.02,135.44
2019-11-08,110.88,253.44,129.17,174.76,61.24,115.11,156.68,47.27,128.86
2019-11-09,102.59,230.5,146.94,142.8,81.33,98.21,144.05,31.08,128.41
2019-11-10,102.92,296.44,133.78,88.54,143.08,98.61,143.75,30.39,82.75
2019-11-11,117.91,380.54,122.21,98.86,158.85,125.52,153.14,39.27,68.41
2019-11-12,68.96,529.59,111.69,104.19,313.31,110.06,171.8,49.25,69.2
2019-11-13,81.26,541.19,120.38,78.79,339.69,210.86,213.07,67.61,76.67
2019-11-14,61.17,545.66,124.6,104.68,260.33,168.74,229.9,56.88,91.06
2019-11-15,65.78,576.12,130.32,108.74,180.68,167.98,136.96,48.96,97.67
2019-11-16,57.92,293.0,134.25,111.17,164.0,161.63,143.57,35.95,104.25
2019-11-17,64.16,165.5,135.59,92.64,105.92,164.01,94.09,27.57,109.47
2019-11-18,61.85,181.67,153.76,85.5,190.56,176.42,95.75,51.91,72.25
2019-11-19,51.01,218.13,159.66,129.85,263.97,154.23,93.86,45.85,89.89
2019-11-20,48.76,295.47,153.06,120.93,253.95,183.67,108.09,43.29,113.24
2019-11-21,78.55,363.77,137.03,101.16,180.08,205.88,112.33,39.84,97.39
2019-11-22,78.49,332.6,143.27,100.93,122.03,139.64,136.99,35.35,87.02
2019-11-23,68.13,224.14,146.29,119.7,59.83,175.59,183.61,53.49,100.23
2019-11-24,71.69,178.21,147.9,147.0,88.49,223.58,154.12,49.09,111.89
2019-11-25,69.94,213.67,152.32,150.87,146.1,230.44,137.38,42.3,121.3
2019-11-26,72.66,225.78,147.41,148.19,80.76,250.22,106.04,47.81,124.9
2019-11-27,65.25,128.1,141.73,119.26,46.08,276.18,115.98,65.38,109.47
2019-11-28,53.29,58.6,141.9,80.81,39.49,283.52,173.58,40.69,88.67
2019-11-29,61.34,100.29,117.76,105.51,51.37,207.3,114.1,49.72,63.76
2019-11-30,50.92,159.36,129.5,102.9,69.84,188.06,113.4,25.41,86.24
2019-12-01,42.5,192.47,115.41,94.56,99.83,154.86,113.24,13.3,106.58
2019-12-02,34.67,229.08,78.45,113.55,137.8,160.28,103.89,31.62,86.96
2019-12-03,55.3,241.56,80.56,125.12,140.27,179.12,133.0,51.14,97.97
2019-12-04,69.48,277.92,134.99,113.04,145.52,185.9,127.29,52.39,114.45
2019-12-05,91.85,416.79,152.49,129.34,103.82,181.81,110.43,58.52,122.21
2019-12-06,96.47,362.1,164.16,110.56,84.09,200.99,154.65,58.0,132.55
2019-12-07,71.64,348.44,152.67,73.78,111.95,249.96,170.28,64.6,98.77
2019-12-08,52.13,355.16,126.99,48.31,114.79,241.05,129.83,39.35,63.62
2019-12-09,56.84,311.58,111.21,48.71,162.16,211.02,143.97,44.54,49.69
2019-12-10,55.42,363.3,116.77,95.84,202.77,220.76,170.32,57.7,69.06
2019-12-11,63.74,452.65,122.45,96.94,132.04,233.43,159.87,59.92,82.17
2019-12-12,67.98,412.59,109.27,112.54,44.31,245.4,133.17,49.24,66.08
2019-12-13,71.83,124.26,69.75,110.43,35.96,256.39,110.13,61.92,62.14
2019-12-14,60.07,128.36,83.56,71.34,47.36,182.45,67.13,42.06,63.53
2019-12-15,66.09,151.57,78.64,54.86,38.24,169.59,88.25,46.41,79.0
2019-12-16,59.81,133.11,100.38,84.0,51.31,107.38,85.13,63.77,78.44
2019-12-17,61.09,140.23,129.71,121.94,64.66,95.36,96.44,51.31,107.1
2019-12-18,84.86,214.88,146.93,126.76,85.25,149.78,145.26,66.25,105.01
2019-12-19,77.48,385.13,147.41,124.21,80.52,139.3,114.33,48.09,120.25
2019-12-20,91.61,449.06,152.23,118.43,125.24,177.59,132.48,57.02,119.82
2019-12-21,89.87,353.94,156.27,145.62,69.41,218.68,124.14,52.52,118.52
2019-12-22,84.08,202.05,141.72,,84.25,260.27,74.88,63.31,103.82
2019-12-23,89.98,240.19,132.56,,101.77,297.5,102.75,68.62,104.91
2019-12-24,77.13,401.03,109.07,,128.35,264.4,107.85,80.62,115.06
2019-12-25,71.87,258.28,123.2,,76.1,240.28,110.92,58.38,120.22
2019-12-26,87.08,299.85,114.8,,84.32,211.8,137.0,38.64,81.46
2019-12-27,87.09,371.45,119.06,,105.41,178.65,151.74,49.14,73.58
2019-12-28,70.75,426.12,141.13,,106.95,165.24,164.04,62.85,88.15
2019-12-29,73.77,500.15,149.05,,107.95,170.35,156.69,72.67,110.95
2019-12-30,77.49,486.35,127.34,,97.83,181.4,183.66,73.72,90.44
2019-12-31,84.76,338.18,82.17,99.33,98.3,219.83,168.36,68.57,80.8
2020-01-01,70.8,483.87,69.42,108.15,137.93,186.03,153.05,65.09,88.85
2020-01-02,62.73,439.31,56.0,90.22,115.13,140.69,96.26,60.26,65.39
2020-01-03,69.62,337.04,57.88,92.39,110.89,103.69,119.11,65.79,62.93
2020-01-04,106.81,327.22,106.32,50.19,134.78,138.23,120.23,55.05,38.35
2020-01-05,97.94,257.94,113.98,43.09,95.22,103.93,143.95,43.67,56.66
2020-01-06,62.08,247.47,101.12,87.02,47.36,162.81,127.91,74.23,61.4
2020-01-07,62.95,176.22,89.73,102.77,46.3,212.13,103.39,59.51,97.7
2020-01-08,74.18,145.85,74.46,93.16,31.7,263.8,116.72,37.56,75.4
2020-01-09,85.93,132.06,88.34,209.75,80.34,179.78,64.83,57.01,62.09
2020-01-10,83.02,203.54,129.65,87.2,76.73,129.94,88.47,65.95,84.62
2020-01-11,66.98,245.62,141.86,138.17,80.28,121.55,116.17,55.43,100.98
2020-01-12,75.34,325.36,137.74,125.02,73.05,127.13,119.43,50.54,109.42
2020-01-13,97.81,329.77,135.4,234.22,61.51,175.52,124.35,72.0,121.55
2020-01-14,108.24,163.67,139.44,326.4,83.72,237.74,96.06,85.45,111.92
2020-01-15,79.82,179.08,86.93,180.44,187.66,288.08,92.31,90.09,90.93
2020-01-16,84.68,197.9,65.41,103.17,81.67,269.38,94.23,74.82,75.95
2020-01-17,85.16,152.98,63.66,81.3,110.41,206.68,108.73,69.87,66.69
2020-01-18,65.04,198.24,74.36,81.73,98.08,182.83,101.53,59.79,51.42
2020-01-19,59.29,187.93,71.2,92.98,82.99,140.68,119.35,56.6,58.14
2020-01-20,82.12,225.67,83.38,79.86,108.1,110.04,137.1,58.42,57.33
2020-01-21,84.98,348.45,89.76,54.82,69.74,179.88,93.14,52.01,55.3
2020-01-22,71.37,296.98,85.47,107.42,40.05,254.13,107.22,55.34,65.26
2020-01-23,76.02,137.61,115.76,166.18,50.66,199.88,82.95,53.17,93.3
2020-01-24,84.68,151.81,128.53,177.62,77.9,135.63,94.73,60.35,96.6
2020-01-25,95.52,240.57,141.41,142.02,130.66,152.25,120.92,65.88,76.33
2020-01-26,93.93,309.09,138.48,128.35,82.9,156.13,152.56,55.09,63.99
2020-01-27,92.25,330.91,119.51,117.45,94.0,141.78,89.61,59.45,62.65
2020-01-28,98.54,149.12,105.71,136.94,55.89,319.28,102.11,80.21,60.66
2020-01-29,100.44,134.17,132.5,119.24,36.13,215.07,58.37,91.03,51.68
2020-01-30,107.2,168.43,149.58,105.92,57.69,207.86,76.94,88.7,60.01
2020-01-31,102.88,170.33,131.21,110.18,139.43,131.69,84.15,86.73,53.9
2020-02-01,105.15,201.19,83.63,66.31,102.82,146.95,107.15,71.66,43.36
2020-02-02,84.84,200.9,86.11,50.95,66.20999999999998,119.47,114.62,57.62,42.27
2020-02-03,80.75,243.43,79.23,54.88,29.6,151.35,105.2,68.97,47.41
2020-02-04,75.0,340.56,68.94,71.06,103.84,213.44,106.78,53.71,49.64
2020-02-05,74.45,255.41,79.91,128.79,94.4,193.97,110.26,62.33,46.38
2020-02-06,92.77,205.43,83.58,64.27,128.7,142.64,121.15,60.73,42.08
2020-02-07,103.19,253.82,85.67,103.55,102.49,194.27,109.67,56.28,37.38
2020-02-08,106.63,238.17,82.42,54.27,166.94,279.62,93.48,61.92,41.78
2020-02-09,111.14,247.62,67.47,47.32,160.38,221.87,126.91,60.54,63.42
2020-02-10,82.96,292.44,71.1,59.32,115.75,164.12,152.86,134.53,56.64
2020-02-11,77.23,306.12,80.0,98.66,187.15,148.76,129.13,70.15,73.27
2020-02-12,72.71,295.05,105.86,106.88,136.28,151.91,151.41,64.86,94.82
2020-02-13,86.81,179.78,130.5,179.96,117.43,182.25,170.52,69.38,99.2
2020-02-14,120.55,172.28,149.4,131.84,100.08,263.41,130.02,63.63,76.55
2020-02-15,129.65,174.78,142.86,143.74,123.92,132.82,121.14,70.41,110.64
2020-02-16,89.03,237.81,134.24,111.72,154.93,136.42,128.09,80.15,64.2
2020-02-17,94.89,282.84,138.05,121.58,145.96,170.36,150.22,82.96,54.82
2020-02-18,105.87,238.91,120.32,107.09,144.61,178.91,154.46,67.89,62.23
2020-02-19,97.46,286.39,116.05,92.06,142.11,303.64,153.94,67.59,69.15
2020-02-20,95.51,223.69,94.57,69.95,123.28,292.12,105.0,74.67,74.88
2020-02-21,72.85,85.49,76.37,59.7,73.67,245.78,161.44,62.19,61.83
2020-02-22,82.03,123.44,77.15,70.91,101.2,202.98,91.06,68.21,54.16
2020-02-23,85.26,182.2,64.14,125.81,109.4,167.02,104.68,49.54,62.43
2020-02-24,82.42,145.05,77.92,153.34,132.54,130.94,98.54,58.64,53.22
2020-02-25,97.01,224.02,107.78,76.4,134.7,108.44,121.82,61.57,47.43
2020-02-26,88.67,258.62,134.28,107.91,156.66,116.93,107.89,60.79,59.42
2020-02-27,92.84,203.77,108.25,58.33,133.37,115.01,115.08,59.85,67.95
2020-02-28,95.58,161.36,103.27,117.11,142.34,146.96,121.08,68.88,57.18
2020-02-29,95.45,115.82,94.49,131.04,83.14,179.26,114.53,123.28,59.72
2020-03-01,89.66,91.88,93.93,125.65,83.69,197.27,86.33,55.13,56.46
2020-03-02,115.89,203.51,98.66,104.45,97.38,185.34,86.35,59.61,62.14
2020-03-03,154.34,188.73,101.91,151.4,103.81,276.26,116.32,50.14,64.95
2020-03-04,118.07,193.79,109.13,110.01,135.96,101.22,100.89,88.17,59.47
2020-03-05,111.38,67.5,135.4,47.95,74.89,93.97,64.82,63.93,31.66
2020-03-06,83.19,38.5,85.6,40.46,61.51,,62.79,58.67,31.65
2020-03-07,89.88,85.45,92.91,36.93,61.08,,71.4,55.47,24.49
2020-03-08,84.01,140.22,68.49,71.21,77.68,,68.45,54.46,22.95
2020-03-09,84.66,133.75,75.09,55.45,72.89,,78.51,54.84,22.79
2020-03-10,89.64,160.91,60.08,46.4,115.85,,79.9,62.34,22.11
2020-03-11,80.31,112.57,75.82,58.97,107.64,,72.28,56.42,19.3
2020-03-12,78.55,155.18,86.96,56.3,74.72,,122.98,59.96,24.73
2020-03-13,76.68,209.02,78.19,51.15,70.36,,247.19,54.95,33.52
2020-03-14,72.04,85.26,83.27,80.28,70.22,,181.04,60.48,44.16
2020-03-15,72.17,124.24,81.84,98.12,83.27,,101.22,53.51,45.42
2020-03-16,71.05,144.37,68.18,111.92,106.34,227.4,92.2,60.2,47.52
2020-03-17,77.96,160.15,69.94,113.8,109.94,117.83,93.03,70.74,49.92
2020-03-18,72.55,162.56,68.45,98.93,118.05,75.54,97.43,47.79,36.11
2020-03-19,87.04,195.15,97.86,115.14,107.8,89.55,102.61,52.54,35.92
2020-03-20,94.45,200.79,72.83,67.96,110.94,78.79,100.6,61.65,28.92
2020-03-21,95.67,184.81,103.66,60.98,100.73,106.75,64.36,59.67,26.07
2020-03-22,66.88,134.46,85.6,69.26,77.22,87.15,67.6,49.53,42.7
2020-03-23,82.77,100.55,72.32,42.84,85.69,90.97,73.5,54.5,50.98
2020-03-24,82.89,103.62,59.24,95.32,75.6,93.0,72.85,41.48,39.17
2020-03-25,48.81,68.03,59.28,65.07,61.47,86.3,57.46,46.73,35.65
2020-03-26,51.53,75.81,60.99,57.46,72.7,61.28,31.24,46.63,44.23
2020-03-27,51.79,45.48,67.6,90.8,60.78,72.67,19.14,52.78,50.63
2020-03-28,45.75,34.15,67.08,85.01,54.63,72.58,27.54,54.61,52.01
2020-03-29,47.23,55.75,75.41,57.42,63.75,53.28,35.04,45.16,53.31
2020-03-30,53.57,64.66,65.96,65.48,68.57,61.31,39.81,48.86,60.36
2020-03-31,48.55,67.01,72.92,52.17,70.76,79.48,46.95,49.22,55.8
2020-04-01,49.89,65.84,83.65,76.29,60.07,99.85,67.35,48.32,63.95
2020-04-02,58.49,61.06,80.7,66.29,63.92,110.3,44.31,56.02,59.98
2020-04-03,69.87,62.69,69.42,74.16,61.42,99.09,37.37,56.3,54.56
2020-04-04,63.83,77.64,72.16,57.81,50.68,119.98,48.46,55.61,53.17
2020-04-05,67.3,96.88,57.17,52.05,68.87,105.92,62.17,46.5,46.95
2020-04-06,50.53,114.88,64.99,43.83,61.685,92.36,81.56,31.28,33.84
2020-04-07,20.84,94.02,39.6,47.4,54.5,119.5,78.6,35.34,28.46
2020-04-08,28.13,79.04,43.45,30.07,47.315,113.38,54.61,37.62,36.98
2020-04-09,32.12,76.32,61.5,54.42,40.13,92.0,56.49,45.18,38.01
2020-04-10,22.69,112.93,36.93,68.95,32.94499999999999,127.19,63.6,43.1,41.26
2020-04-11,35.92,118.1,43.01,38.99,25.76,125.82,88.94,49.68,31.06
2020-04-12,35.49,92.7,59.02,44.33,34.55,122.07,80.61,46.43,36.94
2020-04-13,42.98,136.77,66.35,67.82,59.84,124.78,96.61,52.42,40.46
2020-04-14,52.51,144.7,78.8,65.8,50.46,124.47,116.07,49.73,45.79
2020-04-15,50.11,190.98,68.75,73.21,75.31,118.68,92.25,35.83,45.2
2020-04-16,42.7,191.17,68.87,78.22,48.2,107.72,94.49,26.06,38.03
2020-04-17,50.83,89.58,75.93,63.94,38.01,118.49,147.95,26.14,40.72
2020-04-18,46.7,102.53,63.08,51.65,18.03,128.92,143.5,21.02,26.67
2020-04-19,41.6,73.86,61.21,56.17,30.5,106.17,72.79,20.13,24.92
2020-04-20,31.92,113.25,57.08,35.35,56.92,109.11,51.02,27.65,23.53
2020-04-21,48.52,87.27,42.44,51.36,39.79,85.11,36.53,31.6,20.8
2020-04-22,50.26,130.99,46.3,32.8,51.33,94.42,50.6,30.51,24.12
2020-04-23,48.49,127.82,62.7,37.46,59.48,110.15,45.72,35.6,26.66
2020-04-24,65.58,138.46,54.72,35.406666666666666,78.36,92.89,54.55,38.65,26.24
2020-04-25,55.47,85.83,72.38,33.35333333333333,67.22,87.6,71.1,41.47,38.88
2020-04-26,43.11,117.1,59.77,31.3,54.18,94.54,76.78,57.7,29.15
2020-04-27,50.33,53.02,56.45,40.29,42.21,95.32,48.21,34.27,32.26
2020-04-28,55.81,80.36,53.68,46.6,52.77,88.68,50.57,44.32,33.88
2020-04-29,39.31,114.91,37.73,46.54,86.73,98.46,66.25,34.48,63.42
2020-04-30,54.56,115.63,54.39,66.09,112.59,113.36,193.04,48.19,50.65
2020-05-01,61.29,143.11,53.46,48.54,141.16,99.9,92.73,43.59,54.31
2020-05-02,50.84,107.36,51.4,78.4,114.11,87.66,109.34,48.64,50.38
2020-05-03,56.07,83.02,80.72,67.79,65.47,98.09,102.62,47.16,54.69
2020-05-04,71.6,60.59,69.69,68.24,72.31,119.93,55.48,47.67,56.2
2020-05-05,87.56,115.91,75.39,45.07,74.73,139.89,49.15,54.3,11.0
2020-05-06,64.54,169.61,59.71,45.89,76.19,122.4,65.09,45.58,35.43
2020-05-07,72.07,88.35,58.71,51.48,48.21,128.72,49.74,47.43,41.98
2020-05-08,52.32,120.82,66.53,50.8,83.68,104.75,96.85,36.69,47.91
2020-05-09,60.98,126.9,61.16,40.67,87.52,100.36,119.29,39.05,43.55
2020-05-10,59.49,110.39,47.77,58.2,91.93,97.73,146.77,37.16,34.12
2020-05-11,66.73,93.49,82.55,51.69,70.6,80.81,84.08,34.67,44.23
2020-05-12,70.53,94.4,62.6,42.63,49.58,86.13,45.03,52.48,36.24
2020-05-13,39.32,159.2,54.77,50.06,86.65,76.77,252.96,29.49,36.14
2020-05-14,58.72,126.53,53.65,45.86,78.34,83.05,67.1,38.91,34.03
2020-05-15,46.71,101.93,56.89,42.11,43.74,84.04,114.11,40.97,36.01
2020-05-16,56.99,151.8,61.38,17.99,69.27,127.28,79.61,31.34,35.01
2020-05-17,52.69,187.24,72.72,17.76,77.29,159.13,112.29,40.82,44.57
2020-05-18,47.84,192.68,71.9,36.23,76.97,169.86,142.31,33.81,54.8
2020-05-19,79.02,208.65,122.45,76.7,59.21,160.03,122.71,44.22,71.94
2020-05-20,64.0,155.41,134.25,203.26,68.58,150.51,104.68,39.46,108.2
2020-05-21,60.44,163.77,118.03,150.21,81.31,138.61,104.48,29.47,102.68
2020-05-22,56.21,213.47,137.19,90.94,113.31,150.29,141.08,30.8,103.68
2020-05-23,62.59,209.49,147.59,81.11,96.64,162.18,179.36,37.29,72.04
2020-05-24,66.58,179.3,124.09,72.39,55.05,161.21,152.88,35.54,60.29
2020-05-25,57.36,162.41,97.27,75.86,72.17,164.75,119.96,47.13,57.4
2020-05-26,71.59,190.11,85.85,68.72,90.41,161.9,127.41,35.47,72.96
2020-05-27,55.23,161.76,90.2,121.23,66.23,168.65,148.49,41.6,66.04
2020-05-28,55.7,229.55,96.67,102.0,108.29,155.98,192.43,40.45,66.12
2020-05-29,53.37,66.66,79.56,62.53,77.22,153.2,154.79,32.58,68.44
2020-05-30,42.52,53.19,60.6,84.8,51.65,161.84,70.43,29.67,62.08
2020-05-31,51.62,40.43,60.07,79.53,25.58,152.68,60.0,17.71,58.07
2020-06-01,22.16,80.47,54.63,81.88,33.74,152.57,59.16,16.64,37.02
2020-06-02,19.43,98.32,31.29,43.3,152.97,155.42,59.38,22.06,38.24
2020-06-03,19.34,114.01,24.32,102.58,486.99,155.23,68.89,23.91,35.22
2020-06-04,30.11,143.79,28.72,77.06,167.85,163.98,57.31,34.41,34.52
2020-06-05,48.48,87.05,52.74,112.53,29.73,150.2,38.46,36.22,36.04
2020-06-06,50.12,80.49,74.58,74.97,24.76,152.03,59.04,23.4,43.39
2020-06-07,45.11,91.17,59.86,101.97,43.07,173.57,74.68,32.1,47.69
2020-06-08,48.85,103.27,68.79,125.15,59.04,165.25,76.92,40.8,49.5
2020-06-09,52.5,148.67,56.02,85.41,84.35,170.46,80.86,49.5,44.35
2020-06-10,73.07,156.29,42.43,79.28,76.37,159.89,89.36,45.57,25.24
2020-06-11,39.75,134.36,45.14,98.53,87.65,161.62,89.02,42.51,12.17
2020-06-12,35.21,152.7,35.96,76.27,96.72,109.67,94.71,48.84,12.83
2020-06-13,42.32,129.33,23.48,86.77,93.78,71.5,97.19,46.15,12.76
2020-06-14,35.74,150.28,22.79,83.23,96.98,75.38,78.89,34.44,25.81
2020-06-15,36.58,120.23,31.78,100.53,108.35,70.02,80.35,47.31,24.04
2020-06-16,45.6,107.99,20.76,80.51,119.96,71.22,113.24,46.31,31.52
2020-06-17,56.47,92.58,20.97,73.22,131.87,69.94,105.61,57.72,18.33
2020-06-18,63.66,100.62,33.09,88.8,123.23,66.66,121.22,48.74,27.86
2020-06-19,57.17,205.56,55.14,66.81,169.06,73.82,103.34,41.01,34.97
2020-06-20,47.55,108.73,63.77,86.29,88.74,85.09,134.98,40.99,45.43
2020-06-21,42.05,95.63,72.01,91.75,91.88,75.89,81.15,31.24,30.83
2020-06-22,40.19,77.48,68.3,108.22,95.02,75.71,67.36,34.27,50.49
2020-06-23,49.93,64.12,56.6,83.38,312.18,74.86,56.81,54.74,34.84
2020-06-24,52.43,62.61,45.4,90.9,69.62,69.49,51.1,67.22,35.33
2020-06-25,40.06,77.76,46.29,58.54,57.96,75.64,202.53,51.15,37.36
2020-06-26,28.66,112.08,54.96,32.27,151.19,69.49,118.34,32.5,20.55
2020-06-27,29.48,155.94,44.2,50.94,95.595,73.41,76.66,36.04,24.43
2020-06-28,26.34,308.65,32.18,74.09,40.0,74.52,67.44,43.97,28.51
2020-06-29,29.27,184.12,44.74,65.73,60.69,75.22,77.3,46.71,32.56
2020-06-30,24.26,91.98,41.95,49.97,76.49,80.51,64.26,41.53,35.16
2020-07-01,30.48,128.66,66.5,66.0,100.99,102.38,103.68,35.0,34.0
