Date,AP005,BR007,DL017,DL025,DL030,GJ001,PB001,TG001,TG002,TG003,TG004,TG005,TG006
2017-07-01,0.0,0.0,,,,,0.44,0.0,0.55,0.08,0.01,0.0,0.0
2017-07-02,0.0,0.0,,,,,0.29,0.0,0.0,0.08,0.0,0.0,0.0
2017-07-03,0.0,0.0,,,,,0.54,0.0,0.36,0.15,2.75,0.0,0.0
2017-07-04,0.0,0.0,,,,,0.995,0.0,0.35,0.16,0.58,0.0,0.0
2017-07-05,0.0,0.0,,,,,1.45,0.0,0.69,0.2,0.49,0.0,0.0
2017-07-06,0.0,0.0,,,,,,0.0,1.58,0.54,31.08,0.0,0.0
2017-07-07,0.0,0.0,,,,,,0.0,0.56,0.34,12.48,0.0,0.0
2017-07-08,0.0,0.0,,,,,,0.0,0.46,0.42,5.43,0.0,0.0
2017-07-09,0.0,0.0,,,,,,0.0,0.09,0.27,3.69,0.0,0.0
2017-07-10,0.0,,,,,,,0.0,0.61,0.35,8.0,0.0,0.0
2017-07-11,0.0,,,,,,,0.0,0.73,0.53,13.28,0.0,0.0
2017-07-12,0.0,,,,,,,0.0,0.31,0.28,2.63,0.0,0.0
2017-07-13,0.0,,,,,,,0.0,0.13,0.3,2.11,0.0,0.0
2017-07-14,0.0,0.0,,,,,2.23,0.0,0.08,0.32,3.01,0.0,0.0
2017-07-15,0.0,0.0,,,,,0.54,0.0,0.0,0.2,1.54,0.0,0.0
2017-07-16,0.0,0.0,,,,,0.44,0.0,0.0,0.22,0.28,0.0,0.0
2017-07-17,0.0,0.0,,,,,0.27,0.0,0.03,0.29,3.78,0.0,0.0
2017-07-18,0.0,0.0,,,,,0.1,0.0,0.04,0.16,0.93,0.0,0.0
2017-07-19,0.0,0.0,,,,,0.32,0.0,0.01,0.16,0.71,0.0,0.0
2017-07-20,0.0,0.0,,,,,0.59,0.0,0.04,0.1,0.25,0.0,0.0
2017-07-21,0.0,0.0,,,,,0.5,0.0,0.02,0.08,0.73,0.0,0.0
2017-07-22,0.0,0.0,,,,,0.17,0.0,0.01,0.08,0.24,0.0,0.0
2017-07-23,0.0,0.0,,,,,,0.0,0.0,0.1,0.14,0.0,0.0
2017-07-24,0.0,0.0,,,,,,0.0,0.18,0.11,0.24,0.0,0.0
2017-07-25,0.0,0.0,,,,,,0.0,0.03,0.2,1.3,0.0,0.0
2017-07-26,0.0,0.0,,,,,,0.0,0.03,0.22,10.38,0.0,0.0
2017-07-27,0.0,,,,,,,0.0,0.03,0.21,3.3,0.0,0.0
2017-07-28,0.0,,,,,,,0.0,0.09,0.18,3.96,0.0,0.0
2017-07-29,0.0,,,,,,0.1,0.0,0.11,0.53,5.47,0.0,0.0
2017-07-30,0.0,,,,,,0.21,0.0,0.05,0.36,6.31,0.0,0.0
2017-07-31,0.0,0.0,,,,,0.85,0.0,0.16,0.28,11.86,0.0,0.0
2017-08-01,0.0,0.0,,,,,0.46,0.0,0.09,0.46,12.52,0.0,0.0
2017-08-02,0.0,0.0,,,,,,0.0,0.17,0.63,5.51,0.0,0.0
2017-08-03,0.0,0.0,,,,,,0.0,0.04,0.34,1.01,0.0,0.0
2017-08-04,0.0,0.0,,,,,,0.0,0.15,0.33,2.12,0.0,0.0
2017-08-05,0.0,0.0,,,,,,0.0,0.12,0.41,6.1,0.0,0.0
2017-08-06,0.0,0.0,,,,,,0.0,0.07,0.35,2.55,0.0,0.0
2017-08-07,0.0,0.0,,,,,,0.0,6.15,0.46,3.1,0.0,0.0
2017-08-08,0.0,0.0,,,,,4.35,0.0,20.59,0.5,3.52,0.0,0.0
2017-08-09,0.0,0.0,,,,,3.01,0.0,3.59,0.56,2.35,0.0,0.0
2017-08-10,0.0,0.0,,,,,1.67,0.0,0.71,0.66,1.4,0.0,0.0
2017-08-11,0.0,0.0,,,,,2.64,0.0,1.46,0.91,2.8,0.0,0.0
2017-08-12,0.0,0.0,,,,,53.59,0.0,0.4,0.43,2.94,0.0,0.0
2017-08-13,0.0,0.0,,,,,25.73,0.0,0.36,0.3,1.49,0.0,0.0
2017-08-14,0.0,0.0,,,,,16.32,0.0,0.44,0.31,5.68,0.0,0.0
2017-08-15,0.0,0.0,,,,,20.66,0.0,0.48,0.46,2.7,0.0,0.0
2017-08-16,0.0,0.0,,,,,17.03,0.0,0.44,0.25,4.21,0.0,0.0
2017-08-17,0.0,0.0,,,,,19.21,0.0,0.41,0.27,5.28,0.0,0.0
2017-08-18,0.0,,,,,,23.76,0.0,0.22,0.79,5.74,0.0,0.0
2017-08-19,0.0,,,,,,25.23,0.0,0.0,0.42,1.42,0.0,0.0
2017-08-20,0.0,,,,,,19.06,0.0,0.0,0.12,0.39,0.0,0.0
2017-08-21,0.0,,,,,,19.74,0.0,0.23,0.3,0.65,0.0,0.0
2017-08-22,0.0,,,,,,21.26,0.0,0.59,0.6,1.69,0.0,0.0
2017-08-23,0.0,,,,,,16.37,0.0,0.75,0.57,8.18,0.0,0.0
2017-08-24,0.0,,,,,,17.46,0.0,0.69,0.53,8.71,0.0,0.0
2017-08-25,0.0,,,,,,16.79,0.0,0.37,0.49,1.94,0.0,0.0
2017-08-26,0.0,,,,,,20.39,0.0,0.32,0.47,3.98,0.0,0.0
2017-08-27,0.0,,,,,,20.63,0.0,0.14,0.18,3.09,0.0,0.0
2017-08-28,0.0,,,,,,19.23,0.0,0.2,0.05,1.45,0.0,0.0
2017-08-29,0.0,,,,,,16.93,0.0,0.02,0.06,0.91,0.0,0.0
2017-08-30,0.0,,,,,,18.06,0.0,0.08,0.11,0.72,0.0,0.0
2017-08-31,0.0,,,0.41,,,18.17,0.0,0.32,0.26,3.46,0.0,0.0
2017-09-01,0.0,,,0.86,,,23.24,0.0,0.61,0.4,9.14,0.0,0.0
2017-09-02,0.0,,,,,,17.52,0.0,0.96,0.64,12.35,0.0,0.0
2017-09-03,0.0,,,,,,19.17,0.0,0.07,0.34,2.18,0.0,0.0
2017-09-04,0.0,,,,,,18.41,0.0,0.64,0.33,4.51,0.0,0.0
2017-09-05,0.0,,,,,,18.6,0.0,0.26,0.27,12.15,0.0,0.0
2017-09-06,0.0,0.0,,0.0,0.0,,18.5,0.0,1.97,0.43,9.27,0.0,0.0
2017-09-07,0.0,0.0,,,,,21.24,0.0,0.98,0.68,6.59,0.0,0.0
2017-09-08,0.0,0.0,,,,,20.46,0.0,0.67,0.63,2.14,0.0,0.0
2017-09-09,0.0,0.0,,,,,21.03,0.0,0.18,0.38,0.75,0.0,0.0
2017-09-10,0.0,0.0,,,,,25.66,0.0,0.29,0.51,0.72,0.0,0.0
2017-09-11,0.0,0.0,,,,,18.18,0.0,0.4,0.34,0.53,0.0,0.0
2017-09-12,0.0,0.0,,,,,17.88,0.0,0.41,0.42,0.51,0.0,0.0
2017-09-13,0.0,0.0,,,,,18.2,0.0,0.78,0.48,3.1,0.0,0.0
2017-09-14,0.0,0.0,,,,,17.91,0.0,1.83,0.34,2.81,0.0,0.0
2017-09-15,0.0,0.0,,,,,19.6,0.0,0.68,0.32,7.62,0.0,0.0
2017-09-16,0.0,0.0,,,,,18.02,0.0,0.07,0.29,4.61,0.0,0.0
2017-09-17,0.0,0.0,,,,,15.68,0.0,0.0,0.22,1.87,0.0,0.0
2017-09-18,0.0,0.0,,,,,20.47,0.0,0.01,0.11,1.05,0.0,0.0
2017-09-19,0.0,0.0,,,,,16.76,0.0,0.0,0.1,0.2,0.0,0.0
2017-09-20,0.0,0.0,,,,,16.07,0.0,0.0,0.1,0.17,0.0,0.0
2017-09-21,0.0,0.0,,,,,15.93,0.0,0.0,0.1,0.24,0.0,0.0
2017-09-22,0.0,0.0,,,,,18.09,0.0,0.0,0.64,0.95,0.0,0.0
2017-09-23,0.0,0.0,,,,,14.53,0.0,0.0,0.48,2.67,0.0,0.0
2017-09-24,0.0,0.0,,,,,15.45,0.0,0.0,0.52,10.46,0.0,0.0
2017-09-25,0.0,0.0,,,,,17.17,0.0,0.0,0.61,3.62,0.0,0.0
2017-09-26,0.0,0.08,0.0,0.5,0.0,0.0,17.17,0.0,0.0,0.67,6.83,0.05,0.0
2017-09-27,0.0,0.09,0.0,0.47,0.0,0.0,17.16,0.0,0.0,0.69,21.99,0.0,0.0
2017-09-28,0.0,0.29,0.0,0.45,0.0,0.0,17.26,0.0,0.0,0.55,7.83,0.0,0.0
2017-09-29,0.0,0.02,0.0,0.52,0.0,0.0,17.29,0.0,0.0,0.47,1.68,0.0,0.0
2017-09-30,0.0,0.03,0.0,0.44,0.0,,24.69,0.0,0.0,0.36,1.48,0.0,0.0
2017-10-01,0.36,0.12,0.0,0.44,0.0,,6.61,0.02,1.9,0.12,0.55,0.22,0.0
2017-10-02,0.14,0.11,0.0,0.43,0.0,,2.34,0.0,0.67,0.06,0.29,0.42,0.0
2017-10-03,0.41,0.12,0.0,0.41,0.0,,2.21,0.02,2.11,0.19,0.53,0.32,1.02
2017-10-04,1.28,0.24,0.0,0.36,0.0,,5.67,0.05,9.3,0.25,1.16,0.69,0.53
2017-10-05,0.11,0.19,0.0,0.36,0.0,,3.03,0.03,7.66,0.18,0.78,0.78,24.46
2017-10-06,0.56,0.17,0.0,0.52,0.0,,4.69,0.0,4.88,0.1,0.05,0.28,2.36
2017-10-07,0.57,0.08,0.0,0.36,0.0,,2.31,0.01,3.43,0.03,0.46,0.67,10.52
2017-10-08,0.21,0.2,0.0,0.35,0.0,,0.0,0.005,3.35,0.09,0.06,0.92,0.37
2017-10-09,0.22,0.17,0.0,0.35,0.0,,6.65,0.0,3.26,0.12,0.12,0.56,0.68
2017-10-10,0.0,0.02,0.0,0.34,0.0,1.11,0.0,0.0,0.0,0.01,0.0,0.0,1.51
2017-10-11,0.0,0.06,0.0,0.34,0.0,0.64,0.0,0.01,0.0,0.05,0.41,0.0,2.68
2017-10-12,0.0,0.02,0.0,0.34,0.0,,0.0,0.0,0.0,0.0,0.0,0.0,4.95
2017-10-13,0.0,0.05,0.0,0.35,0.0,,0.0,0.0,0.0,0.0,0.0,0.0,0.16
2017-10-14,0.0,0.04,0.0,0.34,0.0,,0.0,0.0,0.0,0.0,0.0,0.0,0.0
2017-10-15,0.0,0.13,0.0,0.35,0.0,,0.0,0.0,0.0,0.0,0.0,0.0,0.0
2017-10-16,0.0,0.14,0.0,0.35,0.0,,0.0,0.1,0.0,0.0,0.0,0.0,4.38
2017-10-17,0.0,0.08,0.0,0.35,0.0,,0.0,0.0,0.0,0.0,0.0,0.0,0.4
2017-10-18,0.0,0.03,0.0,0.34,0.0,2.43,0.0,0.0,0.0,0.02,0.4,0.0,4.88
2017-10-19,2.12,0.17,0.0,0.3,0.0,1.925,13.24,0.0,7.42,0.3,2.98,0.53,0.0
2017-10-20,0.1,0.01,0.0,0.28,0.0,1.42,28.33,0.0,0.37,0.01,0.02,0.02,0.0
2017-10-21,0.34,0.07,0.0,0.28,0.0,2.42,27.97,0.0,0.38,0.01,0.0,0.0,0.0
2017-10-22,0.0,0.0,0.0,0.3,0.0,1.19,28.02,0.0,0.0,0.0,0.0,0.0,0.0
2017-10-23,0.15,0.16,0.0,0.35,0.0,0.92,26.67,0.0,5.63,0.06,0.06,0.41,0.0
2017-10-24,0.01,0.34,0.0,0.3,0.0,1.19,24.64,0.0,0.7,0.01,0.03,0.05,0.0
2017-10-25,0.0,0.37,0.0,0.29,0.0,2.13,27.32,0.0,0.0,0.0,0.0,0.0,0.0
2017-10-26,0.0,0.35,0.0,0.28,0.0,3.38,27.68,0.0,0.0,0.04,0.0,0.0,0.0
2017-10-27,0.02,0.26,0.0,0.3,0.0,4.05,25.08,0.0,0.14,0.73,0.0,0.0,0.4
2017-10-28,0.0,0.32,0.0,0.28,0.0,2.37,25.99,0.0,0.0,0.0,0.0,0.0,11.14
2017-10-29,0.0,0.44,0.0,0.27,0.0,3.75,26.57,0.0,0.0,0.0,0.0,0.0,0.11
2017-10-30,0.0,0.2,0.0,0.28,0.0,2.455,25.97,0.0,0.0,0.0,0.0,0.0,0.0
2017-10-31,1.11,0.22,0.0,0.28,0.0,1.16,26.31,0.08,19.97,0.98,6.37,3.32,0.83
2017-11-01,1.07,0.0,0.0,0.27,0.0,0.0,25.7,0.05,26.27,0.91,2.54,4.22,3.0
2017-11-02,1.1,0.18,0.0,0.28,0.0,0.0,26.93,0.01,17.37,0.7,6.97,1.56,0.4
2017-11-03,0.85,0.31,0.0,0.27,0.0,3.37,26.31,0.02,13.37,0.4,14.75,1.58,0.72
2017-11-04,0.83,0.68,0.0,0.27,0.0,5.22,29.17,0.0,14.05,0.43,6.26,1.26,0.48
2017-11-05,0.49,0.6,0.0,0.27,0.0,6.02,28.23,0.0,13.39,0.28,0.61,0.79,0.04
2017-11-06,1.04,0.46,0.0,0.28,0.0,14.62,26.22,0.0,16.84,0.36,0.72,0.89,0.2
2017-11-07,1.01,0.42,0.0,0.26,0.0,39.38,25.01,0.0,28.35,1.03,17.28,2.44,0.81
2017-11-08,0.99,0.55,0.0,0.25,0.0,51.5,25.25,0.0,23.26,0.52,10.09,1.99,0.26
2017-11-09,1.15,0.57,0.0,0.25,0.0,44.36,26.66,0.09,20.56,0.92,12.48,1.46,0.11
2017-11-10,1.04,0.87,0.0,0.27,0.0,39.8,26.69,0.0,13.97,0.46,5.54,0.8,0.36
2017-11-11,0.93,0.84,0.0,0.27,0.0,40.55,25.83,0.01,12.93,0.45,1.72,1.57,0.0
2017-11-12,0.53,0.55,0.0,0.26,0.0,0.0,24.9,0.05,15.44,0.6,4.77,3.52,0.02
2017-11-13,0.62,0.7,0.0,0.32,0.0,8.3,24.27,0.05,19.74,0.97,9.18,1.55,0.26
2017-11-14,1.09,3.5,0.0,0.28,0.0,32.14,23.97,0.02,18.89,1.09,23.61,2.68,0.0
2017-11-15,1.05,3.59,0.0,0.28,0.0,24.73,22.83,0.05,10.32,0.34,12.9,3.08,0.0
2017-11-16,1.45,2.39,0.0,0.49,0.0,6.98,24.21,0.21,6.86,0.26,2.19,1.57,0.02
2017-11-17,1.68,2.36,0.0,0.74,0.0,4.07,20.58,0.02,12.87,0.24,3.77,1.31,0.0
2017-11-18,1.19,3.59,0.0,0.31,0.0,3.84,14.11,0.04,13.43,0.33,1.07,1.45,1.2
2017-11-19,0.66,3.46,0.0,0.35,0.0,3.58,13.38,0.05,14.26,0.57,2.16,2.52,2.69
2017-11-20,0.83,1.69,0.0,0.39,0.0,81.26,15.21,0.06,21.29,0.8,0.82,2.42,44.97
2017-11-21,0.83,1.44,0.0,0.4,0.0,32.4,15.94,0.12,17.37,0.87,1.48,1.88,17.24
2017-11-22,1.09,1.64,0.0,0.42,0.0,37.06,17.21,0.19,13.89,0.75,0.57,2.14,0.1
2017-11-23,1.81,1.29,0.0,0.42,0.0,5.8,15.67,0.74,8.37,0.52,4.41,2.98,0.0
2017-11-24,1.94,2.9,0.0,0.44,0.0,5.88,17.59,0.17,9.73,0.55,2.8,1.72,0.0
2017-11-25,1.07,2.4,0.0,0.41,0.0,4.42,18.47,0.05,8.01,0.3,0.9,0.96,0.57
2017-11-26,1.1,3.12,0.0,0.4,0.0,16.9,18.92,0.12,6.68,0.76,1.54,2.32,0.06
2017-11-27,1.98,2.1,0.0,0.39,0.0,7.32,16.8,0.07,14.97,0.85,15.58,3.04,0.18
2017-11-28,3.56,2.55,0.0,0.4,0.0,8.85,18.88,0.15,19.59,0.73,24.57,3.82,0.08
2017-11-29,2.13,5.41,0.0,0.43,0.0,12.9,19.51,0.12,19.3,0.55,5.64,1.69,0.03
2017-11-30,1.13,7.2,0.0,0.39,0.0,24.51,20.81,0.17,18.46,0.66,1.56,1.2,0.11
2017-12-01,1.73,5.19,0.0,0.41,0.0,21.26,22.35,0.09,14.21,0.72,6.49,1.39,0.06
2017-12-02,0.69,7.22,0.0,0.4,0.0,7.27,19.74,0.07,14.66,0.37,0.82,0.91,6.73
2017-12-03,0.67,4.05,0.0,0.39,0.0,3.59,20.02,0.09,13.11,0.56,1.14,1.77,1.25
2017-12-04,1.04,3.5,0.0,0.39,0.0,4.86,16.63,0.06,11.44,0.46,0.76,1.4,0.45
2017-12-05,1.87,4.19,0.0,0.39,0.0,16.69,15.93,0.08,9.36,0.34,0.59,1.77,0.46
2017-12-06,2.23,4.08,0.0,0.39,0.0,3.73,11.05,0.15,10.6,0.38,0.23,1.65,2.1
2017-12-07,1.12,3.64,0.0,0.39,0.0,9.9,15.73,0.06,14.94,0.7,0.6,2.43,4.68
2017-12-08,1.27,3.55,0.0,0.39,0.0,10.1,18.04,0.01,9.89,0.37,0.96,2.27,8.43
2017-12-09,1.32,4.54,0.0,0.39,0.0,9.42,19.51,0.1,8.31,0.51,6.52,1.21,11.39
2017-12-10,1.9,2.81,0.0,0.39,0.0,14.29,17.46,0.09,8.09,0.36,5.72,1.67,0.63
2017-12-11,1.45,3.33,0.0,0.39,0.0,17.99,13.09,0.96,13.47,0.69,9.74,2.17,3.97
2017-12-12,1.67,2.57,0.0,0.39,0.0,28.35,11.12,0.27,21.65,1.17,5.41,4.58,3.68
2017-12-13,2.33,2.0,0.0,0.39,0.0,3.92,16.32,0.18,17.99,1.08,1.78,3.16,2.42
2017-12-14,0.93,1.74,0.0,0.4,0.0,3.21,22.25,0.18,14.97,0.76,0.83,2.13,
2017-12-15,1.31,1.67,0.0,0.39,0.0,8.36,,0.17,15.33,0.73,0.47,1.92,
2017-12-16,3.08,1.53,0.0,0.39,0.0,3.29,,0.24,18.06,1.01,5.78,3.08,
2017-12-17,2.4,1.47,0.0,0.39,0.0,3.21,,0.14,18.11,1.06,3.22,4.06,
2017-12-18,1.65,2.65,0.0,0.4,0.0,9.93,,0.04,8.38,0.33,1.0,0.83,
2017-12-19,1.29,2.08,0.0,0.39,0.0,12.11,,0.07,12.23,0.46,3.45,1.17,
2017-12-20,1.87,3.79,0.0,0.21,0.0,8.47,,0.23,24.96,1.47,16.15,3.69,
2017-12-21,1.46,2.59,0.0,0.32,0.0,7.72,19.43,0.13,21.68,1.14,5.03,5.02,0.0
2017-12-22,2.32,1.82,0.0,0.75,0.0,5.22,7.89,0.14,31.82,1.16,8.27,5.25,0.06
2017-12-23,3.09,1.88,0.0,1.13,0.0,20.17,8.95,0.15,16.62,1.12,11.85,3.85,0.12
2017-12-24,2.09,1.3,0.0,4.16,0.0,17.71,10.23,0.2,16.9,0.87,2.64,6.33,0.02
2017-12-25,1.2,2.36,0.0,1.57,0.0,17.33,11.68,0.39,18.1,0.87,1.03,4.37,0.0
2017-12-26,2.26,1.73,0.0,2.01,0.0,11.46,12.87,0.04,17.85,0.88,1.51,2.06,1.43
2017-12-27,1.72,2.26,0.0,0.27,0.0,16.78,13.57,0.12,12.71,0.66,9.41,1.48,2.14
2017-12-28,2.68,3.34,0.0,0.0,0.0,26.51,9.38,0.08,15.1,1.07,9.62,2.4,6.46
2017-12-29,1.71,1.83,0.0,3.02,0.0,17.48,7.86,0.17,21.24,1.45,2.85,3.75,1.43
2017-12-30,1.01,2.08,0.0,3.99,0.0,9.53,9.95,0.3,18.41,0.94,0.68,6.45,1.0
2017-12-31,0.56,1.29,0.0,1.04,0.0,6.52,12.85,0.17,22.44,0.93,1.19,4.39,0.88
2018-01-01,0.66,1.1,0.0,0.73,0.0,6.33,10.61,0.25,16.19,0.53,1.36,3.44,0.59
2018-01-02,0.73,1.9,0.0,0.95,0.0,7.48,9.71,0.06,13.09,0.57,1.02,2.88,1.57
2018-01-03,1.65,1.82,0.0,1.14,0.0,9.5,5.67,0.19,12.96,0.43,0.59,1.51,14.71
2018-01-04,2.4,1.41,0.0,1.55,0.0,11.29,,0.34,15.91,0.36,1.96,3.23,16.92
2018-01-05,3.35,1.44,0.0,1.0,0.0,9.93,,0.51,15.53,0.47,11.98,2.87,2.06
2018-01-06,3.95,1.32,0.0,1.69,0.0,11.11,,0.33,16.92,0.8,7.87,4.26,17.34
2018-01-07,3.5,1.31,0.0,0.89,0.0,10.21,,0.28,13.6,0.68,1.46,3.79,5.56
2018-01-08,2.42,1.98,0.0,1.34,0.0,6.42,,0.11,12.92,0.65,0.43,2.72,0.53
2018-01-09,0.8,1.61,0.0,2.71,0.0,4.21,,0.1,13.56,0.68,0.54,1.65,0.57
2018-01-10,1.99,1.56,0.0,2.8,0.0,8.0,,0.06,13.33,0.82,0.72,1.73,0.68
2018-01-11,2.61,1.46,0.0,2.8,0.0,18.01,0.0,0.06,15.88,0.57,14.88,2.63,4.98
2018-01-12,2.76,1.31,0.0,5.55,0.0,16.31,5.61,0.12,18.38,0.76,8.0,8.76,3.92
2018-01-13,1.74,1.31,0.0,16.94,0.0,13.48,9.68,0.04,17.56,0.76,3.41,4.29,3.49
2018-01-14,2.3,1.0,0.0,6.83,0.0,10.19,8.75,0.05,12.1,0.82,10.17,5.69,3.6
2018-01-15,1.9,1.42,0.0,5.03,0.0,7.45,7.29,0.14,8.33,0.31,0.72,1.27,2.27
2018-01-16,1.77,2.39,0.0,1.59,0.0,13.33,10.69,0.07,11.0,0.43,1.14,1.71,54.98
2018-01-17,1.84,2.32,0.0,1.27,0.0,13.5,7.3,0.11,10.65,0.42,0.46,2.93,10.78
2018-01-18,1.79,1.91,0.0,0.21,0.0,9.53,6.48,0.26,17.77,1.1,2.94,5.34,20.72
2018-01-19,2.23,2.85,0.0,0.0,0.0,9.84,5.88,0.08,14.85,0.8,6.16,2.42,13.12
2018-01-20,2.66,1.72,0.0,0.0,0.0,24.42,6.38,0.47,17.73,0.79,11.4,3.56,29.49
2018-01-21,2.03,1.4,0.0,0.0,0.0,48.76,7.13,0.12,11.57,0.63,3.7,3.74,12.49
2018-01-22,2.11,1.98,0.0,0.0,0.0,4.11,6.37,0.08,10.08,0.55,0.41,1.7,13.04
2018-01-23,3.01,2.73,0.0,0.0,0.0,7.73,5.88,0.38,9.5,0.45,0.61,1.53,14.31
2018-01-24,2.715,2.36,0.0,0.0,0.0,18.66,5.28,0.91,8.77,0.39,9.13,1.13,6.67
2018-01-25,2.42,1.27,0.0,1.05,0.0,29.73,6.53,0.96,9.72,0.57,20.18,2.09,8.39
2018-01-26,2.125,0.8,0.0,2.39,0.0,20.09,5.08,0.04,9.59,0.57,10.79,2.29,23.31
2018-01-27,1.83,1.55,0.0,2.1,0.0,5.82,5.29,0.2,10.85,0.46,0.75,2.086666666666667,25.08
2018-01-28,2.54,1.89,0.0,3.37,0.0,12.69,5.82,0.15,9.47,0.54,0.63,1.8833333333333333,17.3
2018-01-29,2.99,1.81,0.0,3.05,0.0,13.38,6.12,0.08,8.7,0.54,0.65,1.68,10.02
2018-01-30,6.39,2.11,0.0,1.95,0.0,19.45,7.04,0.02,8.74,0.43,3.19,1.64,19.32
2018-01-31,3.84,1.93,0.0,1.52,0.0,8.79,6.53,0.03,15.91,0.81,8.21,3.33,32.28
2018-02-01,3.85,1.61,0.0,2.5,0.0,3.21,7.08,0.21,14.35,0.54,5.79,2.71,13.1
2018-02-02,4.88,1.76,0.0,3.16,0.0,3.21,6.0,0.2,15.0,0.54,0.85,4.63,36.27
2018-02-03,4.8,2.52,0.0,1.78,0.0,3.21,7.37,0.19,8.34,0.58,0.21,1.82,40.96
2018-02-04,4.31,1.98,0.0,1.6,0.0,3.21,5.76,0.25,5.69,0.29,0.19,0.54,31.01
2018-02-05,4.76,1.28,0.0,1.44,0.0,3.21,6.23,0.36,6.89,0.3,0.08,1.01,0.69
2018-02-06,6.18,0.97,0.0,1.69,0.0,3.21,6.61,0.2,10.15,0.91,0.63,3.03,10.99
2018-02-07,3.81,0.85,0.0,1.44,0.0,3.21,6.05,0.18,18.53,0.93,0.91,6.04,19.36
2018-02-08,3.29,0.84,0.0,3.1,0.0,3.21,6.4,0.34,13.36,0.58,1.37,4.26,0.4
2018-02-09,3.86,0.77,0.0,2.45,0.0,3.21,6.94,0.63,9.25,0.41,3.32,5.12,0.86
2018-02-10,2.86,0.71,0.0,4.83,0.0,3.21,7.0,0.14,10.51,0.47,1.41,2.68,0.9425
2018-02-11,1.92,0.83,0.0,2.67,0.0,3.21,6.14,0.03,5.17,0.19,0.37,1.36,1.025
2018-02-12,1.52,1.56,0.0,1.15,0.0,3.21,5.0,0.02,3.62,0.11,0.02,0.46,1.1075
2018-02-13,1.3,1.22,0.0,1.41,0.0,3.21,4.98,0.03,4.86,0.16,0.13,0.4,1.19
2018-02-14,1.8,0.88,0.0,0.9,0.0,3.21,5.08,0.04,7.18,0.24,0.09,0.66,4.92
2018-02-15,4.97,0.68,0.0,0.65,0.0,3.21,5.37,0.02,10.53,0.25,0.48,1.06,2.19
2018-02-16,3.92,0.87,0.0,0.86,0.0,3.21,5.87,0.07,6.68,0.27,4.07,1.51,3.39
2018-02-17,4.18,0.79,0.0,1.34,0.0,3.21,6.21,0.07,9.43,0.37,1.06,1.97,8.2
2018-02-18,2.18,0.96,0.0,1.24,0.0,3.21,6.1,0.12,14.77,0.5,0.35,3.27,5.11
2018-02-19,2.72,1.71,0.0,3.18,0.0,3.21,6.35,0.1,6.65,0.26,0.0,1.05,2.25
2018-02-20,3.43,1.49,0.0,2.12,0.0,10.93,6.1,0.04,6.49,0.24,0.03,1.08,3.29
2018-02-21,4.3,1.55,0.0,3.71,0.0,29.26,6.06,0.08,8.35,0.27,0.01,1.78,6.37
2018-02-22,3.6,1.69,0.0,2.22,0.0,30.26,5.83,0.08,9.77,0.32,0.01,1.51,1.18
2018-02-23,3.38,1.47,0.0,0.01,0.0,40.05,5.94,0.1,10.19,0.48,0.04,1.65,0.88
2018-02-24,9.54,1.55,0.0,1.0,0.0,28.19,5.48,0.12,6.87,0.29,0.11,0.4,0.65
2018-02-25,8.39,1.17,0.0,0.8,0.0,16.33,5.335000000000001,0.1,9.86,0.59,0.17,1.8,0.71
2018-02-26,4.33,1.12,0.0,0.22,0.0,15.72,5.19,0.26,12.6,0.45,0.4,7.73,0.89
2018-02-27,3.35,0.8,0.0,0.24,0.0,18.38,5.83,0.21,15.63,0.68,0.53,5.18,1.23
2018-02-28,3.96,0.87,0.0,1.05,0.0,18.76,5.89,0.24,14.92,1.04,0.96,5.72,0.77
2018-03-01,3.79,0.74,0.0,2.24,0.0,17.01,6.22,0.35,12.54,0.72,0.29,5.12,1.34
2018-03-02,2.52,0.53,0.0,3.07,0.0,16.62,4.94,0.3,8.67,0.51,0.05,4.98,0.91
2018-03-03,2.28,0.36,0.0,2.29,0.0,13.17,5.72,0.2,7.07,0.32,0.93,1.65,0.37
2018-03-04,2.05,0.59,0.0,0.56,0.0,12.58,5.17,0.27,7.64,0.28,0.22,2.54,0.55
2018-03-05,2.99,0.69,0.0,0.0,0.0,11.58,5.16,0.1,7.54,0.24,0.0,1.62,0.68
2018-03-06,2.12,0.62,0.0,0.0,0.0,19.35,3.68,0.08,5.67,0.3,0.14,0.84,0.55
2018-03-07,3.57,0.74,0.0,0.0,0.0,13.31,1.86,0.04,6.04,0.14,0.07,0.73,2.14
2018-03-08,1.57,0.98,0.0,0.0,0.0,13.24,1.25,0.07,6.88,0.2366666666666667,0.21,0.97,0.6
2018-03-09,1.34,0.84,0.0,0.0,0.0,16.0,0.85,0.09,8.3,0.3333333333333333,0.03,1.03,0.26
2018-03-10,3.4,0.7,0.0,0.0,0.0,25.67,0.72,0.16,7.7,0.43,0.03,0.86,0.28
2018-03-11,2.71,0.64,0.0,0.0,0.0,25.34,0.85,0.05,5.46,0.19,0.04,0.85,0.16
2018-03-12,2.7,0.85,0.0,0.0,0.0,9.42,1.25,0.07,7.08,0.22,0.0,0.77,0.15
2018-03-13,3.05,0.84,0.0,0.0,0.0,11.7,1.38,0.06,6.86,0.19,0.03,0.92,0.4
2018-03-14,3.14,1.08,0.0,0.0,0.0,6.01,0.95,0.14,8.07,0.27,0.06,1.9,3.06
2018-03-15,2.89,0.98,0.0,0.0,0.0,8.02,0.65,0.13,5.84,0.13,0.5,0.64,0.01
2018-03-16,1.87,0.93,0.0,0.0,0.0,13.9,0.76,0.01,7.8,0.12,2.96,0.56,0.09
2018-03-17,4.33,0.79,0.0,0.0,0.0,9.61,0.72,0.02,10.89,0.08,0.12,0.18,0.26
2018-03-18,3.0,0.66,0.0,0.0,0.0,9.89,0.9,0.02,4.99,0.16,0.0,0.38,0.01
2018-03-19,2.13,0.81,0.0,0.0,0.0,5.03,0.79,0.06,7.3,0.22,0.0,0.57,0.04
2018-03-20,2.33,0.93,0.0,0.0,0.0,4.58,0.96,0.1,6.74,0.3,0.01,2.19,0.06
2018-03-21,3.03,0.92,0.0,0.0,0.0,6.0,1.35,0.38,8.74,0.27,1.2,1.27,0.0
2018-03-22,2.61,1.36,0.0,0.0,0.0,3.79,1.55,0.6,12.35,0.4,3.55,1.77,0.05
2018-03-23,2.44,1.57,0.0,0.0,0.0,3.21,1.63,0.61,17.26,0.51,7.75,2.01,0.74
2018-03-24,2.04,0.91,0.0,0.0,0.0,3.21,3.23,0.66,17.62,0.52,4.23,2.02,2.49
2018-03-25,1.15,0.83,0.0,0.0,0.0,3.21,2.21,0.14,13.85,0.65,1.59,2.22,0.05
2018-03-26,2.21,0.89,0.0,0.0,0.0,3.21,4.11,0.08,9.31,0.26,0.42,0.85,0.74
2018-03-27,2.8,1.24,0.0,0.0,0.0,6.99,1.88,0.24,8.04,0.2,0.08,0.75,0.97
2018-03-28,2.41,1.77,0.0,0.0,0.0,6.18,,0.14,8.04,0.19,1.65,0.83,0.27
2018-03-29,2.2,1.71,0.0,0.0,0.0,8.29,,0.17,10.09,0.37,9.65,1.12,0.02
2018-03-30,2.01,0.88,0.0,0.0,0.0,10.61,,0.11,7.62,0.21,4.02,0.6,0.2
2018-03-31,2.79,0.78,0.0,0.0,0.0,4.39,,,6.59,0.17,0.3,0.3,0.12
2018-04-01,2.46,0.66,0.0,0.0,0.0,7.55,,,5.24,0.12,0.09,0.26,0.06
2018-04-02,1.9,0.65,0.0,0.0,0.0,8.65,,,11.6,0.12,0.04,0.11,0.05
2018-04-03,2.18,1.01,0.0,0.0,0.0,4.76,,,20.74,0.32,0.15,1.01,0.0366666666666666
2018-04-04,2.23,1.02,0.0,0.0,0.0,5.67,,,5.85,0.09,0.0,0.26,0.0233333333333333
2018-04-05,2.29,1.07,0.0,0.0,0.0,8.47,,,6.48,0.12,0.05,0.13,0.01
2018-04-06,2.21,0.97,0.0,0.0,0.0,3.88,,0.83,7.83,0.17,0.47,0.61,0.15
2018-04-07,2.96,1.54,0.0,0.0,0.0,5.49,,0.51,22.49,0.19,0.6,0.0,0.15
2018-04-08,1.36,1.69,0.0,0.0,0.0,4.75,,1.06,15.34,0.18,0.36,0.0,0.11
2018-04-09,3.18,1.14,0.0,0.0,0.0,3.49,,0.06,7.44,0.34,0.04,0.0,0.13
2018-04-10,4.43,1.0,0.0,0.0,0.0,3.85,,0.06,6.8,0.22,1.375,0.33,3.67
2018-04-11,2.59,0.94,0.0,0.0,0.0,3.21,,0.03,4.52,0.16,2.71,0.43,0.38
2018-04-12,2.18,0.89,0.0,0.0,0.0,3.63,,0.55,5.23,0.2,2.43,0.52,0.06
2018-04-13,3.96,0.98,0.0,0.0,0.0,7.05,,0.05,5.74,0.21,0.07,0.41,1.06
2018-04-14,2.54,1.1,0.0,,0.0,5.64,,0.03,2.69,0.09,0.07,0.13,0.06
2018-04-15,1.93,1.18,0.0,,0.0,4.58,,0.05,4.05,0.14,0.37,0.73,0.0
2018-04-16,2.09,0.85,0.0,,0.0,5.94,,0.15,10.04,0.32,1.0,1.02,0.8
2018-04-17,3.14,1.14,0.0,,0.0,3.73,,0.09,6.26,0.28,0.22,0.95,0.06
2018-04-18,2.83,1.08,0.0,,0.0,6.85,,5.72,3.5,0.16,4.19,0.72,0.46
2018-04-19,2.31,0.99,0.0,,0.0,4.64,,0.35,9.67,0.23,2.16,1.72,0.05
2018-04-20,2.95,0.81,0.0,,0.0,3.21,,1.25,17.86,0.39,1.97,2.49,0.94
2018-04-21,2.59,0.79,0.0,,0.0,3.21,,0.34,18.42,0.65,8.07,1.52,0.82
2018-04-22,1.63,1.0,0.0,,0.0,5.1,,0.11,6.4,0.43,1.25,0.74,0.07
2018-04-23,3.8,0.71,0.0,,0.0,8.15,,0.24,1.75,0.05,0.0,0.54,0.0
2018-04-24,2.83,1.14,0.0,,0.0,9.05,,0.75,5.85,0.13,0.31,0.47,0.65
2018-04-25,3.62,1.46,0.0,,0.0,10.88,,0.02,3.65,0.1,0.19,0.24,0.05
2018-04-26,2.71,0.82,0.0,,0.0,3.76,,0.23,3.58,0.11,0.1,0.45,1.17
2018-04-27,1.97,0.64,0.0,0.0,0.0,5.85,,0.14,5.44,0.18,0.01,0.45,2.4
2018-04-28,1.96,0.58,0.0,0.0,0.0,3.34,,0.08,2.38,0.09,0.0,0.25,0.26
2018-04-29,1.62,0.48,0.0,0.0,0.0,3.21,,0.22,1.18,0.03,0.41,0.46,2.25
2018-04-30,2.33,0.48,0.0,0.0,0.0,2.51,,2.47,4.16,0.13,1.35,0.64,0.8
2018-05-01,2.22,0.43,0.0,0.0,0.0,0.65,,0.41,5.2,0.25,0.76,0.31,0.91
2018-05-02,4.09,17.776666666666667,0.0,0.0,0.0,0.65,,0.15,3.62,0.09,0.01,0.43,0.39
2018-05-03,5.86,35.123333333333335,0.0,0.0,0.0,0.65,,0.04,2.15,0.08,0.0,0.02,0.77
2018-05-04,3.37,52.47,0.0,0.0,0.0,0.65,,0.05,1.17,0.03,0.21,0.57,1.47
2018-05-05,2.45,34.71,0.0,0.0,0.0,1.79,,0.04,1.41,0.04,0.04,0.48,0.2
2018-05-06,1.85,26.17,0.0,0.0,0.0,0.65,,0.03,1.18,0.04,0.0,0.23,0.03
2018-05-07,2.5,31.29,0.0,0.0,0.0,0.65,,0.51,1.25,0.02,0.64,0.46,1.12
2018-05-08,2.64,38.93,0.0,0.0,0.0,0.65,,0.41,7.78,0.17,0.91,1.0,1.28
2018-05-09,2.72,33.38,0.0,0.0,0.0,1.04,,0.11,4.17,0.16,0.25,0.52,0.37
2018-05-10,2.92,32.03,0.0,0.0,0.0,4.61,,0.02,3.0,0.1,0.01,0.81,1.13
2018-05-11,2.08,29.21,0.0,0.0,0.0,0.65,,0.42,3.77,0.08,0.22,0.72,1.79
2018-05-12,2.39,25.09,0.0,0.0,0.0,0.65,,0.13,4.25,0.02,0.04,0.53,0.72
2018-05-13,1.73,21.94,0.0,0.0,0.0,0.65,,0.17,2.22,0.01,0.0,0.84,0.06
2018-05-14,3.32,21.73,0.0,0.0,0.0,0.65,,0.2,1.94,0.01,0.1,0.25,0.32
2018-05-15,4.13,26.03,0.0,0.0,0.0,0.65,,0.13,1.92,0.03,0.04,0.3,0.52
2018-05-16,2.86,27.05,0.0,0.0,0.0,0.96,,0.07,3.21,0.06,0.0,0.6,0.63
2018-05-17,2.24,25.58,0.0,0.0,0.0,0.82,6.26,0.08,3.19,0.07,0.22,0.68,0.68
2018-05-18,2.71,28.55,0.0,0.0,0.0,0.65,6.23,0.41,2.71,0.05,0.51,0.59,0.99
2018-05-19,2.45,26.05,0.0,0.0,0.0,0.93,5.36,1.45,2.45,0.11,6.22,0.56,1.18
2018-05-20,1.69,20.34,0.0,0.0,0.0,0.87,5.54,0.735,1.07,0.04,0.35,0.76,0.96
2018-05-21,3.79,26.77,0.0,0.0,0.0,0.65,5.8,0.02,1.99,0.06,0.14,0.41,1.09
2018-05-22,2.07,25.77,0.0,0.0,0.0,0.65,5.98,0.15,1.15,0.02,0.0,0.41,0.58
2018-05-23,1.78,27.25,0.0,0.0,0.0,1.37,5.85,0.12,3.13,0.13,9.55,0.89,1.01
2018-05-24,2.22,26.09,0.0,0.0,0.0,0.65,5.78,0.37,7.19,0.08,0.74,0.74,1.07
2018-05-25,1.12,29.07,0.0,0.0,0.0,3.43,5.88,0.16,10.49,0.09,0.23,0.32,1.74
2018-05-26,1.76,23.05,0.0,0.0,0.0,4.78,5.77,0.02,1.8,0.03,0.0,0.14,1.21
2018-05-27,1.27,19.16,0.0,0.0,0.0,0.87,5.5,0.13,1.4,0.04,0.01,0.22,2.36
2018-05-28,2.56,24.9,0.0,0.0,0.0,0.65,5.75,0.01,1.62,0.04,0.0,0.23,2.42
2018-05-29,2.36,30.04,0.0,0.0,0.0,0.65,5.52,0.67,2.35,0.02,1.99,0.37,3.84
2018-05-30,2.15,32.04,0.0,0.0,0.0,1.97,5.17,0.33,1.17,0.01,0.64,0.32,1.51
2018-05-31,1.71,31.36,0.0,0.0,0.0,0.88,4.97,0.1,2.21,0.02,0.03,0.06,1.01
2018-06-01,2.14,22.49,0.0,0.0,0.0,0.65,4.6,1.52,7.72,0.04,0.82,0.11,1.77
2018-06-02,2.58,25.71,0.0,0.0,0.0,0.65,4.78,0.33,7.4,0.13,0.08,0.36,2.06
2018-06-03,4.47,22.35,0.0,0.0,0.0,0.65,5.24,0.1,1.84,0.08,0.17,0.06,0.78
2018-06-04,1.65,23.57,0.0,0.0,0.0,0.65,4.03,1.71,3.35,0.03,0.43,0.28,1.59
2018-06-05,3.71,27.67,,0.0,0.0,0.65,4.18,2.06,2.43,0.03,1.3,0.74,2.14
2018-06-06,3.4,27.91,,0.0,0.0,0.65,4.275,2.83,3.19,0.07,0.64,0.66,2.38
2018-06-07,2.39,31.27,,0.0,0.0,0.65,4.37,0.08,2.91,0.09,0.23,0.0,0.5
2018-06-08,4.2,25.25,,0.0,0.0,0.65,5.3,0.27,9.03,0.01,0.59,0.0,0.76
2018-06-09,2.92,21.51,,0.0,0.0,0.65,4.35,0.63,4.69,0.02,2.96,0.0,1.42
2018-06-10,1.69,18.18,0.0,0.0,0.0,2.75,5.12,0.12,2.35,0.01,0.21,0.0,0.92
2018-06-11,2.06,26.78,0.0,0.0,0.0,1.03,4.38,1.23,1.74,0.01,0.0,0.0,0.94
2018-06-12,3.89,29.14,0.0,0.0,0.0,1.39,8.83,0.16,2.13,0.06,0.0,0.58,5.27
2018-06-13,3.07,27.25,0.0,0.0,0.0,0.72,5.89,0.07,1.77,0.02,0.0,0.28,2.26
2018-06-14,3.34,31.26,0.0,0.0,0.0,1.17,4.57,0.18,0.96,0.08,0.0,0.03,1.75
2018-06-15,2.82,32.98,0.0,0.0,0.0,0.84,4.49,0.5,0.88,0.07,0.01,0.03,1.26
2018-06-16,1.81,25.77,0.0,0.0,0.0,1.3,4.6,0.24,0.65,0.02,0.07,0.0,1.23
2018-06-17,1.73,22.67,0.0,0.0,0.0,0.94,5.09,0.05,0.74,0.0,0.0,0.02,1.05
2018-06-18,1.65,26.12,0.0,0.0,0.0,0.96,4.89,0.0,1.8,0.0,0.0,0.0,0.56
2018-06-19,1.57,27.06,0.0,0.13,0.0,0.8,4.7,0.0,0.6,0.0,0.08,0.0,0.61
2018-06-20,3.82,20.81,0.0,0.0,0.0,1.15,4.89,0.0,0.7,0.0,0.01,0.02,0.6
2018-06-21,2.35,19.29,0.0,0.0,0.0,1.88,4.66,0.0,1.0,0.0,0.51,0.0,0.84
2018-06-22,3.13,21.725,67.63,0.0,0.04,1.39,5.41,1.41,2.31,0.03,0.86,0.06,2.74
2018-06-23,2.54,24.16,58.08,0.1525,0.16,1.1,4.98,2.09,2.36,0.06,0.14,0.12,5.55
2018-06-24,2.01,16.5,22.54,0.305,1.38,13.73,5.07,0.09,0.6,0.0,0.0,0.0,0.85
2018-06-25,3.44,14.0,0.38,0.4575,4.87,2.56,3.45,0.02,0.7,0.0,0.0,0.0,0.55
2018-06-26,4.36,8.19,0.0,0.61,1.96,0.65,4.72,0.01,0.6,0.0,0.0,0.0,0.48
2018-06-27,4.88,14.05,4.56,0.37,0.02,1.1,3.58,0.01,0.77,0.0,0.0,0.02,0.57
2018-06-28,3.46,12.75,0.35,0.0,0.37,5.67,3.26,0.19,0.72,0.0,0.31,0.0,0.5
2018-06-29,4.8,14.54,0.15,0.0,0.02,1.54,3.84,0.02,0.72,0.0,0.47,0.0,0.53
2018-06-30,3.13,15.07,0.17,0.0,0.44,2.85,4.51,0.15,0.55,0.0,1.12,0.0,0.74
2018-07-01,3.78,12.91,0.29,0.0,1.61,1.19,5.27,0.03,0.59,0.0,0.72,0.03,0.57
2018-07-02,2.67,11.66,0.52,0.0,1.0,1.11,4.4,0.02,0.71,0.0,0.62,0.0,0.41
2018-07-03,4.1,8.29,7.19,0.01,0.24,0.65,3.6,0.0,0.53,0.0,0.69,2.76,0.36
2018-07-04,3.88,8.47,26.38,0.02,0.44,0.65,3.96,0.02,0.63,0.0,0.34,6.44,0.36
2018-07-05,3.92,9.98,64.2,0.01,0.01,5.26,4.11,0.07,0.57,0.01,0.57,0.11,0.52
2018-07-06,4.39,15.62,13.03,0.03,0.75,0.8,4.54,2.43,1.14,0.04,47.26,0.17,0.85
2018-07-07,4.28,18.13,10.63,0.0,0.02,6.37,5.01,0.11,0.88,0.07,54.95,0.17,0.54
2018-07-08,2.66,19.36,11.07,0.03,0.02,2.86,4.42,0.09,0.84,0.04,13.0,0.0,0.44
2018-07-09,3.21,25.86,3.42,0.01,0.04,1.92,3.31,0.09,0.58,0.08,8.61,0.0,0.37
2018-07-10,3.3,17.37,0.31,0.0,0.01,0.75,3.85,0.01,0.39,0.0,1.22,0.01,0.46
2018-07-11,4.14,19.97,0.07,0.01,0.02,1.07,3.95,0.05,0.31,0.01,26.21,0.02,0.45
2018-07-12,5.21,17.21,1.58,0.06,0.46,2.52,3.73,0.03,0.45,0.0,2.45,0.07,0.5
2018-07-13,3.81,17.56,1.38,0.11,0.28,0.65,2.14,0.03,0.54,0.0,0.59,0.01,0.48
2018-07-14,4.64,16.1,1.8,0.03,0.36,0.94,3.06,0.06,0.45,0.12,2.18,0.4,0.62
2018-07-15,3.64,14.98,0.49,0.02,0.08,0.65,5.49,0.0,0.4733333333333333,0.0,0.48,0.75,0.41
2018-07-16,3.96,16.35,2.52,0.05,0.26,0.65,5.09,0.09,0.4966666666666666,0.0,0.74,0.33,0.38
2018-07-17,3.48,14.92,1.06,0.06,0.1,6.65,4.28,0.01,0.52,0.0,0.59,0.32,0.2
2018-07-18,3.03,16.44,0.82,0.03,0.26,0.65,3.01,0.04,0.66,0.03,19.4,0.48,0.31
2018-07-19,3.19,18.94,0.71,0.01,0.02,0.65,4.41,0.02,0.51,0.0,9.31,0.25,
2018-07-20,4.8,16.19,1.08,0.08,0.02,1.16,6.09,0.25,0.24,0.0,0.79,0.32,
2018-07-21,5.72,15.04,0.36,0.07,0.04,0.9,8.48,0.0,0.78,0.07,18.88,0.41,
2018-07-22,4.27,12.44,0.13,0.03,0.17,1.03,8.49,0.34,0.4,0.0,1.67,0.36,
2018-07-23,3.73,12.9,0.1,0.02,0.0,0.79,6.25,0.17,0.6,0.0,0.44,0.18,0.84
2018-07-24,3.78,12.3,0.19,0.04,0.01,0.79,3.58,0.01,0.55,0.0,1.3,0.08,0.89
2018-07-25,3.86,8.43,0.42,0.08,0.0,0.72,4.75,0.05,0.41,0.0,0.22,,0.76
2018-07-26,4.68,11.31,0.37,0.06,0.0,0.65,1.92,0.09,0.25,0.0,0.44,,0.5
2018-07-27,3.64,11.48,0.21,0.0,0.0,0.65,3.61,0.09,0.35,0.0,1.11,,0.39
2018-07-28,3.5,11.95,0.13,0.01,0.0,0.65,7.89,0.12,0.32,0.03,1.54,,0.5
2018-07-29,2.21,8.37,0.31,0.07,0.0,0.65,10.86,0.57,0.85,0.01,0.96,,0.55
2018-07-30,7.91,8.43,0.17,0.04,0.0,0.65,12.12,0.31,0.51,0.01,1.36,,0.45
2018-07-31,3.94,8.94,0.15,0.04,0.22,0.65,7.91,0.36,0.49,0.01,2.24,,0.51
2018-08-01,3.93,7.13,0.08,0.02,0.16,0.65,7.34,0.03,0.45,0.0,15.56,,0.43
2018-08-02,2.71,12.1,0.05,0.0,0.02,0.65,7.84,0.03,1.12,0.01,12.04,,0.55
2018-08-03,3.52,12.81,0.11,0.0,0.08,0.65,11.38,0.63,1.02,0.01,46.72,,0.59
2018-08-04,4.99,10.83,0.2,0.0,0.07,0.65,5.86,0.08,0.53,0.0,10.61,,0.72
2018-08-05,2.58,10.9,0.34,0.0,0.16,0.65,8.64,0.82,0.46,0.0,3.05,,0.67
2018-08-06,4.94,14.73,0.38,0.0,0.22,0.65,7.62,0.14,0.36,0.01,1.47,0.01,0.53
2018-08-07,4.14,17.74,0.53,0.0,0.38,0.65,7.2,0.02,0.31,0.02,2.85,0.01,0.0
2018-08-08,4.84,18.76,0.29,0.02,0.47,0.65,6.75,0.03,0.44,0.0,3.57,0.06,0.41
2018-08-09,3.73,16.18,0.28,0.01,0.6,0.65,5.88,0.03,1.98,0.01,13.25,0.24,0.66
2018-08-10,3.98,15.49,0.3,0.03,1.01,0.65,9.18,0.1,0.85,0.01,24.11,0.03,0.35
2018-08-11,4.38,16.26,0.26,0.03,0.79,0.65,11.65,0.09,0.37,0.01,4.92,0.03,0.41
2018-08-12,3.27,14.59,0.11,0.0,0.29,0.65,11.65,0.03,0.15,0.0,2.0,0.05,0.45
2018-08-13,6.34,19.19,0.13,0.0,0.24,0.65,8.93,0.04,0.19,0.0,1.5,0.03,0.31
2018-08-14,7.4,17.64,0.27,0.02,0.47,0.65,10.34,0.4,1.48,0.04,19.78,0.05,0.72
2018-08-15,6.275,13.99,0.11,0.01,0.16,0.65,11.11,1.06,0.43,0.01,1.36,0.0,0.655
2018-08-16,5.15,12.58,0.34,0.02,0.1,0.65,7.36,0.07,0.16,0.0,0.34,0.01,0.59
2018-08-17,3.77,13.59,0.32,0.03,0.58,0.65,10.23,0.1,0.21,0.03,0.61,0.02,0.62
2018-08-18,4.01,17.87,0.03,0.01,0.18,3.17,11.03,0.03,0.13,0.01,0.8,0.02,0.6
2018-08-19,1.59,17.28,0.0,0.02,0.11,16.89,10.81,1.54,0.28,0.01,5.54,0.0,0.6
2018-08-20,5.84,16.53,0.0,0.08,0.42,0.65,8.03,0.07,0.2,0.0,0.41,0.0,0.26
2018-08-21,3.18,14.03,0.07,0.0,0.28,0.65,4.98,0.0,0.18,0.0,0.18,0.03,0.27
2018-08-22,3.4,13.79,0.16,0.01,0.03,0.65,6.46,0.05,0.15,0.01,0.62,0.02,0.03
2018-08-23,2.88,13.67,0.04,0.0,0.11,1.07,7.12,0.03,0.26,0.0,0.8,0.01,
2018-08-24,1.94,17.94,0.25,0.01,0.38,0.65,9.67,0.12,0.32,0.01,6.46,0.03,
2018-08-25,5.85,17.22,0.11,0.02,0.0,0.65,7.516666666666667,0.05,0.35,0.01,15.82,0.06,
2018-08-26,19.16,15.04,0.07,0.0,0.25,0.65,5.363333333333333,0.14,0.2,0.01,6.65,0.01,
2018-08-27,32.47,15.42,0.14,0.0,0.26,1.02,3.21,0.25,0.52,0.01,2.79,0.08,
2018-08-28,5.54,15.1,0.19,0.03,0.14,0.79,5.75,0.28,0.67,0.0,19.94,0.09,
2018-08-29,4.79,12.15,0.14,0.01,0.17,0.65,11.83,0.16,0.56,0.01,9.49,0.08,0.27
2018-08-30,3.82,17.68,0.23,0.01,0.56,0.83,7.52,0.34,0.61,0.01,56.94,0.09,0.28
2018-08-31,6.18,19.06,0.02,0.01,0.44,0.65,4.19,0.1,0.88,0.01,95.81,0.04,1.19
2018-09-01,6.08,17.41,0.11,0.01,0.04,0.65,7.26,0.07,1.07,0.05,58.77,0.06,0.94
2018-09-02,2.99,12.84,0.0,0.0,0.61,0.65,1.93,0.14,0.51,0.01,9.66,0.13,1.23
2018-09-03,3.61,11.66,0.0,0.01,3.13,0.65,5.56,0.04,0.77,0.02,6.71,0.23,0.72
2018-09-04,3.87,12.52,0.0,0.01,0.5,0.65,5.25,0.08,1.17,0.02,47.73,0.15,1.01
2018-09-05,4.39,13.53,0.0,0.01,0.33,0.65,4.11,0.08,1.52,0.03,94.82,0.07,0.9166666666666666
2018-09-06,4.87,17.03,0.04,0.01,0.07,0.65,6.87,0.05,1.45,0.01,101.66,0.06,0.8233333333333333
2018-09-07,4.82,14.55,0.36,0.02,0.74,0.65,7.52,0.09,1.1,0.04,51.47,0.03,0.73
2018-09-08,3.14,13.21,0.01,0.02,0.21,0.65,8.23,0.04,0.81,0.02,55.15,0.13,0.93
2018-09-09,3.55,10.57,0.0,0.02,0.56,0.65,11.46,0.04,1.73,0.05,58.83,0.46,0.62
2018-09-10,3.25,7.64,0.0,0.03,0.89,0.65,11.24,0.0,2.49,0.04,62.51,0.23,1.09
2018-09-11,4.08,6.87,0.0,0.02,0.22,0.65,11.58,0.02,4.64,0.02,10.61,0.46,1.74
2018-09-12,4.25,6.15,0.0,0.01,0.12,0.65,9.22,0.07,3.12,0.04,44.5,0.64,0.42
2018-09-13,2.53,7.7,0.0,0.01,0.12,0.65,8.54,0.1,7.14,0.02,41.5,0.84,0.53
2018-09-14,4.48,8.63,0.0,0.03,0.27,0.65,9.74,0.04,3.14,0.02,39.87,0.35,1.47
2018-09-15,6.08,8.03,0.0,0.02,0.47,0.65,10.03,0.07,4.6,0.05,25.68,0.44,1.34
2018-09-16,5.44,7.99,0.0,0.02,0.0,0.65,10.48,0.01,3.21,0.01,46.33,0.82,0.48
2018-09-17,3.96,10.22,0.0,0.03,0.0,0.65,10.36,0.0,2.14,0.01,10.97,0.06,0.68
2018-09-18,5.14,11.18,0.0,0.01,0.0,0.65,10.57,0.06,2.53,0.01,49.11,0.23,1.34
2018-09-19,4.65,13.06,0.0,0.02,0.0,0.65,10.75,0.01,3.42,0.02,41.18,0.32,0.67
2018-09-20,4.42,17.18,0.04,0.01,0.0,0.65,10.58,0.05,1.86,0.03,70.66,0.08,0.04
2018-09-21,2.75,13.1,0.04,0.01,0.0,0.65,10.26,0.07,0.84,0.01,7.07,0.07,0.0
2018-09-22,2.73,11.96,0.0,0.02,0.0,0.65,9.23,0.0,0.57,0.0,2.38,0.16,0.53
2018-09-23,3.97,10.09,0.0,0.01,0.0,0.65,7.31,0.01,1.43,0.0,1.78,0.24,1.24
2018-09-24,2.71,11.44,0.0,0.02,0.0,0.65,6.79,0.06,5.35,0.03,2.52,0.88,0.15
2018-09-25,2.89,11.9,0.02,0.02,0.0,0.65,12.25,0.22,4.31,0.02,11.22,1.08,1.92
2018-09-26,4.23,11.19,0.04,0.02,0.0,0.65,15.71,0.27,7.8,0.06,46.55,2.36,2.41
2018-09-27,4.6,8.25,0.22,0.01,0.0,0.65,13.8,0.11,5.24,0.06,6.04,0.61,1.07
2018-09-28,2.91,9.66,0.42,0.04,0.0,0.65,15.15,0.13,8.54,0.1,79.65,0.51,0.91
2018-09-29,3.56,7.7,0.34,0.05,0.0,0.65,14.48,0.05,9.23,0.08,132.97,1.04,0.99
2018-09-30,2.39,5.65,0.09,0.01,0.0,0.65,15.52,0.06,9.91,0.05,88.84,0.85,0.62
2018-10-01,2.68,6.31,0.16,0.02,0.0,0.65,15.25,0.02,3.84,0.03,11.24,0.42,1.14
2018-10-02,4.5,6.64,0.16,0.0,0.0,1.28,15.23,0.05,3.39,0.07,26.74,0.11,1.01
2018-10-03,2.01,9.21,0.14,0.01,0.0,3.3,14.76,0.02,3.14,0.01,3.4,0.11,0.43
2018-10-04,4.11,11.24,0.24,0.01,0.0,4.34,13.28,0.04,2.9,0.01,3.18,0.19,1.67
2018-10-05,3.98,11.6,0.23,0.03,0.0,4.34,8.32,0.03,3.1,0.01,3.36,0.21,1.48
2018-10-06,5.1,8.99,0.0,0.03,0.0,5.84,12.6,0.02,4.47,0.06,28.84,0.35,1.83
2018-10-07,2.67,7.71,0.0,0.01,0.03,7.16,14.68,0.03,4.72,0.04,31.18,0.35,1.56
2018-10-08,2.22,10.06,0.0,0.02,0.62,7.16,10.72,0.03,5.1,0.04,12.3,0.3,1.31
2018-10-09,2.6,14.79,0.0,0.01,0.21,7.16,8.76,0.02,5.65,0.08,86.5,0.52,1.74
2018-10-10,3.41,15.34,0.0,0.01,0.04,7.16,10.38,0.04,7.1,0.11,133.6,0.35,2.17
2018-10-11,5.2,13.19,0.0,0.0,0.02,7.16,7.66,0.11,5.97,0.05,123.29,0.13,2.6
2018-10-12,3.65,13.94,0.0,0.03,0.54,7.16,12.73,0.04,4.5,0.07,109.98,0.17,2.42
2018-10-13,2.26,11.4,0.0,0.01,3.18,7.16,14.86,0.1,7.91,0.06,68.8,0.91,2.1
2018-10-14,3.73,7.46,0.02,0.01,1.04,7.16,14.5,0.03,3.72,0.05,70.52,0.22,2.15
2018-10-15,4.86,7.67,0.26,0.01,0.63,7.16,10.83,0.02,3.05,0.0,6.81,0.16,1.98
2018-10-16,3.34,7.28,0.2,0.02,1.08,7.16,7.83,0.01,2.17,0.0,8.13,0.39,2.09
2018-10-17,2.59,10.19,0.24,0.05,0.26,7.16,9.42,0.04,4.28,0.02,3.54,0.87,1.34
2018-10-18,5.72,15.12,0.59,0.06,0.36,7.16,10.72,0.07,3.08,0.02,1.83,0.59,1.42
2018-10-19,4.89,12.58,0.22,0.05,0.0,7.16,10.52,0.04,3.98,0.04,6.18,0.46,1.61
2018-10-20,4.47,9.21,0.17,0.01,,7.16,9.03,0.07,6.72,0.08,19.71,0.81,2.73
2018-10-21,5.09,11.05,0.21,0.0,,7.16,12.19,0.03,6.574999999999999,0.12,20.85,0.0,1.41
2018-10-22,4.12,12.18,0.2,0.0,,7.16,11.45,0.09,6.43,0.06,26.12,0.475,1.78
2018-10-23,5.88,14.32,0.1,0.02,,7.16,9.5,0.09,6.43,0.04,12.09,0.95,1.75
2018-10-24,5.26,10.68,0.0,0.05,,7.16,8.39,0.07,6.07,0.03,33.19,0.59,2.22
2018-10-25,6.04,13.87,0.0,0.05,,7.16,10.25,0.04,7.29,0.06,27.05,1.3,2.02
2018-10-26,3.33,19.37,0.0,0.01,0.05,7.16,11.32,0.0,4.97,0.03,5.68,0.96,3.81
2018-10-27,4.8,19.03,0.3,0.0,0.2,7.16,11.77,0.09,8.24,0.07,55.79,0.77,17.13
2018-10-28,1.27,14.99,0.55,0.0,0.01,7.16,13.46,0.0,3.71,0.17,55.65,0.53,5.89
2018-10-29,1.4,14.97,0.56,0.0,0.16,33.44,11.44,0.0,9.27,0.01,20.81,0.27,2.39
2018-10-30,1.39,15.7,0.86,0.0,0.57,109.23,9.24,0.0,3.84,0.07,47.06,0.07,2.35
2018-10-31,1.41,16.14,0.93,0.0,0.31,3.27,11.31,0.0,4.88,0.2,66.11,0.19,2.55
2018-11-01,1.4,21.2,0.66,0.0,0.52,7.26,9.26,0.01,4.41,0.04,41.15,0.25,2.14
2018-11-02,1.5,18.39,0.52,0.0,1.99,6.95,6.98,0.01,3.83,0.07,25.43,0.28,1.63
2018-11-03,1.27,13.87,0.03,0.0,0.5,15.09,8.81,0.03,3.32,0.04,3.33,0.34,1.69
2018-11-04,0.95,17.58,0.0,0.0,0.3,53.35,2.86,0.04,2.28,0.02,1.26,0.54,1.58
2018-11-05,1.68,18.72,0.09,0.0,0.25,26.9,5.01,0.04,3.92,0.04,1.81,0.4,1.8
2018-11-06,4.49,11.05,0.07,0.0,0.23,11.36,11.73,0.08,6.06,0.04,15.19,0.46,1.77
2018-11-07,3.61,7.34,0.05,0.0,0.28,11.42,14.0,0.06,3.8,0.03,1.98,0.31,1.66
2018-11-08,4.25,9.93,0.33,0.0,0.0,13.92,6.07,0.03,3.16,0.03,1.49,0.23,1.57
2018-11-09,2.97,9.0,0.49,0.0,0.0,11.32,11.45,0.06,4.3,0.04,6.58,0.24,2.12
2018-11-10,3.38,11.45,0.77,0.0,0.0,12.11,13.02,0.05,4.05,0.04,6.04,0.18,2.26
2018-11-11,1.2,11.51,0.57,0.0,0.0,15.01,9.36,0.0,2.58,0.02,35.74,0.28,2.93
2018-11-12,2.41,10.28,0.16,0.0,0.0,13.11,8.87,0.0,2.78,0.03,18.06,0.55,2.95
2018-11-13,1.65,7.7,0.05,0.01,0.98,15.48,9.11,0.01,3.95,0.05,56.44,0.27,3.07
2018-11-14,1.38,9.74,0.01,0.0,2.39,6.81,4.13,0.02,5.03,0.11,73.64,0.51,2.07
2018-11-15,1.58,12.04,0.0,0.0,1.86,6.81,4.33,0.0,5.28,0.07,96.57,0.36,1.49
2018-11-16,1.96,11.15,0.0,0.0,1.96,6.81,8.72,0.01,2.91,0.06,71.41,0.41,1.07
2018-11-17,1.96,9.86,0.01,0.0,4.66,6.81,10.12,0.05,2.43,0.02,3.51,0.31,0.72
2018-11-18,2.05,11.87,0.0,0.01,24.18,6.81,10.09,0.02,1.65,0.02,1.53,0.29,0.75
2018-11-19,1.53,23.74,0.0,0.0,5.48,6.81,7.84,0.01,2.22,0.02,2.25,0.3,0.69
2018-11-20,1.33,25.43,0.0,0.0,9.48,6.81,8.36,0.1,4.51,0.03,2.81,0.29,0.76
2018-11-21,,19.97,0.0,0.0,0.58,6.81,7.91,0.01,3.59,0.02,4.26,0.19,1.0
2018-11-22,,23.97,0.0,0.0,0.12,6.81,11.97,0.02,3.95,0.03,8.08,0.21,1.01
2018-11-23,,19.14,0.0,0.0,5.81,6.81,8.49,0.02,4.55,0.05,83.13,0.2,0.96
2018-11-24,,11.18,0.0,0.0,4.03,6.81,9.28,0.03,6.38,0.07,53.07,1.19,1.43
2018-11-25,,11.74,0.0,0.0,0.9,6.81,13.36,0.01,3.27,0.01,7.78,0.53,1.44
2018-11-26,,21.44,0.0,0.0,5.73,6.81,12.22,0.01,3.89,0.05,10.76,0.34,1.14
2018-11-27,,21.89,0.01,0.02,15.81,6.81,13.63,0.06,5.35,0.09,8.98,0.54,1.07
2018-11-28,,19.45,0.0,0.01,1.32,6.84,11.14,0.08,6.88,0.09,5.62,0.48,1.15
2018-11-29,,18.78,0.0,0.05,,6.89,11.75,0.04,7.94,0.14,14.59,0.59,1.47
2018-11-30,2.59,17.72,0.0,0.0,,6.9,9.59,0.0,4.13,0.05,70.69,0.45,1.16
2018-12-01,2.17,14.65,0.0,0.01,,6.9,12.07,0.02,4.38,0.07,33.7,0.47,0.88
2018-12-02,2.293333333333333,14.01,0.0,0.01,,6.89,12.0,0.06,5.92,0.02,6.21,0.56,0.9
2018-12-03,2.416666666666667,15.16,0.0,0.05,0.09,6.88,8.0,0.05,4.49,0.07,9.91,0.24,0.7
2018-12-04,2.54,20.12,0.0,0.03,0.34,6.93,7.97,0.04,4.05,0.03,28.29,0.34,0.88
2018-12-05,2.3,16.37,0.0,0.02,0.02,6.94,10.88,0.06,2.98,0.01,1.11,0.3,0.78
2018-12-06,2.19,15.11,0.0,0.0,0.21,6.93,14.09,0.06,4.62,0.04,2.47,0.31,1.68
2018-12-07,1.13,14.52,0.02,0.0,52.43,6.95,9.04,0.03,2.94,0.02,1.44,0.11,1.5
2018-12-08,2.57,13.16,0.0,0.0,18.72,6.93,9.91,0.03,2.78,0.03,3.27,0.18,1.65
2018-12-09,3.06,14.26,0.02,0.0,2.85,6.96,12.65,0.03,3.77,0.01,1.27,0.34,0.92
2018-12-10,2.39,24.66,0.0,0.0,23.36,6.94,10.59,0.02,2.14,0.0,3.22,0.22,1.14
2018-12-11,3.38,25.27,0.0,0.01,7.74,6.95,8.26,0.06,4.45,0.03,55.94,0.18,1.84
2018-12-12,2.67,29.33,0.0,0.0,41.3,6.95,7.87,0.03,2.7,0.02,12.57,0.19,1.91
2018-12-13,2.48,28.28,0.0,0.0,14.42,6.94,7.89,0.03,3.67,0.02,5.61,0.13,1.69
2018-12-14,1.38,20.7,0.0,0.01,19.96,6.9,5.19,0.01,4.78,0.01,4.01,0.49,2.83
2018-12-15,1.03,12.92,0.0,0.0,3.22,6.97,5.52,0.02,2.25,0.0,1.18,0.32,1.96
2018-12-16,0.99,11.65,0.0,0.0,0.52,6.94,5.91,0.0,1.18,0.0,40.87,0.08,1.57
2018-12-17,0.52,12.52,0.0,0.0,0.09,6.93,7.42,0.0,0.9,0.0,26.33,0.0,0.94
2018-12-18,3.78,11.58,0.0,0.0,0.09,6.94,9.47,0.0,0.82,0.0,8.1,0.12,0.71
2018-12-19,1.84,12.57,0.0,0.0,0.0,6.96,11.26,0.01,0.5,0.01,19.18,0.14,1.12
2018-12-20,1.84,14.56,0.02,0.0,0.05,7.0,9.35,0.02,0.5,0.02,57.24,0.39,1.72
2018-12-21,1.94,13.13,0.0,0.0,0.08,7.0,9.05,0.01,2.3,0.01,52.09,0.58,1.77
2018-12-22,1.26,15.14,0.02,0.01,0.07,6.99,8.49,0.03,4.15,0.03,25.38,0.22,5.88
2018-12-23,0.01,11.18,0.0,0.02,97.99,6.96,7.06,0.04,2.92,0.02,2.94,0.29,25.34
2018-12-24,1.35,10.06,0.0,0.02,0.85,6.95,6.72,0.03,5.43,0.02,34.73,0.22,2.82
2018-12-25,3.91,8.34,0.0,0.02,59.35,6.94,6.83,0.23,4.21,0.03,5.85,0.19,1.35
2018-12-26,5.12,12.58,0.0,0.01,16.27,6.94,7.22,0.09,2.96,0.01,3.04,0.43,0.53
2018-12-27,4.13,15.14,0.0,0.0,0.0,6.99,8.33,0.05,3.49,0.03,54.35,0.31,0.73
2018-12-28,2.4,11.06,0.0,0.01,0.0,6.93,6.44,0.01,2.17,0.04,129.28,0.33,1.08
2018-12-29,1.69,13.33,0.0,0.0,0.0,6.94,11.8,0.0,2.67,0.06,63.04,0.12,1.18
2018-12-30,0.77,12.04,0.0,0.0,0.0,6.98,9.25,0.01,3.29,0.0,6.03,0.2,1.16
2018-12-31,3.87,12.79,0.0,0.0,0.0,6.93,9.09,0.01,5.33,0.04,15.07,0.3,1.32
2019-01-01,5.23,17.17,0.0,0.02,0.0,6.93,6.66,0.01,6.09,0.12,15.03,0.31,2.24
2019-01-02,3.89,23.23,0.0,0.01,0.0,6.99,9.93,0.08,7.98,0.12,10.2,0.6,0.95
2019-01-03,4.75,19.92,0.0,0.01,0.47,7.0,8.12,0.16,9.05,0.1,25.37,1.34,1.8
2019-01-04,3.98,17.84,0.0,0.01,0.03,6.98,8.44,0.09,6.81,0.14,19.72,0.65,1.83
2019-01-05,1.29,25.27,0.0,0.0075,0.13,6.97,7.0,0.11,3.84,0.06,2.18,0.32,1.01
2019-01-06,1.99,24.23,0.0,0.0049999999999999,0.12,7.02,6.12,0.08,2.59,0.03,2.23,0.19,0.45
2019-01-07,2.51,15.72,0.0,0.0024999999999999,0.12,6.99,5.53,0.09,5.18,0.02,17.49,0.68,0.83
2019-01-08,4.8,10.87,0.0,0.0,0.29,6.99,5.34,0.04,7.58,0.06,73.59,1.46,0.77
2019-01-09,3.39,10.18,0.0,0.02,0.64,7.07,4.32,0.09,8.89,0.09,76.79,0.96,1.21
2019-01-10,2.42,13.45,0.0,0.01,0.83,7.02,6.18,0.08,6.83,0.1,22.55,0.34,2.1
2019-01-11,1.12,21.31,0.0,0.0,0.3,7.02,7.25,0.09,3.29,0.04,4.62,0.15,0.95
2019-01-12,2.31,20.44,0.0,0.01,0.27,6.96,4.91,0.36,2.93,0.02,2.41,0.28,0.83
2019-01-13,2.59,18.76,0.0,0.0,0.17,6.95,5.02,0.08,2.01,0.02,0.76,0.2,1.36
2019-01-14,3.12,11.02,0.0,0.0,0.04,7.03,3.56,0.05,2.89,0.03,1.4,0.18,1.49
2019-01-15,4.0,9.96,0.0,0.02,0.05,7.03,5.08,0.03,3.3,0.06,20.34,0.24,2.59
2019-01-16,0.61,14.44,0.0,0.0,0.08,6.94,6.95,0.03,3.16,0.02,11.54,0.15,2.17
2019-01-17,1.03,17.1,0.0,0.005,0.15,6.97,6.77,0.11,5.56,0.05,31.26,0.61,1.94
2019-01-18,1.86,14.33,0.0,0.01,0.08,6.96,5.41,0.14,4.62,0.05,23.14,0.44,1.73
2019-01-19,3.32,11.86,0.0,0.0,0.15,6.96,6.21,0.1,4.34,0.06,7.39,0.31,1.6
2019-01-20,4.29,11.12,0.0,0.0,0.25,6.95,5.76,0.06,5.2,0.1,56.29,0.44,2.1
2019-01-21,4.08,20.69,0.0,0.0,0.07,6.95,2.56,0.16,3.58,0.04,2.19,0.49,1.36
2019-01-22,4.31,19.3,0.0,0.0,0.01,7.02,2.36,0.03,1.95,0.01,1.28,0.15,1.34
2019-01-23,3.82,11.72,0.0,0.0,0.02,6.95,2.76,0.05,1.79,0.01,1.64,0.09,1.11
2019-01-24,4.62,10.23,0.0,0.0,0.03,6.92,0.0,0.06,2.6,0.0,1.58,0.18,1.01
2019-01-25,6.46,11.69,0.0,0.01,0.01,6.95,0.23,0.03,1.2,0.0,1.02,0.11,0.82
2019-01-26,1.84,8.29,0.0,0.0,0.04,6.95,0.01,0.01,1.03,0.0,2.42,0.01,0.83
2019-01-27,0.63,6.04,0.0,0.01,0.03,6.93,1.0,0.0,0.8,0.0,3.5,0.04,0.91
2019-01-28,1.37,8.37,0.0,0.0,0.06,6.93,2.71,0.0,2.69,0.0,2.2,0.12,1.03
2019-01-29,1.34,6.87,0.0,0.0,0.01,6.92,3.49,0.0,1.91,0.01,2.2,0.1,1.03
2019-01-30,0.87,7.12,0.0,0.0,0.02,6.94,0.64,0.03,3.75,0.04,5.48,0.21,1.31
2019-01-31,0.82,12.12,0.0,0.0,0.0,6.93,0.38,0.07,3.96,0.03,36.49,0.2,0.8
2019-02-01,1.38,12.95,0.0,0.0,0.0,6.93,0.22,0.08,3.46,0.04,5.26,0.32,0.57
2019-02-02,3.69,11.51,0.0,0.0,0.0,6.92,0.08,0.13,3.78,0.04,3.71,0.24,0.73
2019-02-03,2.85,7.26,0.0,0.0,0.0,6.94,0.0,0.03,2.18,0.02,4.82,0.02,0.84
2019-02-04,1.24,7.74,0.0,0.0,0.0,7.02,1.1,0.03,2.48,0.02,10.57,0.0,0.91
2019-02-05,2.48,8.32,0.0,0.02,0.0,7.06,4.79,0.05,3.16,0.03,3.38,0.66,0.95
2019-02-06,3.23,8.34,0.35,0.0,0.0,6.94,5.11,0.06,3.64,0.04,3.91,0.4,0.82
2019-02-07,2.66,10.4,1.4,16.06,0.0,6.93,5.11,0.02,1.24,0.0,1.17,0.11,0.66
2019-02-08,1.72,7.65,1.14,21.43,0.08,6.97,3.51,0.01,4.06,0.01,55.54,0.56,0.69
2019-02-09,0.5,6.05,1.4,2.37,0.28,6.9,1.52,0.04,5.68,0.01,103.33,0.35,1.46
2019-02-10,0.58,5.5,5.87,12.25,5.48,6.91,1.52,0.04,0.95,0.01,4.77,0.06,1.16
2019-02-11,0.17,7.23,4.33,15.69,17.43,6.92,1.52,0.0,1.9,0.01,2.57,0.08,0.86
2019-02-12,0.28,7.39,0.01,16.08,14.23,6.9,4.54,0.01,2.45,0.02,2.63,0.2,0.98
2019-02-13,0.26,7.38,1.88,18.82,13.44,6.99,6.46,0.03,4.15,0.04,4.25,0.23,1.04
2019-02-14,1.07,7.84,1.77,9.41,8.85,6.95,5.26,0.06,3.06,0.04,1.69,0.21,0.9
2019-02-15,0.37,7.91,2.61,2.82,6.71,6.98,5.73,0.04,0.98,0.0,0.56,0.17,0.7
2019-02-16,0.68,6.27,0.3,3.15,6.6475,6.98,5.73,0.04,2.95,0.02,36.58,1.02,0.8
2019-02-17,0.44,4.72,0.32,5.42,6.585,7.03,5.73,0.02,2.92,0.01,36.0,0.21,0.68
2019-02-18,0.64,4.57,0.8300000000000001,4.85,6.5225,7.02,5.21,0.02,3.29,0.05,17.02,0.3,0.67
2019-02-19,0.41,8.99,1.34,4.28,6.46,6.99,4.26,0.02,2.35,0.01,3.83,0.2,0.55
2019-02-20,0.62,7.77,2.13,3.01,9.08,7.0,3.92,0.02,1.64,0.01,1.24,0.08,0.41
2019-02-21,0.9,8.05,1.44,5.41,5.53,7.03,2.91,0.03,1.93,0.01,1.46,0.08,0.65
2019-02-22,0.41,9.74,1.45,6.77,5.28,7.03,3.33,0.04,2.81,0.02,2.84,0.16,0.71
2019-02-23,0.65,6.06,0.89,1.11,3.52,6.97,4.56,0.08,4.38,0.05,7.65,0.07,3.44
2019-02-24,0.46,4.37,0.75,0.0,4.61,7.02,4.75,0.06,1.63,0.02,26.64,0.01,0.86
2019-02-25,0.67,8.12,0.01,0.0,6.62,7.02,4.47,0.03,1.49,0.0,16.36,0.0,0.44
2019-02-26,0.64,12.94,0.0,0.0,4.25,7.08,3.79,0.02,2.7,0.02,35.81,0.03,0.71
2019-02-27,0.7566666666666667,10.87,0.0,0.0,3.69,7.09,3.38,0.02,2.83,0.06,96.09,0.06,0.5
2019-02-28,0.8733333333333334,6.57,0.0,0.0,6.36,7.04,2.54,0.01,2.08,0.0,28.67,0.07,0.98
2019-03-01,0.99,6.28,0.0,0.13,4.12,6.94,2.65,0.01,2.56,0.02,19.7,0.15,1.04
2019-03-02,0.59,7.8,0.0,2.09,6.42,7.07,2.56,,0.8,0.0,1.05,0.1,1.06
2019-03-03,0.44,5.71,0.05,0.26,3.78,7.04,2.52,,0.9966666666666668,0.0,0.65,0.05,1.06
2019-03-04,0.5,5.39,0.06,0.75,4.14,7.04,2.57,,1.1933333333333334,0.0,7.09,0.0,1.09
2019-03-05,0.55,6.79,0.0,1.4,4.95,7.03,3.56,,1.39,0.04,71.47,0.0,1.21
2019-03-06,0.6,6.48,0.0,1.98,3.52,6.98,4.28,,2.15,0.04,79.18,0.0,1.38
2019-03-07,0.34,4.68,0.0,0.8,4.28,7.03,4.76,0.01,4.05,0.02,83.27,0.13,1.29
2019-03-08,0.69,5.49,0.0,0.36,3.07,7.1,4.26,0.0,2.12,0.03,33.72,0.13,1.9
2019-03-09,1.6,5.85,0.0,0.46,2.16,7.08,4.39,0.04,2.28,0.02,7.28,0.05,1.66
2019-03-10,0.37,6.95,0.0,0.41,2.37,7.06,5.84,0.03,1.64,0.01,4.05,0.09,1.31
2019-03-11,0.46,5.9,0.0,0.72,1.25,7.08,5.47,0.03,1.34,0.0,0.82,0.11,1.5
2019-03-12,0.68,6.65,0.0,0.29,1.72,7.05,7.53,0.22,1.13,0.0,8.67,0.1,1.23
2019-03-13,0.54,6.48,0.0,1.19,4.07,7.04,11.08,0.34,0.83,0.0,2.41,0.04,1.9
2019-03-14,0.67,5.35,0.01,0.53,1.87,6.95,10.09,0.03,1.11,0.01,31.33,0.07,1.56
2019-03-15,0.18,5.37,0.0,1.14,1.33,6.98,12.65,0.03,1.79,0.05,21.6,0.12,1.68
2019-03-16,0.16,5.32,0.0,0.0,1.48,7.03,13.13,0.01,1.04,0.0,1.18,0.05,1.76
2019-03-17,0.2,3.79,0.0,0.0,1.25,6.97,14.22,0.03,0.5800000000000001,0.0,0.59,0.0,1.49
2019-03-18,0.91,4.42,0.0,0.0,1.37,7.03,11.72,0.01,0.12,0.0,3.4,0.02,1.2
2019-03-19,2.35,4.76,0.0,0.0,1.08,7.01,9.83,0.01,0.46,0.0,1.61,0.09,1.17
2019-03-20,0.92,7.05,0.0,0.0,0.98,6.97,7.95,0.02,0.77,0.0,0.73,0.1,1.2
2019-03-21,1.61,5.3,0.0,0.0,1.19,6.98,11.45,0.0,0.57,0.0,0.68,0.03,1.04
2019-03-22,1.51,4.3,0.01,0.0,1.05,6.99,9.46,0.02,0.95,0.36,21.17,0.1,1.58
2019-03-23,1.52,2.95,0.0,0.0,1.24,7.02,12.51,0.06,1.89,1.65,3.36,0.17,1.71
2019-03-24,1.12,3.18,0.01,0.0,1.21,7.03,12.22,0.08,1.94,1.56,2.04,0.23,1.48
2019-03-25,0.88,5.11,0.01,0.0,1.41,6.99,12.59,0.04,2.19,1.08,1.47,0.2,2.88
2019-03-26,0.49,6.5,0.0,0.0,0.99,6.98,10.25,0.05,1.95,0.94,6.46,0.24,3.15
2019-03-27,0.51,6.6,0.0033333333333333,0.0,1.01,7.03,12.0,0.03,2.1,1.38,4.28,0.15,6.99
2019-03-28,0.43,7.61,0.0066666666666666,0.0,1.62,7.03,9.69,0.06,2.79,1.59,4.54,0.13,3.02
2019-03-29,0.66,9.31,0.01,0.0,1.99,7.06,10.15,0.12,3.48,2.05,3.78,0.44,1.71
2019-03-30,0.76,9.64,0.0,1.24,0.82,7.07,7.92,0.08,2.67,2.38,1.65,0.22,2.02
2019-03-31,0.91,5.71,0.0,3.24,0.72,7.0,11.82,0.04,1.77,1.66,10.44,0.01,1.5550000000000002
2019-04-01,0.93,5.53,0.0,2.24,0.58,7.08,8.73,0.06,2.5,2.48,18.45,0.13,1.09
2019-04-02,0.71,6.34,0.01,3.33,1.17,7.11,11.17,0.04,2.47,1.71,3.8,0.04,1.56
2019-04-03,0.7,7.94,0.01,2.91,0.69,7.17,13.28,0.02,1.79,0.54,2.16,0.06,1.19
2019-04-04,1.02,5.46,0.02,3.45,0.63,7.17,10.8,0.0,1.93,1.01,1.26,0.04,1.55
2019-04-05,0.9,5.61,0.02,2.78,0.74,7.06,12.88,0.01,0.39,0.47,10.96,0.0,1.43
2019-04-06,0.88,5.49,0.02,3.6,0.69,7.08,10.46,0.02,0.46,0.38,10.12,0.18,1.77
2019-04-07,0.79,4.43,0.0,2.61,0.63,7.08,9.02,0.01,0.19,0.09,3.42,0.05,1.51
2019-04-08,0.87,5.91,0.0,1.49,0.39,7.09,7.3,0.02,,0.33,3.14,0.09,1.46
2019-04-09,0.74,5.93,0.01,2.12,0.45,7.09,7.33,0.08,,0.72,1.91,0.27,1.41
2019-04-10,0.66,5.43,0.01,3.19,0.65,7.14,7.89,0.32,,0.56,15.68,0.34,1.55
2019-04-11,0.955,5.54,0.01,2.84,0.55,7.16,7.71,0.04,,0.01,3.2,0.12,1.25
2019-04-12,1.25,5.86,0.01,3.13,0.52,7.11,8.04,0.02,0.62,0.11,1.09,0.06,1.74
2019-04-13,1.38,5.1,0.01,1.48,0.54,7.14,6.49,0.02,2.0,0.65,5.08,0.03,1.54
2019-04-14,0.72,4.26,0.0,2.85,0.45,7.18,8.05,0.09,2.64,1.7,6.1,0.24,1.53
2019-04-15,1.46,5.47,0.03,2.62,0.98,7.11,7.05,0.07,1.76,0.92,3.85,0.15,1.31
2019-04-16,1.72,4.68,0.02,1.35,0.5,7.17,7.45,0.03,1.51,0.97,24.42,0.03,1.66
2019-04-17,1.21,4.19,0.01,2.83,0.44,7.12,7.02,0.02,0.83,0.32,9.85,0.01,1.15
2019-04-18,0.72,4.51,0.01,3.11,0.48,7.11,7.17,0.02,1.56,0.56,6.8,0.03,1.71
2019-04-19,0.48,4.84,0.01,6.05,0.68,7.15,9.54,0.6,1.6,0.16,0.88,0.0,1.64
2019-04-20,0.7,4.79,0.01,4.23,0.93,7.08,10.68,0.07,1.14,0.2,0.76,0.02,1.59
2019-04-21,1.7,7.45,0.03,6.27,0.39,7.06,12.83,0.01,0.64,0.12,5.51,0.18,1.385
2019-04-22,1.07,5.44,0.03,7.04,1.31,7.07,14.66,0.01,0.76,0.04,1.0,0.03,1.18
2019-04-23,0.66,4.9,0.45,8.31,1.8,7.08,10.89,0.06,4.0,1.49,1.55,0.43,1.65
2019-04-24,0.56,6.38,0.46,6.66,1.55,7.17,9.15,0.03,1.57,0.44,1.12,0.07,1.36
2019-04-25,0.9,6.36,0.46,5.14,1.09,7.153333333333333,9.04,0.04,1.76,0.66,1.4,0.22,1.04
2019-04-26,0.86,5.72,0.46,6.57,0.7,7.136666666666667,11.01,0.08,1.24,0.39,1.27,0.12,0.98
2019-04-27,0.73,6.0,0.46,4.08,0.99,7.12,12.91,0.09,1.94,0.49,7.08,0.08,1.5
2019-04-28,0.61,5.12,0.46,3.03,0.48,7.13,12.61,0.04,1.21,0.29,11.16,0.12,
2019-04-29,0.58,5.93,0.37,3.01,0.0,7.1,9.75,0.01,0.58,0.03,1.69,0.04,
2019-04-30,0.32,6.78,0.02,2.03,1.1,7.03,6.79,0.03,0.54,0.45,2.32,0.0,
2019-05-01,0.38,5.34,0.0,1.77,1.26,7.07,7.32,0.04,0.52,0.09,2.11,0.01,
2019-05-02,0.91,5.1,0.02,1.42,1.32,7.02,10.26,0.02,0.42,0.22,24.72,0.0,
2019-05-03,2.33,4.83,0.0,2.23,1.12,7.13,8.21,0.05,0.11,1.2,10.85,0.0,
2019-05-04,0.95,3.27,0.02,2.88,1.44,7.08,8.83,0.0,0.13,0.3,16.32,,
2019-05-05,0.66,4.23,0.02,0.32,1.57,7.11,10.98,0.02,0.86,0.32,24.8,,
2019-05-06,0.66,5.99,0.03,0.5,1.72,7.06,10.06,0.03,2.97,1.83,24.54,,3.39
2019-05-07,0.55,6.39,0.11,0.34,1.51,7.06,10.58,0.1,8.0,3.28,39.94,,5.19
2019-05-08,0.42,6.97,0.09,0.23,0.77,7.11,9.16,0.1,4.1,2.12,33.08,,3.01
2019-05-09,0.94,7.04,0.02,0.19,1.33,6.94,12.03,0.03,4.52,2.2,46.3,,3.47
2019-05-10,0.74,8.91,0.02,0.18,1.01,6.81,8.36,0.0,5.71,2.02,37.23,,3.18
2019-05-11,0.79,5.39,0.01,,0.89,0.0,9.82,0.01,1.62,0.66,17.86,,1.22
2019-05-12,0.61,3.65,0.01,,0.66,0.0,13.61,0.01,0.79,1.1,5.23,,1.67
2019-05-13,0.73,5.3,0.02,,1.2,0.0,10.66,0.01,0.65,0.26,21.05,,2.12
2019-05-14,0.68,6.27,0.01,,0.43,8.78,8.65,0.03,1.17,0.32,5.58,,2.57
2019-05-15,0.59,5.63,0.02,,1.39,14.19,9.3,0.07,1.28,0.52,11.91,,1.74
2019-05-16,0.72,5.16,0.05,,0.95,13.15,8.13,0.04,1.94,0.37,24.93,,2.24
2019-05-17,1.13,5.42,0.01,,0.33,13.34,9.45,0.06,1.42,1.08,26.59,,2.74
2019-05-18,0.95,4.93,0.02,,0.18,13.44,11.06,0.01,1.34,0.89,28.01,,2.83
2019-05-19,0.86,2.79,0.02,,0.51,13.19,9.87,0.07,4.78,1.6,18.77,,5.58
2019-05-20,1.11,4.68,0.01,,1.02,13.6,8.32,0.01,0.61,0.04,2.64,,1.52
2019-05-21,0.8,6.87,0.01,,0.38,11.66,7.14,0.03,0.51,0.03,1.24,0.24,1.14
2019-05-22,0.46,5.56,0.05,,0.6,13.6,8.64,0.01,1.15,0.05,7.58,0.17,1.73
2019-05-23,0.45,4.41,0.01,,0.83,13.48,7.57,0.01,0.38,0.02,0.85,0.02,1.03
2019-05-24,0.54,5.0,0.01,,0.51,11.95,6.72,0.02,2.07,0.48,2.85,0.54,2.12
2019-05-25,0.4,5.37,0.02,,0.19,13.93,8.45,0.05,3.1,1.07,10.74,1.18,3.34
2019-05-26,0.39,4.04,0.01,,0.25,13.16,9.71,0.07,5.14,1.74,7.51,0.8,5.61
2019-05-27,0.63,6.87,0.02,,0.53,13.58,8.95,0.02,1.38,0.62,8.23,0.19,1.31
2019-05-28,1.6,7.62,0.02,,0.82,14.2,9.36,0.03,1.98,0.39,2.79,0.24,2.11
2019-05-29,1.83,6.19,0.08,,0.74,13.8,7.03,0.06,4.49,1.81,16.36,0.48,2.34
2019-05-30,2.63,5.19,0.14,,1.19,13.55,11.0,0.01,0.63,0.09,0.47,0.27,2.02
2019-05-31,1.77,4.79,0.01,,1.51,13.67,10.94,0.01,0.27,0.0,0.42,0.37,1.74
2019-06-01,2.53,4.7,0.02,,1.67,12.18,13.48,0.02,0.28,0.36,7.22,0.35,1.24
2019-06-02,1.49,4.25,0.02,,0.83,14.01,13.2,0.02,0.49,0.04,5.83,1.11,2.29
2019-06-03,4.77,5.1,0.01,,0.43,10.98,11.55,0.0,0.11,0.0,5.56,0.15,0.5
2019-06-04,4.03,5.96,0.02,,0.36,7.46,8.7,0.0,0.64,0.25,12.5,,0.56
2019-06-05,2.2,4.32,0.01,,0.52,50.97,10.42,0.03,0.37,0.24,12.5,,0.89
2019-06-06,3.73,4.89,0.02,,0.46,94.48,11.59,0.02,0.61,0.04,0.3,,0.87
2019-06-07,2.81,5.28,0.01,,0.0,48.265,8.94,0.0,0.22,0.0,1.89,,0.48
2019-06-08,2.16,5.94,0.01,,0.0,2.05,10.58,0.05,0.83,0.19,1.5,,1.78
2019-06-09,2.8,4.41,0.0,,0.0,14.86,9.68,0.22,0.62,0.04,1.11,,0.48
2019-06-10,3.39,5.95,0.0,,0.3,56.49,8.38,0.0,0.27,0.1,0.7200000000000002,,0.36
2019-06-11,3.17,6.0,0.04,,0.82,49.93,9.93,0.0,0.26,0.0,0.33,,0.28
2019-06-12,3.8,5.56,0.32,,0.49,33.1,7.28,0.0,0.02,0.0,0.89,,0.09
2019-06-13,2.75,6.31,0.62,0.28,0.36,1.48,6.81,0.0,0.01,0.0,0.14,,0.14
2019-06-14,3.93,7.17,0.56,2.41,0.56,1.48,6.45,0.0,0.05,0.0,0.1,,0.17
2019-06-15,3.21,6.9,1.71,0.36,0.91,1.48,11.36,0.03,0.02,0.09,0.42,,0.2
2019-06-16,1.68,4.91,0.31,5.15,0.37,1.48,8.94,0.0,0.01,0.0,0.04,,0.14
2019-06-17,4.13,4.95,0.53,9.94,0.3,1.48,8.09,0.01,0.14,0.46,0.01,,0.19
2019-06-18,2.74,5.52,0.63,1.93,0.0,1.48,5.28,0.0,0.0,0.27,0.27,,0.2
2019-06-19,4.78,5.8,1.64,0.58,0.0,1.48,7.14,0.0,0.05,0.0,0.06,,0.12
2019-06-20,3.62,6.06,1.66,1.96,0.0,1.48,7.62,0.0,0.08,0.01,0.37,,0.19
2019-06-21,4.74,4.61,0.95,3.61,0.04,1.48,9.01,0.02,0.56,0.07,3.27,,1.34
2019-06-22,7.23,4.72,1.17,3.03,0.03,1.48,10.41,0.0,0.52,0.11,2.7,,0.54
2019-06-23,3.2,5.02,2.39,1.04,0.0,1.48,9.24,0.05,0.68,0.01,1.29,,0.7
2019-06-24,1.78,4.59,0.41,0.91,0.0,1.48,6.2,0.02,1.1,0.35,13.53,,0.76
2019-06-25,1.73,4.16,1.26,1.15,0.0,1.48,7.87,0.04,2.89,0.74,3.44,,2.52
2019-06-26,2.31,5.61,0.33,1.6,0.0,1.48,8.02,0.02,0.57,0.17,1.19,,0.28
2019-06-27,3.0,4.12,0.68,1.01,0.0,1.48,8.68,0.01,0.12,0.0,0.0,,0.13
2019-06-28,4.73,4.47,0.6,1.34,0.0,1.48,9.38,0.0,0.08,0.0,0.0,,0.18
2019-06-29,4.15,4.78,0.46,0.42,0.0,1.48,10.21,0.01,0.1,0.0,0.12,,0.14
2019-06-30,2.66,4.4,0.74,2.15,0.0,1.46,9.86,0.0,0.09,0.43,0.0,,0.29
2019-07-01,7.78,7.26,0.38,2.45,0.0,1.46,10.62,0.01,0.08,0.01,0.13,,0.19
2019-07-02,4.32,7.07,0.1,1.38,0.17,1.48,9.95,0.0,0.06,0.05,0.0,,0.3
2019-07-03,4.3,6.32,0.04,1.15,1.13,1.48,9.08,0.01,0.09,0.14,0.0,,0.25
2019-07-04,3.61,5.94,0.1,2.0,1.07,1.48,6.96,0.01,0.09,0.01,0.0,1.4,0.93
2019-07-05,3.88,6.06,0.37,2.47,0.53,1.48,6.22,0.01,0.06,0.0,0.0,0.2,0.41
2019-07-06,4.13,5.54,0.11,1.02,0.48,1.48,9.27,0.0066666666666666,0.0,0.0,0.0,0.07,1.79
2019-07-07,3.02,4.52,0.08,0.15,0.01,1.48,8.63,0.0033333333333333,0.0,0.0,0.0,0.03,0.18
2019-07-08,1.49,5.3,0.16,3.19,0.01,1.48,8.07,0.0,0.06,0.0,0.0,0.06,0.225
2019-07-09,6.04,5.41,0.16,5.97,0.0,1.48,6.12,0.0,0.03,0.0,0.01,0.04,0.27
2019-07-10,3.33,3.81,0.2,4.27,0.01,1.48,5.37,0.0,0.04,0.0,0.0,0.01,0.135
2019-07-11,2.76,2.89,0.16,4.57,0.01,1.48,10.43,0.0,0.17,0.02,0.0,0.01,0.0
2019-07-12,2.73,4.78,0.13,2.21,0.02,1.48,9.54,0.02,0.11,0.01,0.0,0.01,0.85
2019-07-13,4.14,4.12,0.18,0.0,0.0,1.48,10.68,0.0,0.0,0.0,0.0,0.13,0.22
2019-07-14,1.79,2.4,0.1,0.0,0.01,1.48,10.17,0.015,0.34,0.05,0.0,0.58,0.5
2019-07-15,3.75,3.75,0.03,0.0,0.01,1.48,9.36,0.03,0.24,0.02,0.0,0.37,0.35
2019-07-16,3.74,5.57,0.0,0.0,0.01,1.48,9.33,1.33,1.71,0.35,0.0,0.7,0.74
2019-07-17,6.34,5.51,0.0,0.0,0.01,1.48,6.4,0.02,0.3,0.32,0.0,0.19,0.51
2019-07-18,3.08,5.22,0.01,0.0,0.0,1.48,8.1,0.02,0.66,0.49,0.0,0.12,0.56
2019-07-19,5.27,5.47,0.04,0.0,0.0,1.48,7.96,0.03,1.67,0.62,0.0,0.15,0.71
2019-07-20,1.44,5.37,0.06,0.0,0.0,1.48,9.62,0.03,0.44,0.0,0.0,0.1533333333333333,0.65
2019-07-21,0.72,4.62,0.2,0.0,0.0,1.48,7.74,0.08,0.12,0.0,0.13,0.1566666666666666,0.54
2019-07-22,1.04,4.62,0.25,0.0,0.0,1.48,13.71,0.06,0.22,0.65,0.0,0.16,0.72
2019-07-23,1.65,4.31,0.48,0.24,0.0,1.48,14.56,0.29,0.06,0.0,0.0,0.03,0.18
2019-07-24,2.96,3.18,0.28,5.93,0.0,1.48,13.14,0.21,0.07,0.0,0.02,0.09,0.15
2019-07-25,3.47,2.89,0.19,0.0,0.0,1.48,10.07,0.14,0.39,0.02,0.0,0.1,0.24
2019-07-26,4.17,4.35,0.14,0.64,0.0,1.48,13.25,0.03,0.12,0.07,0.0,0.06,0.1
2019-07-27,4.46,4.39,0.03,2.67,0.0,1.46,12.61,0.01,0.0,0.01,0.08,0.0,0.07
2019-07-28,3.55,3.61,0.01,1.21,0.0,1.45,11.83,0.0,0.0,0.13,0.0,0.0266666666666666,0.16
2019-07-29,4.59,4.38,0.0,3.41,0.0,1.48,12.32,0.01,0.02,0.0,0.0,0.0533333333333333,0.06
2019-07-30,3.11,4.98,0.0,3.41,0.0,1.7,13.25,0.02,0.02,0.0,0.0,0.08,0.1
2019-07-31,3.55,4.4,0.0,2.37,0.0,3.39,8.2,0.01,0.21,0.16,0.0,0.06,0.15
2019-08-01,3.09,4.9,0.0,1.46,0.0,3.39,5.79,0.0,0.03,0.0,0.0,0.01,0.08
2019-08-02,3.3,5.68,0.0,1.06,0.0,3.39,4.83,0.01,0.01,0.0,0.0,0.0,0.0
2019-08-03,7.65,6.43,0.0,1.18,0.0,1.94,8.31,0.0,0.0,0.0,0.12,0.005,0.0
2019-08-04,3.78,4.8,0.0,1.02,0.0,0.52,3.18,0.0,0.0,0.0,0.11,0.01,0.0
2019-08-05,6.18,6.92,0.0,1.77,0.0,0.52,8.74,0.0,0.0,0.02,0.65,0.015,0.04
2019-08-06,5.66,7.13,0.0,1.52,0.0,0.52,12.32,0.01,0.0,0.02,0.7,0.02,0.1
2019-08-07,6.68,6.76,0.0,1.12,0.0,0.52,12.05,0.0,0.0,0.0,0.4,0.03,0.02
2019-08-08,5.42,5.32,0.0,1.29,0.0,0.51,13.8,0.0,0.0,0.0,0.37,0.0,0.08
2019-08-09,4.6,5.5,0.27,0.81,0.0,0.52,4.09,0.42,0.0,0.0,0.25,0.03,0.0
2019-08-10,6.03,5.47,3.89,0.78,0.0,0.52,2.47,0.2,0.0,0.0,0.08,0.05,0.0
2019-08-11,2.99,4.95,2.39,1.57,0.0,0.52,3.37,0.11,0.0,0.06,2.705,0.11,0.04
2019-08-12,7.41,4.02,2.7,0.78,0.0,0.51,3.88,0.06,0.0,0.18,5.33,0.05,0.08
2019-08-13,5.21,5.33,8.56,0.78,0.0,0.52,4.31,0.07,0.0,1.61,7.18,0.12,0.16
2019-08-14,3.51,5.43,29.53,1.43,0.0,0.52,2.0,0.06,0.0,0.09,1.98,0.2,0.14
2019-08-15,1.23,4.96,14.51,1.13,0.0,0.52,1.98,0.02,0.0,0.0,0.11,0.04,0.0
2019-08-16,6.64,5.31,13.12,0.0,0.0,0.52,2.7,0.04,0.01,0.16,0.85,0.05,0.03
2019-08-17,7.78,6.86,6.07,0.05,0.0,0.52,2.0,0.04,0.01,0.45,0.0,0.12,0.34
2019-08-18,4.27,6.22,10.73,0.0,0.0,0.52,2.15,0.04,0.13,0.36,1.36,0.1,0.66
2019-08-19,6.54,6.9,9.53,0.0,0.0,0.51,2.92,0.02,0.0,0.14,14.85,0.1,0.11
2019-08-20,5.89,7.81,13.61,0.0,0.0,0.52,2.0,0.07,0.0,0.37,26.33,0.19,0.26
2019-08-21,3.58,7.16,16.54,0.0,0.0,0.49,2.0,0.02,0.0,0.54,5.4,0.05,0.27
2019-08-22,7.13,8.17,4.95,0.0,0.0,0.52,2.0,0.03,0.0,0.2,2.75,0.03,0.22
2019-08-23,12.57,5.61,4.95,0.0,0.0,0.52,2.0,0.05,0.0,0.39,1.375,0.0,0.59
2019-08-24,6.87,5.78,4.95,0.0,0.0,0.52,2.0,0.01,0.0,0.04,0.0,0.05,0.41
2019-08-25,2.47,5.38,5.91,0.0,0.0,0.52,1.935,0.01,0.0,0.04,0.0,0.02,0.24
2019-08-26,5.9,7.05,4.13,0.0,0.0,0.52,1.87,0.03,0.0,0.0,0.0,0.23,0.14
2019-08-27,3.71,6.19,2.99,0.0,0.0,0.52,2.0,0.01,0.0,0.0,0.01,0.12,0.28
2019-08-28,3.43,5.75,15.04,0.0,0.0,0.52,1.98,0.01,0.0,0.0,0.0,0.03,0.25
2019-08-29,,7.89,0.44,0.0,0.0,0.52,1.98,0.0,0.06,0.46,0.0,0.13,0.49
2019-08-30,,7.46,0.78,0.0,0.0,0.52,2.0,0.02,0.05,0.05,0.54,0.13,3.46
2019-08-31,,5.44,0.47,0.0,0.0,0.52,2.0,0.0,0.0,0.0,0.0,0.0,3.77
2019-09-01,,4.29,0.08,0.0,0.0,0.52,2.0,0.0,0.0,0.0,0.0,0.0,0.17
2019-09-02,,9.48,4.0,0.0,0.0,0.52,2.0,0.01,0.02,0.05,0.0,0.0,0.09
2019-09-03,,6.15,8.05,0.0,0.0,0.52,1.96,0.02,0.0,0.1,0.0,0.0,0.38
2019-09-04,,6.07,4.01,0.0,0.0,0.52,2.0,0.02,0.0,0.0,0.0,0.0,0.07
2019-09-05,5.85,6.41,1.98,0.21,0.0,0.52,2.0,0.02,0.0,0.0,0.0,0.0,0.31
2019-09-06,5.4,5.45,1.91,0.02,0.0,0.52,1.98,0.06,0.0,0.01,0.0,0.0,0.27
2019-09-07,4.73,5.23,5.37,0.0,0.0,0.52,2.0,0.01,0.0,0.0,0.0,0.0,0.25
2019-09-08,3.86,3.84,5.09,0.0,0.0,0.52,2.0,0.0,0.0,0.0,0.0,0.0,0.2
2019-09-09,3.34,5.38,6.81,0.0,0.0,0.52,1.98,0.03,0.0,0.0,0.0,0.02,0.25
2019-09-10,5.13,6.74,11.78,0.0,0.0,0.52,2.0,0.19,0.0,0.0,0.0,0.0,0.11
2019-09-11,5.22,62.9,6.84,0.0,0.0,0.55,2.0,0.02,0.0,0.0,0.0,0.0,0.15
2019-09-12,4.67,53.19,3.63,0.0,0.0,0.52,2.0,0.01,0.0,0.14,0.0,0.0,0.15
2019-09-13,5.33,60.4,3.75,0.0,0.0,0.52,2.0,0.02,0.0,0.0,0.0,0.0,0.21
2019-09-14,4.13,64.5,1.24,0.0,0.0,0.52,1.98,0.0,0.0,0.24,0.08,0.01,0.21
2019-09-15,1.55,29.18,1.87,0.0,0.0,0.52,1.98,0.03,0.0,0.06,9.38,0.13,0.77
2019-09-16,2.46,38.85,3.28,0.0,0.0,0.52,1.96,0.03,0.0,0.14,2.33,0.06,0.67
2019-09-17,0.92,30.21,0.0,0.0,0.0,0.52,2.0,0.02,0.0,0.3,0.0,0.0,0.39
2019-09-18,2.06,39.22,0.0,0.0,0.02,0.52,2.0,0.01,0.0,0.15,4.56,0.01,1.6
2019-09-19,0.96,44.33,0.05,0.0,0.02,2.65,2.0,0.04,0.0,0.03,0.37,0.0,1.77
2019-09-20,1.38,34.57,0.12,0.0,0.0,0.02,2.0,0.03,0.0,0.25,0.0,0.0,1.34
2019-09-21,2.69,40.39,0.14,0.0,0.0,0.58,1.95,0.05,0.0,0.45,0.0,0.01,0.8
2019-09-22,1.07,28.63,0.0,0.0,0.01,1.14,2.0,0.02,0.0,0.31,0.0,0.06,1.43
2019-09-23,1.48,38.34,0.0,0.04,0.04,1.7,1.98,0.04,0.0,1.13,0.0,0.19,2.41
2019-09-24,4.63,27.24,0.0,0.07,0.07,2.28,2.0,0.02,0.01,0.58,0.0,0.0,1.92
2019-09-25,3.93,0.0,0.0,0.06,0.27,2.04,2.0,0.0,0.0,0.07,0.04,0.0,1.83
2019-09-26,9.39,0.0,0.0,0.01,0.03,2.04,1.95,0.01,0.0,0.0,0.39,0.04,1.4
2019-09-27,8.06,0.0,0.0,0.0,0.06,2.04,1.98,0.02,0.0,0.0,0.0,0.01,0.62
2019-09-28,3.17,0.0,0.0,0.0,0.4,2.04,2.0,0.06,0.02,0.31,0.0,0.01,0.52
2019-09-29,3.67,0.0,0.0,0.0,0.45,2.04,1.98,0.07,0.1,1.21,0.0,0.02,1.11
2019-09-30,4.67,0.0,0.0,0.0,0.31,2.04,2.0,0.05,0.76,0.46,0.0,0.0,2.32
2019-10-01,4.8,,0.58,0.0,0.72,2.04,2.0,0.02,0.65,0.8,0.0,0.0,6.42
2019-10-02,6.64,,0.01,0.0,1.49,2.04,1.99,0.01,0.0,0.12,0.0,0.0,13.88
2019-10-03,11.31,,2.84,0.0,1.12,4.1,2.93,0.03,0.0,0.05,0.0,0.0,3.92
2019-10-04,11.96,,5.62,0.0,0.97,6.04,2.91,0.05,0.0,0.15,0.0,0.0,1.27
2019-10-05,6.56,,7.49,0.01,1.23,2.04,2.15,0.03,0.0,0.5,0.0,0.01,17.76
2019-10-06,3.15,,6.22,0.0,1.11,2.04,1.98,0.03,0.0,0.86,0.0,0.0,7.04
2019-10-07,5.04,,5.14,0.0,1.08,2.04,2.0,0.0,0.0,1.76,0.0,0.0,6.69
2019-10-08,12.41,,4.28,0.0,1.05,2.04,2.0,0.01,0.0,0.06,0.0,0.0,11.58
2019-10-09,2.54,,9.68,0.0,0.72,2.04,2.48,0.05,0.0,0.82,0.0,0.0,8.66
2019-10-10,3.91,,7.74,0.0,0.46,2.04,2.0,0.02,0.0,0.29,0.0,0.0,14.29
2019-10-11,4.16,,9.98,0.0,0.47,2.04,1.83,0.02,0.0,0.32,0.0,0.0,8.87
2019-10-12,3.04,,10.94,0.0,0.51,2.04,2.11,0.02,0.0,0.0,0.0,0.0,7.69
2019-10-13,2.92,,12.43,0.0,0.53,2.04,2.0,0.0,0.0,0.02,0.0,0.0,8.69
2019-10-14,1.88,,10.99,0.0,0.47,2.04,2.0,0.0,0.0,0.29,0.0,0.0,10.74
2019-10-15,1.13,,14.63,0.0,0.51,2.04,2.0,0.0,0.0,0.0,0.0,0.0,8.98
2019-10-16,1.6,,9.99,0.0,0.48,2.04,1.99,0.0,0.0,0.18,,0.0,15.16
2019-10-17,1.54,170.37,6.68,0.0,0.58,2.04,1.95,0.01,0.0,0.39,,0.0,12.48
2019-10-18,1.1,105.76,4.76,0.0,0.51,2.04,1.88,0.02,0.0,0.01,,0.0,8.64
2019-10-19,2.31,59.13,6.15,0.0,0.6,2.04,2.0,0.01,0.0,0.01,,0.0,9.02
2019-10-20,0.94,38.5,5.42,0.0,0.54,2.04,2.0,0.02,0.0,0.15,,0.0,10.97
2019-10-21,0.97,24.54,14.24,0.0,0.52,2.04,2.0,0.0,0.0,0.02,,0.0,8.79
2019-10-22,2.07,21.88,13.6,0.0,0.54,2.04,1.96,0.08,0.0,0.11,,0.0,9.81
2019-10-23,1.66,46.74,6.19,0.0,0.5,2.04,1.96,0.04,0.24,0.87,,0.0,6.5
2019-10-24,2.85,41.88,11.61,0.0,0.56,2.04,1.92,0.02,0.07,0.28,,0.0,2.23
2019-10-25,3.52,41.68,3.28,0.0,0.45,2.04,1.96,0.02,0.07,0.41,,0.0,0.86
2019-10-26,2.5,30.37,0.0,0.0,0.47,2.04,1.98,0.01,0.02,0.29,,0.0,1.04
2019-10-27,1.25,21.36,0.0,0.0,0.5,2.04,2.03,0.01,0.04,0.1,,0.0,0.9
2019-10-28,1.17,40.25,0.0,0.0,0.4,2.04,2.06,0.0,0.01,0.25,,0.0,1.14
2019-10-29,0.74,50.18,0.0,0.0,0.39,2.04,2.0,0.02,0.09,0.68,,0.0,1.25
2019-10-30,1.23,73.39,0.0,0.0,0.47,2.04,1.64,0.01,0.03,1.34,,0.0,1.05
2019-10-31,2.32,45.97,0.0,0.0,0.68,2.04,1.98,0.01,0.0,0.0,,0.0,0.82
2019-11-01,2.68,39.44,0.0,0.0,0.71,2.04,2.0,0.0,0.0,0.0,,0.0,0.79
2019-11-02,4.64,39.05,0.0,0.0,0.51,2.04,2.0,0.01,0.0,0.09,,0.0,0.89
2019-11-03,3.05,19.9,0.0,0.0,0.5,1.89,2.0,0.0,0.0,0.56,,0.0,0.92
2019-11-04,3.76,13.93,0.0,0.0,0.44,1.91,1.84,0.0,0.0,0.93,,0.0,1.13
2019-11-05,4.47,24.93,0.0,0.0,0.62,1.91,1.98,0.0,0.0,1.71,,0.0,1.27
2019-11-06,3.39,24.03,0.0,0.0,0.54,1.91,2.0,0.0,0.0,1.26,,0.0,1.2
2019-11-07,2.42,43.15,0.0,0.0,0.67,1.91,1.98,0.0,0.0,0.05,,0.0,1.03
2019-11-08,5.62,58.56,0.0,0.0,0.6,1.91,2.0,0.0,0.0,0.16,,0.0,1.05
2019-11-09,4.32,41.3,0.0,0.0,0.76,1.91,2.0,0.0,0.0,0.07,,0.0,1.24
2019-11-10,2.42,32.14,0.0,0.0,0.88,1.91,2.0,0.0,0.0,6.02,,0.0,0.94
2019-11-11,2.9,17.4,0.0,0.0,1.48,1.91,2.0,0.0,0.0,0.31,,0.0,1.03
2019-11-12,2.62,35.88,0.0,0.0,1.7,1.91,2.0,0.0,0.0,0.01,,0.0,1.2
2019-11-13,1.14,46.92,0.0,0.0,1.66,1.91,2.0,0.0,0.0,0.38,1.46,0.01,0.99
2019-11-14,1.24,48.29,0.0,0.0,0.89,1.91,2.0,0.02,0.0,0.0,1.08,0.0,0.92
2019-11-15,1.42,30.48,0.0,0.0,0.57,1.91,2.0,0.1,0.0,0.13,3.43,0.0,1.05
2019-11-16,2.08,20.98,0.0,0.0,0.7,1.91,2.0,0.08,0.0,0.18,2.25,0.0,1.23
2019-11-17,1.41,10.36,0.0,0.0,0.51,1.91,2.0,0.01,0.0,0.26,21.24,0.0,1.17
2019-11-18,1.18,13.79,0.0,0.0,0.6,1.91,1.98,0.05,0.0,0.36,12.08,0.0,1.15
2019-11-19,1.13,21.42,0.0,0.0,0.63,1.91,2.01,0.02,0.04,1.9,35.97,0.0,1.07
2019-11-20,1.16,19.08,0.0,0.0,0.52,1.91,2.01,0.05,0.0,0.3,8.41,0.0,1.17
2019-11-21,1.32,8.63,0.0,0.0,0.66,1.91,2.0,0.1,0.0,0.4,8.68,1.0,1.55
2019-11-22,1.62,7.71,0.0,0.0,0.48,1.91,2.0,0.13,0.0,1.04,5.8,0.02,1.19
2019-11-23,1.81,5.16,0.0,0.0,0.56,1.91,2.0,0.15,0.0,4.5,55.31,0.0,1.36
2019-11-24,3.9,3.23,0.0,0.0,0.72,1.91,2.0,0.08,0.0,3.07,51.87,0.01,0.81
2019-11-25,1.96,7.43,0.0,0.0,0.6,1.91,2.01,0.1,0.0,0.53,4.1,0.0,0.83
2019-11-26,1.18,7.02,0.0,0.0,0.48,1.78,1.98,0.07,0.0,0.23,2.99,0.04,0.84
2019-11-27,1.1,7.95,0.0,0.0,0.43,2.02,2.0,0.11,0.0,0.87,19.04,0.0,1.06
2019-11-28,1.24,9.26,0.0,0.0,0.59,1.8,2.0,0.08,0.0,5.5,26.86,0.05,0.94
2019-11-29,1.33,17.3,0.0,0.0,0.51,1.65,2.0,0.09,0.0,0.24,1.94,0.1,0.26
2019-11-30,1.13,5.61,0.0,0.0,0.62,1.72,2.0,0.07,0.0,0.52,8.54,0.0833333333333333,0.88
2019-12-01,0.87,3.88,0.0,0.0,0.65,1.87,2.0,0.06,0.0,0.72,24.62,0.0666666666666666,0.85
2019-12-02,1.58,6.47,0.0,0.0,0.55,1.87,2.0,0.03,0.0,0.0,2.42,0.05,0.66
2019-12-03,1.52,6.9,0.0,0.0,0.59,1.87,1.98,0.06,0.0,0.11,1.32,0.04,0.31
2019-12-04,1.44,9.91,0.0,0.0,0.74,1.87,1.96,0.07,0.0,0.18,1.81,0.06,0.61
2019-12-05,1.3,11.82,0.0,0.0,0.78,1.87,1.9,0.08,0.01,0.78,2.55,0.06,0.68
2019-12-06,1.7,12.26,0.0,0.0,0.64,,2.0,0.05,0.01,0.71,29.74,0.06,0.4
2019-12-07,0.71,8.81,0.0,0.0,0.7,,1.85,0.08,0.0,0.3,3.84,0.04,0.33
2019-12-08,1.05,6.75,0.03,0.0,0.82,,1.98,0.06,0.0,0.71,24.82,0.05,0.11
2019-12-09,1.61,9.04,0.4,0.0,0.66,,2.0,0.04,0.0,0.18,1.12,0.06,0.56
2019-12-10,4.02,8.79,1.71,0.0,0.72,,2.0,0.07,0.0,0.67,23.88,0.06,0.53
2019-12-11,4.13,9.78,4.54,0.0,0.67,,2.0,0.12,0.0,0.53,13.0,0.07,0.27
2019-12-12,4.49,7.42,1.96,0.0,0.54,,1.93,0.1,0.0,0.25,1.78,0.07,0.73
2019-12-13,3.35,4.1,0.0,0.0,0.6,,1.98,0.05,0.0,0.02,0.5,0.04,0.33
2019-12-14,1.32,6.22,0.46,0.0,0.79,,2.0,0.03,0.0,0.04,0.28,10.45,0.21
2019-12-15,1.1,5.64,0.0,0.0,0.73,,1.96,0.03,0.0,0.01,0.0,0.12,0.25
2019-12-16,1.25,4.51,0.0,0.0,0.48,,1.98,0.07,0.0,0.05,0.0,0.11,0.48
2019-12-17,1.13,4.3,0.0,0.0,0.29,,1.98,0.05,0.0,0.36,0.77,0.21,0.41
2019-12-18,1.09,7.11,0.0,0.0,0.44,,1.98,0.05,0.0,0.5,25.72,0.3,0.81
2019-12-19,1.06,5.33,0.0,0.0,0.48,,1.93,0.06,0.0,0.38,0.0,0.28,0.42
2019-12-20,1.0,6.29,0.0,0.0,0.62,,2.0,0.07,0.0,0.95,0.0,0.55,0.27
2019-12-21,2.38,6.22,0.0,0.0,0.56,,2.0,0.07,0.0,1.55,0.0,0.3,0.09
2019-12-22,0.95,10.24,0.0,0.0,0.47,,2.0,0.04,0.0,0.11,0.0,0.21,4.0
2019-12-23,1.33,8.17,0.0,0.0,0.34,,1.98,0.08,0.0,0.02,0.0,0.19,2.83
2019-12-24,1.61,8.99,0.01,0.0,0.51,,1.9,0.04,0.0,0.06,0.0,0.19,0.15
2019-12-25,2.95,2.61,0.06,0.0,0.56,,2.0,0.04,0.0,0.0,0.0,0.15,0.09
2019-12-26,4.49,2.24,0.0,0.0,0.38,,1.96,0.07,0.0,0.06,0.0,0.15,0.01
2019-12-27,4.24,1.23,,0.0,0.33,,1.98,,0.0,0.0,0.0,0.15,0.06
2019-12-28,2.23,1.01,,0.0,0.08,,1.96,,0.0,0.02,0.0,0.14,0.24
2019-12-29,0.71,0.75,,0.0,0.08,,1.98,,0.0,0.01,0.0,0.2,0.3
2019-12-30,2.16,2.21,,0.0,0.09,65.59,1.75,,0.0,0.0,0.0,0.19,0.0
2019-12-31,1.64,2.62,0.0,0.0,0.02,2.74,2.0,0.07,0.0,0.04,0.0,0.15,0.0
2020-01-01,1.25,3.58,0.0,0.0,0.07,2.52,1.98,0.01,0.0,0.0,0.0,0.1,0.0
2020-01-02,1.33,5.56,0.0,0.0,0.08,2.52,1.9,0.02,0.0,0.09,0.0,0.21,0.0
2020-01-03,1.13,2.77,0.0,0.0,0.13,2.52,1.82,0.01,0.0,0.0,0.0,0.23,0.0
2020-01-04,0.98,0.82,15.32,0.0,0.05,2.52,2.0,0.0,0.0,0.13,0.0,0.13,0.05
2020-01-05,0.65,0.4,19.33,0.0,0.03,2.52,1.85,0.0,0.0,0.0,0.0,0.11,0.25
2020-01-06,0.75,0.84,3.47,0.0,0.03,2.52,2.0,0.02,0.0,0.0,0.0,0.06,0.36
2020-01-07,1.1,0.47,0.38,0.0,0.03,2.52,2.0,0.02,0.0,0.0,0.0,0.03,0.0
2020-01-08,1.88,0.46,0.0,0.0,0.05,2.52,1.9,0.03,0.0,0.0,0.0,0.03,0.03
2020-01-09,7.61,0.07,0.0,0.0,0.03,2.52,1.92,0.03,0.0,0.13,0.0,0.03,0.14
2020-01-10,1.21,0.12,0.0,0.0,0.16,2.52,2.0,0.04,0.0,0.0,0.0,0.05,0.08
2020-01-11,1.27,0.2,0.0,0.0,0.46,2.52,2.0,0.02,0.0,0.06,0.0,0.05,0.35
2020-01-12,0.98,0.39,0.0,0.0,1.01,2.52,1.94,0.0,0.0,0.28,0.0,0.035,0.54
2020-01-13,4.12,0.31,0.0,0.0,0.92,2.52,2.0,0.03,0.0,0.7,0.0,0.02,0.65
2020-01-14,7.65,0.3,0.0,0.0,0.36,2.49,1.86,0.03,0.0,0.13,0.0,0.0233333333333333,0.19
2020-01-15,3.41,0.31,0.0,0.0,0.46,2.49,1.94,0.0,0.0,0.0,0.0,0.0266666666666666,0.36
2020-01-16,3.97,0.54,0.0,0.0,0.48,2.52,2.0,0.0,0.0,0.0,0.0,0.03,0.13
2020-01-17,0.96,0.69,0.0,0.0,0.51,2.3,2.0,0.01,0.0,0.0,0.0,0.04,0.01
2020-01-18,0.86,0.32,0.0,0.0,0.61,2.0,1.93,0.0,0.0,0.0,0.0,0.04,0.04
2020-01-19,1.34,0.35,0.0,0.0,0.35,2.0,2.0,0.0,0.0,0.0,0.0,,0.12
2020-01-20,1.86,0.36,0.0,0.0,0.29,1.49,1.94,0.0,0.0,0.0,0.0,,0.16
2020-01-21,0.68,0.38,0.0,0.0,0.44,1.04,1.95,0.03,0.0,0.0,0.0,,0.2
2020-01-22,0.84,0.31,0.0,0.0,0.29,1.04,2.0,0.03,0.0,0.06,0.0,,0.13
2020-01-23,2.7,0.27,0.0,0.0,0.02,1.04,1.83,0.07,0.0,0.37,0.0,,0.06
2020-01-24,3.1,0.31,0.0,0.0,0.08,0.16,2.0,0.07,0.0,0.45,0.0,,0.08
2020-01-25,4.01,0.47,0.0,0.0,0.3,1.04,2.0,0.04,0.0,0.49,0.0,,0.05
2020-01-26,1.52,0.4,0.0,0.0,0.62,1.04,1.83,0.08,0.0,0.68,0.0,,0.03
2020-01-27,1.0,0.99,0.0,0.0,0.45,1.04,2.0,0.03,0.0,0.14,0.0,,0.23
2020-01-28,2.56,0.94,0.0,0.0,0.2,1.04,2.0,0.05,0.0,0.17,0.0,,0.15
2020-01-29,2.32,0.88,0.11,0.0,0.17,1.07,2.0,0.1,0.0,1.21,0.0,,0.07
2020-01-30,2.26,0.52,0.34,0.0,0.21,1.08,1.96,0.0,0.0,0.42,0.0,,0.0
2020-01-31,1.26,0.2,0.83,0.0,0.23,1.05,1.93,0.0,0.0,0.0,0.0,,0.0
2020-02-01,1.6,0.22,1.16,0.0,0.26,1.04,1.856666666666667,0.0,0.0,0.0,0.0,,0.06
2020-02-02,0.74,0.1,1.17,0.0,0.35,1.04,1.7833333333333334,0.015,0.0,0.0,0.0,,0.0
2020-02-03,0.49,0.23,0.9,0.02,0.25,0.81,1.71,0.03,0.0,0.11,0.0,,0.1
2020-02-04,2.94,0.3,3.37,0.01,0.0,0.52,2.0,0.0,0.0,0.0,0.0,,0.1
2020-02-05,4.87,0.23,1.32,0.02,0.0,0.52,2.05,0.13,0.0,0.06,0.0,,0.0
2020-02-06,0.99,0.07,0.36,3.22,0.0,0.52,1.94,0.04,0.0,0.0,0.0,,0.0
2020-02-07,3.76,2.2150000000000003,0.28,1.51,0.0,0.52,2.0,0.02,0.0,0.0,0.0,69.34,0.01
2020-02-08,0.66,4.36,0.0,5.27,0.0,0.52,1.95,0.02,0.0,0.0,0.0,52.005,0.05
2020-02-09,2.15,1.64,0.0,1.66,0.01,0.52,2.0,0.01,0.0,0.0,0.0,34.67,0.0
2020-02-10,0.91,0.16,3.01,4.06,0.0,0.52,1.98,0.01,0.0,0.0,0.0,17.335,0.01
2020-02-11,0.83,0.16,9.03,6.41,0.0,0.52,2.0,0.01,0.0,0.02,0.0,0.0,0.02
2020-02-12,1.16,1.45,2.61,3.34,0.0,0.52,2.0,0.03,0.01,0.15,0.0,0.73,0.14
2020-02-13,6.35,0.56,1.67,0.7,0.0,0.52,2.05,0.02,0.06,0.18,0.0,1.53,0.43
2020-02-14,2.3,0.52,0.22,0.03,0.0,0.52,2.0,0.06,0.11,1.01,0.0,5.37,1.06
2020-02-15,2.74,0.48,0.15,1.33,0.0,0.56,2.0,0.08,0.19,1.06,0.0,4.81,1.98
2020-02-16,2.22,0.5366666666666666,0.55,2.7,0.0,0.61,1.98,0.07,0.05,0.95,0.0,2.62,1.47
2020-02-17,3.04,0.5933333333333333,3.26,0.18,0.06,0.59,1.96,0.05,0.01,0.35,0.0,1.1,0.96
2020-02-18,3.08,0.65,0.77,5.35,0.23,0.56,2.0,0.05,0.06,0.09,0.0,0.96,8.62
2020-02-19,1.82,2.1,1.99,2.57,0.12,0.56,2.0,0.15,0.03,0.32,0.0,1.49,9.57
2020-02-20,0.98,1.82,0.4,1.51,0.02,0.56,1.98,0.09,0.0,0.0,0.0,0.42,
2020-02-21,0.85,0.78,0.6,0.89,0.02,0.56,2.0,0.06,0.0,0.03,0.0,0.29,
2020-02-22,1.15,0.05,1.27,4.21,0.04,0.56,1.88,0.16,0.0,0.0,0.0,0.27,
2020-02-23,3.97,0.3,0.44,5.78,0.05,0.56,2.0,0.05,0.0,0.0,0.0,0.3,
2020-02-24,4.93,0.13,0.08,0.46,0.03,0.56,1.9,0.1,0.0,0.05,0.0,0.45,
2020-02-25,2.52,1.52,0.2,2.39,0.01,0.56,2.0,0.06,0.0,0.03,0.0,0.4,
2020-02-26,3.34,1.11,0.65,3.81,1.73,0.56,1.9,0.0,0.0,0.02,0.0,0.32,
2020-02-27,1.21,0.79,0.26,2.22,3.37,0.86,2.0,0.01,0.0,0.0,0.0,0.01,
2020-02-28,3.86,1.68,0.1,3.67,1.43,1.13,1.96,0.02,1.9,0.01,0.0,0.0,
2020-02-29,4.36,,0.3,12.16,0.91,1.13,2.0,0.04,2.89,0.03,0.0,0.0,1.46
2020-03-01,3.18,,1.08,35.63,1.13,1.13,1.98,0.02,1.87,0.0,0.0,0.0,1.17
2020-03-02,2.75,,0.21,14.18,6.58,1.13,1.98,0.04,2.94,0.01,0.0,0.01,1.1
2020-03-03,3.19,,0.08,1.31,3.94,1.13,1.98,0.07,2.64,0.01,0.0,0.0,0.91
2020-03-04,2.28,,0.12,1.14,1.92,1.13,1.94,0.02,2.67,0.06,0.72,0.0,1.14
2020-03-05,1.18,6.66,0.0,0.19,1.06,1.13,2.0,0.03,5.46,1.04,40.41,0.0,1.02
2020-03-06,0.85,4.57,0.01,2.11,0.71,1.13,1.98,0.01,1.38,0.54,2.61,0.0,0.49
2020-03-07,1.29,1.84,0.02,0.84,0.75,1.13,1.98,0.05,1.83,0.45,6.19,0.0,0.63
2020-03-08,1.98,0.98,0.03,0.46,2.14,1.13,2.0,0.01,1.68,0.5,1.58,0.0,0.76
2020-03-09,1.83,0.1,0.01,0.14,1.46,1.13,2.0,0.03,2.91,0.57,1.52,0.0,1.18
2020-03-10,1.23,0.44,0.03,0.79,1.26,1.13,2.0,0.01,1.7,0.53,0.49,0.0,0.92
2020-03-11,2.01,0.08,0.01,1.13,0.67,1.13,1.96,0.01,2.8,0.45,5.22,0.0,0.74
2020-03-12,1.64,1.44,0.01,3.09,0.35,1.13,1.89,0.01,3.47,0.41,1.78,0.0,0.87
2020-03-13,0.75,6.65,0.01,16.5,1.45,1.13,2.0,0.0,2.11,0.33,0.85,0.01,0.48
2020-03-14,1.14,4.34,0.62,0.88,0.86,1.13,1.98,0.01,2.52,0.77,7.23,0.0,0.78
2020-03-15,3.13,0.45,0.0,5.45,1.39,1.13,2.0,0.0,2.06,0.66,3.04,0.0,0.69
2020-03-16,2.67,0.69,0.01,3.42,1.39,1.13,1.98,0.01,2.54,0.2,1.01,0.0,0.92
2020-03-17,2.66,0.28,0.0,10.03,1.89,1.13,2.0,0.03,2.39,0.0,1.29,0.0,1.11
2020-03-18,3.39,0.35,0.02,6.48,1.91,1.13,1.83,0.06,2.44,0.5,0.32,0.0,1.13
2020-03-19,6.1,0.3,0.01,2.22,2.96,1.13,2.0,0.04,5.53,1.14,5.93,0.01,1.07
2020-03-20,5.73,1.39,0.01,0.0,1.74,0.0,2.0,0.12,4.78,1.29,2.03,0.0,0.8
2020-03-21,2.82,2.32,0.01,0.0,1.76,2.5066666666666664,1.98,0.05,5.13,0.58,10.37,0.01,0.66
2020-03-22,1.62,0.02,0.0,0.0,2.32,5.013333333333333,2.0,0.22,3.83,3.2,17.1,0.02,0.31
2020-03-23,1.21,0.0,0.0,0.0,2.93,7.52,2.0,0.02,1.12,0.1,0.92,0.02,0.32
2020-03-24,3.25,0.52,0.0,0.0,2.5,3.33,1.98,0.11,0.63,0.0,0.26,0.02,0.25
2020-03-25,1.22,0.0,0.01,0.0,2.82,2.85,2.0,0.16,0.65,0.67,0.72,0.02,0.15
2020-03-26,0.69,0.0,0.72,0.0,2.07,2.8,2.0,0.0,0.45,0.0,0.45,0.02,0.16
2020-03-27,1.34,0.0,9.78,0.0,1.78,1.08,1.94,0.0,0.2,0.0,0.14,0.02,0.27
2020-03-28,1.53,0.0,2.55,0.0,1.41,3.56,2.01,0.0,0.2,0.0,0.25,0.02,0.23
2020-03-29,1.55,0.0,5.82,0.0,1.63,1.95,1.98,0.0,0.37,0.0,0.17,0.02,0.0
2020-03-30,1.84,0.0,6.47,0.0,1.41,4.88,1.98,0.0,0.35,0.0,0.24,0.02,0.01
2020-03-31,1.17,0.0,5.94,0.0,1.65,2.5,2.0,0.0,0.39,0.01,1.02,0.01,0.29
2020-04-01,1.81,0.0,13.44,0.0,1.3,1.88,1.98,0.0,0.65,0.1,0.9,0.02,0.04
2020-04-02,1.02,0.0,3.8,0.0,1.06,2.09,2.01,0.0,0.8,0.52,0.75,0.01,0.0
2020-04-03,1.03,0.0,3.0,0.0,0.81,5.44,1.98,0.0,0.67,0.12,1.3,0.02,0.13
2020-04-04,0.84,0.0,2.84,0.0,1.6,4.85,2.0,0.0,1.42,0.23,0.93,0.02,
2020-04-05,1.0,0.0,0.05,0.0,1.24,5.63,1.94,0.0,0.48,0.01,0.38,0.02,
2020-04-06,1.07,0.0,0.29,0.0,0.92,3.94,,0.0,0.52,0.0,0.48,0.02,
2020-04-07,0.97,0.0,0.01,0.0,0.63,1.47,,0.0,0.18,0.0,0.44,0.02,
2020-04-08,1.16,0.0,0.0,0.0,0.27,1.08,,0.0,0.16,0.0,0.38,0.04,
2020-04-09,1.25,0.0,0.0,0.0,0.34,2.04,,0.0,0.84,0.04,0.72,0.01,
2020-04-10,1.08,0.0,0.0,0.0,0.71,3.51,,0.0,0.34,0.0,0.29,0.0,1.17
2020-04-11,0.89,,0.0,0.0,0.28,6.71,1.0,0.01,0.55,0.02,0.49,0.02,1.01
2020-04-12,1.04,,0.0,0.0,,3.97,2.0,0.0,0.95,0.41,0.67,0.12,0.73
2020-04-13,1.2,,0.0,0.0,,2.56,2.0,0.0,0.28,0.0,0.15,0.02,0.42
2020-04-14,0.98,,0.0,0.0,,3.61,1.79,0.0,0.39,0.1,1.3,0.0,0.4
2020-04-15,1.27,,0.0,0.0,,1.67,1.83,0.0,0.19,0.0,0.68,0.02,0.4
2020-04-16,2.64,,0.0,0.0,,3.22,2.0,0.0,0.21,0.0,0.15,0.02,0.28
2020-04-17,1.37,,0.0,0.0,,1.83,1.98,0.0,0.19,0.01,0.31,0.02,0.88
2020-04-18,2.0,,0.0,0.0,,2.45,2.0,0.0,0.36,0.03,0.55,0.02,0.84
2020-04-19,1.15,,0.0,0.0,,0.95,2.0,0.0,0.39,0.01,0.26,0.02,0.66
2020-04-20,0.89,,0.0,0.0,,1.02,2.0,0.0,0.28,0.0,0.15,0.02,0.65
2020-04-21,1.05,,0.0,0.0,,1.5,2.0,0.0,0.32,0.0,0.35,0.02,0.18
2020-04-22,0.71,,0.0,0.0,,2.16,2.0,0.0,0.22,0.02,0.76,0.02,0.32
2020-04-23,0.7,,0.0,0.0,,1.23,2.0,0.0,0.19,0.0,1.7,0.02,0.55
2020-04-24,0.9766666666666666,,0.0,0.0,,0.67,2.0,0.0,0.26,0.0,0.14,0.02,0.53
2020-04-25,1.2533333333333332,,0.0,0.0,,0.56,1.98,0.0,0.3,0.0,0.73,0.03,0.58
2020-04-26,1.53,,0.0,0.0,,0.75,5.05,0.01,0.38,0.0,0.71,0.02,0.56
2020-04-27,1.22,,0.0,0.0,,1.34,8.48,0.0,0.34,0.0,0.16,0.02,0.46
2020-04-28,0.84,,0.0,0.0,,2.51,8.81,0.0,0.11,0.0,0.0,0.01,0.17
2020-04-29,1.25,,0.0,0.0,,2.46,8.72,0.06,0.19,0.0,0.02,0.02,0.0
2020-04-30,1.76,,0.0,0.0,,1.64,8.81,0.05,0.18,0.0,0.02,0.03,0.0
2020-05-01,0.7,,0.0,0.0,,0.92,8.72,0.0,0.22,0.0,0.27,0.02,0.0
2020-05-02,2.37,,0.0,0.0,,0.65,8.72,0.0,0.07,0.0,0.02,0.02,0.0
2020-05-03,2.15,,0.0,0.0,,0.89,8.72,0.02,0.32,0.0,1.96,0.03,0.0
2020-05-04,1.23,,0.0,0.0,,0.9,8.67,0.05,0.28,0.0,1.45,0.02,0.0
2020-05-05,0.75,,0.0,0.0,,1.91,8.72,0.1,0.55,0.0,1.07,0.02,0.0
2020-05-06,2.31,,0.0,0.0,,1.57,8.72,0.02,0.22,0.0,0.17,0.03,0.0
2020-05-07,1.17,,0.0,0.0,,1.72,8.23,0.02,0.52,0.0,0.7,0.02,0.0
2020-05-08,1.54,,0.0,0.0,,0.86,8.81,0.02,0.39,0.0,3.13,0.02,0.0
2020-05-09,0.93,,0.0,2.85,,1.14,8.72,0.04,0.36,0.0,0.38,0.02,0.0
2020-05-10,3.0,,,0.15,,0.84,8.82,0.04,0.32,0.01,3.13,0.01,0.58
2020-05-11,0.74,,,0.62,,0.76,8.72,0.06,0.61,0.22,4.62,0.02,0.0
2020-05-12,0.4,,,0.52,,0.97,8.82,0.34,0.71,0.01,0.26,0.01,0.0
2020-05-13,0.77,,,0.84,,0.88,8.63,1.03,0.5,0.01,0.31,0.02,0.0
2020-05-14,0.63,,,0.05,,0.81,8.81,0.05,0.67,0.0,0.3,0.02,0.74
2020-05-15,1.0,,,0.53,,1.62,8.72,0.02,0.51,0.0,3.18,0.03,1.21
2020-05-16,0.41,,,0.32,,1.25,8.81,0.06,0.52,0.0,4.54,0.03,2.29
2020-05-17,0.29,,,5.95,,1.29,8.81,0.04,0.91,0.0,2.4,0.03,1.41
2020-05-18,0.88,,,7.92,,3.15,6.88,0.04,0.35,0.0,7.93,0.02,1.11
2020-05-19,1.31,,,4.49,,2.43,8.81,0.02,0.86,0.04,19.0,0.01,2.53
2020-05-20,3.09,,,0.12,,1.96,8.72,0.04,1.33,0.21,15.62,0.02,3.43
2020-05-21,1.06,,,0.04,,1.86,8.82,0.02,0.92,0.12,16.16,0.02,2.08
2020-05-22,0.72,,,2.74,,2.64,8.72,0.04,2.29,0.46,18.31,0.01,5.13
2020-05-23,0.7,,0.0,1.18,,1.69,8.82,0.23,4.68,0.83,5.61,0.01,6.77
2020-05-24,0.68,,0.0,0.19,,1.34,8.26,0.08,1.22,0.3,7.18,0.01,2.89
2020-05-25,0.66,,0.0,0.06,,0.98,8.82,0.01,0.4,0.0,0.44,0.02,1.42
2020-05-26,0.86,,0.0,0.73,0.42,0.99,8.63,0.04,0.21,0.43,1.92,0.02,1.36
2020-05-27,0.86,,0.0,0.13,0.12,1.08,8.81,0.01,0.25,0.0,2.52,0.03,1.74
2020-05-28,0.91,,0.0,0.03,0.01,1.41,8.72,0.0,0.81,0.01,13.92,0.02,1.29
2020-05-29,1.07,,0.0,0.07,0.06,1.37,8.72,0.03,0.34,0.03,6.67,0.03,1.01
2020-05-30,1.9,,0.0,0.06,0.0,1.27,8.82,0.0,0.32,0.01,4.83,0.02,0.93
2020-05-31,0.92,,0.0,0.14,0.0,1.13,8.72,0.14,1.21,0.09,0.4,0.02,2.4
2020-06-01,0.84,,0.0,0.23,0.03,3.08,8.33,0.08,2.23,0.47,1.2,0.0,2.71
2020-06-02,0.73,,0.0,0.17,0.01,5.19,8.81,0.08,1.82,0.53,6.9,0.01,1.89
2020-06-03,1.23,,0.0,1.42,0.05,3.65,8.72,0.0,0.35,0.35,1.89,0.01,0.65
2020-06-04,1.61,,0.0,7.94,0.13,3.39,8.27,0.01,0.2,0.0,0.78,0.02,0.51
2020-06-05,1.62,,0.0,7.38,0.04,2.98,8.82,0.01,0.26,0.0,0.54,0.02,0.55
2020-06-06,1.4,,0.0,1.33,0.05,3.18,8.72,0.06,0.27,0.0,2.35,0.03,0.63
2020-06-07,1.17,,0.0,0.55,0.32,3.63,8.81,0.03,0.16,0.06,0.59,0.03,0.7033333333333334
2020-06-08,1.78,,0.0,0.76,0.02,3.84,8.63,0.02,0.29,0.01,2.2,0.03,0.7766666666666667
2020-06-09,2.52,,0.0,0.72,0.02,3.27,8.82,0.03,0.43,0.01,14.26,0.02,0.85
2020-06-10,2.08,,0.0,3.09,0.0,6.7,8.72,0.01,0.73,0.05,13.58,0.03,1.14
2020-06-11,3.38,,0.0,2.35,0.03,7.98,8.82,0.22,1.13,0.1,13.07,0.02,1.8
2020-06-12,2.85,,0.0,0.05,0.0,13.19,8.53,0.02,0.43,0.03,1.39,0.02,0.46
2020-06-13,1.26,,0.0,0.03,0.0,8.68,8.82,0.01,0.15,0.0,0.37,0.03,0.4
2020-06-14,0.97,,0.0,3.54,0.0,6.74,8.72,0.0,0.09,0.01,0.15,0.03,0.39
2020-06-15,1.51,,0.0,0.88,0.01,6.77,8.81,0.12,0.03,0.09,0.37,0.03,0.44
2020-06-16,1.69,,0.0,0.0,0.0,3.36,8.08,0.0,0.0,0.0,0.86,0.03,0.37
2020-06-17,1.39,,0.0,0.0,0.01,3.04,8.82,0.0,0.04,0.14,0.67,0.02,0.44
2020-06-18,1.69,,0.0,0.0,0.08,2.98,8.72,0.0,0.0,0.04,1.06,0.03,0.59
2020-06-19,1.45,,0.0,0.0,0.09,3.62,8.82,0.03,0.04,0.82,1.49,0.03,0.53
2020-06-20,1.87,,0.0,0.0,0.0,3.59,8.72,0.04,0.01,0.45,4.0,0.02,0.55
2020-06-21,1.57,,0.0,0.0,0.01,2.87,8.82,0.09,0.03,1.87,0.57,0.03,0.86
2020-06-22,2.32,5.5,0.0,0.0,0.02,2.67,8.72,0.07,0.04,0.63,3.97,0.03,0.97
2020-06-23,1.33,2.14,0.0,0.0,0.03,2.46,8.82,0.0,0.15,0.46,1.23,0.04,0.68
2020-06-24,1.6,0.22,0.0,0.0,0.0,1.19,7.97,0.0,0.31,0.43,1.12,0.02,0.79
2020-06-25,0.92,2.51,0.0,0.0,0.05,1.22,8.82,0.06,0.58,0.54,0.6,0.02,1.9
2020-06-26,1.45,0.89,0.0,0.0,0.02,1.72,8.54,0.04,0.51,0.47,0.2,0.03,2.25
2020-06-27,0.73,0.38,0.0,0.0,0.01,1.62,8.82,0.07,0.44,0.52,2.75,0.04,1.89
2020-06-28,0.38,0.7,0.0,0.0,0.0,1.34,7.85,0.07,0.37,0.77,3.98,0.06,1.96
2020-06-29,0.0,2.64,0.0,0.0,0.03,0.79,8.81,0.12,0.6,0.78,14.06,0.05,4.41
2020-06-30,0.0,4.49,0.0,0.0,0.0,1.35,8.72,0.14,0.74,0.59,12.19,0.02,1.4
2020-07-01,,4.53,0.0,0.0,0.0,1.87,8.82,0.03,0.3,0.4,14.58,0.04,0.4
