Date,Bengaluru,Chennai,Delhi,Lucknow,Hyderabad,Patna
2017-09-26,4.76,18.8,7.13,4.79,7.2,7.53
2017-09-27,6.16,25.33,6.62,6.4,6.41,11.56
2017-09-28,4.63,21.76,6.08,7.7,5.29,11.76
2017-09-29,5.13,50.51,7.17,6.95,4.87,4.2
2017-09-30,5.74,22.92,6.64,7.67,5.4,6.25
2017-10-01,4.53,11.61,3.46,6.78,5.12,6.12
2017-10-02,5.64,8.99,2.94,8.56,3.37,5.52
2017-10-03,4.49,19.68,5.81,8.82,6.88,3.5
2017-10-04,5.36,21.41,11.7,7.04,10.46,3.45
2017-10-05,5.07,16.78,11.96,7.37,8.94,5.08
2017-10-06,5.66,12.15,13.91,7.04,5.7,5.25
2017-10-07,4.55,10.46,22.29,6.75,7.36,6.72
2017-10-08,4.22,10.51,24,6.95,19.21,9.34
2017-10-09,5.2,14.28,23.51,7.04,4.24,7.14
2017-10-10,3.93,5.18,7.6,8.1,8.63,5.83
2017-10-11,4.38,7.64,6.57,5.91,4.3,9.59
2017-10-12,4.2,3.49,7.65,6.5,4.2,9.64
2017-10-13,4.49,14.37,9.36,5.6,2.36,12.06
2017-10-14,4.64,13.82,14.64,5.22,2.46,12.71
2017-10-15,4.22,11.79,14.31,7.14,4.4,14.06
2017-10-16,4.05,10.98,23.09,11.86,18.9,12.86
2017-10-17,4.37,9.8,17.44,17.23,11.19,7.53
2017-10-18,4.81,22.85,27.42,21.34,4.82,6.95
2017-10-19,4.39,25.11,22.15,31.73,5.43,15.41
2017-10-20,5.88,8.8,36.85,15.66,2.02,9.8
2017-10-21,5.69,7.05,20.55,15.55,10.49,9.83
2017-10-22,5.32,10.8,24.42,19.69,3.29,10.24
2017-10-23,5.39,10.73,27.79,23.36,5.28,10.65
2017-10-24,5.62,11.09,23.19,21.03,5.02,12.57
2017-10-25,4.42,11.24,23.77,26.05,9.07,13.47
2017-10-26,4.26,17.26,24.12,26.34,6.6,9.57
2017-10-27,4.26,6.78,21.24,19.57,13.15,7.66
2017-10-28,4.97,11.79,27.88,19.45,11.15,21.46
2017-10-29,4.3,11.68,25.08,14.33,7.7,10.6
2017-10-30,3.71,9.51,23.68,10.32,12.245,3.32
2017-10-31,3.6,11.69,19.36,10.32,16.79,8.42
2017-11-01,2.66,17.43,16.01,7.29,14.94,7.82
2017-11-02,4.15,14.51,17.19,7.06,17.59,7.22
2017-11-03,5.08,10.59,15.29,6.81,20.33,14.81
2017-11-04,3.3,6.35,18.87,7.25,13.5,18.5
2017-11-05,3.33,6.55,19.55,8.52,13.78,20.26
2017-11-06,3.15,11.84,18.74,9.71,15.11,21.96
2017-11-07,3.51,13.26,15.29,10.21,11.95,19.8
2017-11-08,2.98,13.02,20.46,9.79,17.4,24.95
2017-11-09,3.26,13.05,15.68,9.39,16.53,20.66
2017-11-10,2.76,10.05,17.84,8.94,22.05,21.41
2017-11-11,3.99,12.95,17.8,10.15,27.55,26.09
2017-11-12,3.85,16.59,13.94,10.89,21.15,23.98
2017-11-13,3.68,11.35,15.58,10.83,17.25,21.17
2017-11-14,4.15,8.2,13.67,10.19,20.01,21.39
2017-11-15,3.88,10.74,19.24,9.5,16.76,20.43
2017-11-16,4.34,12.58,22.89,9.39,13.31,21.61
2017-11-17,3.97,12.15,16.32,8.03,14.81,22.51
2017-11-18,3.59,13.45,13.3,9.27,11.42,22.27
2017-11-19,3.76,12.77,15.12,24.02,10.46,26.1
2017-11-20,3.59,11.02,13.7,13.4,10.05,24.59
2017-11-21,3.83,12.9,15.02,6.62,8.34,19.85
2017-11-22,3.36,12.47,18.13,8.11,14.21,20.66
2017-11-23,4.05,12.8,18.32,8.36,18.61,21.75
2017-11-24,3.89,15.48,19.2,9.02,12.78,18.99
2017-11-25,3.81,15.29,17.95,11.13,13.35,20.99
2017-11-26,3.75,11.31,21.01,11.19,10.47,29.86
2017-11-27,3.82,15.38,18.95,12.16,15.16,20.68
2017-11-28,3.95,19.09,19.39,8.69,16.7,22.84
2017-11-29,3.99,11.66,20.1,10.96,15,17.53
2017-11-30,4.12,8.83,16.83,8.59,14.09,16.88
2017-12-01,3.23,9.32,17.59,8.26,14.25,20.61
2017-12-02,2.98,11.23,20.17,8.96,10.97,28.35
2017-12-03,2.16,14.78,19.92,8.77,9.54,23.45
2017-12-04,2.58,20.97,20.17,9.54,12.21,24.46
2017-12-05,3.02,10.72,18.29,10.58,13.2,26.59
2017-12-06,4.86,14.01,20.88,11.95,13.15,25.24
2017-12-07,4.42,17.67,18.17,8.77,16.11,20.03
2017-12-08,4.75,14.6,21.69,13.25,24.61,16.82
2017-12-09,4.86,12.04,24.22,15.34,19.03,20.24
2017-12-10,4.96,9.89,25.97,13.86,22.76,58.61
2017-12-11,4.41,7.67,24.39,10.23,22.48,37.5
2017-12-12,3.84,6.1,11.71,10.5,12.94,30.54
2017-12-13,3.72,9.12,10.81,8.87,8.51,38.42
2017-12-14,3.71,13.19,11.18,8.43,7.88,59.67
2017-12-15,2.87,11.93,9.69,11.8,7.52,46.3
2017-12-16,3.2,7.92,4.98,8.63,8.56,39.91
2017-12-17,3.56,8.69,12.68,10.49,12.3,38.89
2017-12-18,3.66,8.65,16.97,9.83,22.04,34.58
2017-12-19,3.71,21.79,23.03,10.93,24.06,54.94
2017-12-20,6.38,11.48,25,13.64,21.88,51.15
2017-12-21,5.76,10.75,22.54,12.24,16.67,46.2
2017-12-22,3.32,13.33,20.47,11.66,16.21,45.23
2017-12-23,3.55,13.21,19.95,9.16,15.01,50.93
2017-12-24,2.29,15.53,23.73,8.54,10.11,54.55
2017-12-25,2.78,8.9,23.76,7.07,8.51,39.37
2017-12-26,2.72,14.59,22.1,8.41,18.35,41.33
2017-12-27,3.4,13.05,23.17,8.66,16.26,34.09
2017-12-28,3.38,11.39,25.51,9.5,14.18,33.04
2017-12-29,3.6,12.13,25.54,10.19,10.66,34.99
2017-12-30,3.26,8.92,21.01,7.24,9.62,37.05
2017-12-31,2.95,6.62,17.97,7.64,8.17,53.72
2018-01-01,3.2,6,18.58,6.89,11.25,51.63
2018-01-02,3.37,8.23,12.43,8.56,9.44,36.7
2018-01-03,2.8,12.77,10.28,7.57,10.52,49.93
2018-01-04,3.32,11.75,14.42,7.77,17.34,42.33
2018-01-05,5.34,16.44,13.2,9.07,15.67,30.81
2018-01-06,4.28,29.31,18.15,8.87,12.81,39.19
2018-01-07,3.37,17.55,16.27,8.86,11.62,56.84
2018-01-08,4.26,14.31,17.15,9.17,9.28,61.32
2018-01-09,16.6,20.33,21.82,8.57,10.51,52.83
2018-01-10,3.16,10.64,18.98,8.8,12.71,45.91
2018-01-11,4.91,11.52,17.4,9.82,17.13,66.87
2018-01-12,5.74,12.57,24.03,9.29,17.29,70.52
2018-01-13,3.51,19.38,24.28,10.86,20.89,50.29
2018-01-14,3.2,20.61,22.47,9.76,13.76,44.99
2018-01-15,3.35,13.78,19.12,8.7,7.43,53.83
2018-01-16,3.47,12.31,19.06,9.81,9.12,59.01
2018-01-17,3.58,26.45,14.48,10.82,10.5,49.61
2018-01-18,3.66,23.22,21.02,9.9,13.02,43.97
2018-01-19,4.22,29.85,22.27,9.96,17.29,45.92
2018-01-20,4.32,34.03,14.45,10.46,23.32,47.9
2018-01-21,3.97,33.72,16.91,9.56,13.76,47.68
2018-01-22,4.24,13.69,21.64,8.87,9.28,49.05
2018-01-23,4.59,9.92,14.25,9.71,6.93,47.83
2018-01-24,4.59,12.56,11.9,10.27,9.52,49.66
2018-01-25,4.19,9.64,6.84,8.1,16.47,50.08
2018-01-26,4.24,6.7,7.99,8.58,19.6,48.81
2018-01-27,4.21,7.26,7.94,9.7,13.62,45.88
2018-01-28,4.28,6.72,10.26,8.36,9.02,29.76
2018-01-29,4.17,8.17,12.61,9.83,8.69,31.86
2018-01-30,3.89,11.98,14.47,7.78,16.9,35.29
2018-01-31,4.07,17.29,11.35,8.44,20.33,37.73
2018-02-01,5.01,14.37,18.67,8.27,22.37,33.66
2018-02-02,4.38,8.5,12.25,9.1,16.85,37.48
2018-02-03,6.48,6.93,14.2,12.83,9.51,39.67
2018-02-04,12.74,5.65,13.2,9.75,9.46,34.47
2018-02-05,3.37,6.64,14.77,10.79,8.16,34.57
2018-02-06,3.52,8.16,14.94,11.05,9.68,36.39
2018-02-07,3.22,6.16,14.58,9.24,13.6,36.33
2018-02-08,4.2,6.61,13.8,12.08,13.52,28.47
2018-02-09,4.36,5.6,14.35,14.02,13.92,37.08
2018-02-10,6.63,6.64,13.77,13.01,13.07,39.86
2018-02-11,3.42,6.47,14.45,13.29,8.55,38.42
2018-02-12,2.99,5.97,8.58,12.54,6.61,32.37
2018-02-13,1.84,7.42,10.25,12.22,6.53,36.21
2018-02-14,1.61,7.06,9.03,10.56,8.3,30.96
2018-02-15,1.47,11.88,11.47,13.72,12.88,37.8
2018-02-16,2.79,9.95,12.49,15.47,17.02,33.92
2018-02-17,8.54,7.69,15.01,15.7,20.36,35.52
2018-02-18,5.69,8.49,12.17,15.42,10.27,54.87
2018-02-19,4.22,9.71,15.25,15.91,7.39,50.76
2018-02-20,3.15,9.94,14.53,19.75,6.36,42.64
2018-02-21,3.36,10.16,13.97,19.24,7.37,39.32
2018-02-22,3.19,10.97,15.89,20.89,8.69,38.02
2018-02-23,2.94,8.95,16.26,21.32,8.18,38.49
2018-02-24,2.35,9.72,15.09,21.7,8.22,37.43
2018-02-25,2.34,12.04,14.34,14.64,7.54,38.53
2018-02-26,2.61,12.92,9.64,11.36,9.89,27.21
2018-02-27,3.87,10.04,10.72,13.5,14.95,35.57
2018-02-28,3.4,9.39,14.52,13.53,12.91,33.35
2018-03-01,3.09,10.14,14.9,12.12,11.14,42.83
2018-03-02,3.53,9.72,11.52,13.04,10.18,33.4
2018-03-03,3.14,10.37,12.93,12.7,9.79,39.98
2018-03-04,4.2,9.28,12.95,11.9,9.17,39.26
2018-03-05,3.71,7.71,12.7,11.02,8.88,35.41
2018-03-06,3.85,8.42,12.99,12.26,9.83,36.22
2018-03-07,3.83,5.79,13.23,13.33,7.58,35.5
2018-03-08,3.66,9.39,16.98,15.43,7.22,37.06
2018-03-09,4.07,7.73,18.68,15.73,6.03,42.15
2018-03-10,4.18,7.81,14.8,14.59,7.24,38.04
2018-03-11,3.7,12.98,15.41,18.02,6.94,34.89
2018-03-12,4.01,12.55,17.48,15.34,5.14,37.91
2018-03-13,4.08,7.09,17.22,15.46,5.62,36.91
2018-03-14,4.17,7.06,17.39,18.86,7.43,45.05
2018-03-15,3.95,7.31,16.08,20.64,8.79,44.85
2018-03-16,3.88,5.73,16.61,15.59,14.59,41.25
2018-03-17,4.27,8.57,13.63,13.7,5.86,48.51
2018-03-18,3.39,20.78,17.22,11.51,4.84,51.35
2018-03-19,3.33,10.23,16.95,11.29,5.87,50.18
2018-03-20,3.26,11.81,20.52,10.77,7.01,49.53
2018-03-21,3.02,9.22,24.36,13.27,11.32,46.51
2018-03-22,3.78,7.46,17.14,10.09,13.35,50.87
2018-03-23,3.89,3.84,12.75,10.34,16.25,48
2018-03-24,3.61,5.9,14.56,11.63,16.63,47.24
2018-03-25,3.59,3.54,15.57,9.9,10.47,48.42
2018-03-26,5.17,9.39,16.28,10.38,7.69,45.13
2018-03-27,6.99,7.14,18.5,10.63,9.57,54.47
2018-03-28,4.245,4.51,16.27,13.93,9.65,49.48
2018-03-29,1.5,5.95,16.53,13.36,9.33,49.89
2018-03-30,1.48,6.74,15.95,11.53,7.54,47.22
2018-03-31,2.58,6.34,16.59,10.29,7.47,45.8
2018-04-01,2.83,7.76,14.13,10.62,5.79,45.56
2018-04-02,3,6.52,16.54,11.45,5.28,47.74
2018-04-03,3.91,6.48,17.36,12.52,5.64,52.83
2018-04-04,3.42,5.81,16.58,13.52,5.82,52.52
2018-04-05,3.39,7.03,19.67,9.71,4.72,50.91
2018-04-06,3.64,6.96,19.96,8.36,5.68,51.48
2018-04-07,3.55,4.99,10.48,7.21,9.13,50.36
2018-04-08,3.4,11.9,10.5,8.54,5.05,53.89
2018-04-09,3.34,28.17,10.77,8.84,6.94,47.09
2018-04-10,3.47,30.67,12.65,15.8,6.42,50.31
2018-04-11,3.4,20.43,11.21,10.96,6.12,52.73
2018-04-12,3.24,6.2,10.07,8.35,7.29,49.12
2018-04-13,3.56,5.03,13.37,10.62,5.19,47.52
2018-04-14,3.8,4.51,15.77,10.04,4.9,41.39
2018-04-15,3.42,3.97,17.56,12,5.47,42.86
2018-04-16,3.01,4.74,21.02,11.41,8.34,46.85
2018-04-17,2.74,3.34,13.57,12.56,5.64,48.2
2018-04-18,2.73,3.88,13.29,10.39,9.98,55.42
2018-04-19,6.9,3.44,16.76,10.77,10.51,53.16
2018-04-20,2.28,4.3,15.55,11.88,9.2,49.72
2018-04-21,2.7,3.77,12.08,9.43,10.1,49.2
2018-04-22,3.94,3.78,16.92,10.77,7.55,51.38
2018-04-23,3.94,3.35,12.89,10.81,6.52,46.7
2018-04-24,4.05,4.11,17.01,12.27,6.92,50.74
2018-04-25,4.06,3.37,15.1,14.96,6.07,49.87
2018-04-26,5.71,5.12,17.89,12.84,6.99,50.34
2018-04-27,5.25,5.02,12.96,10.43,7.12,41.91
2018-04-28,5.54,4.86,12.38,12.83,6.84,50.06
2018-04-29,6.03,3.63,16.1,12,7.72,47.85
2018-04-30,5.46,3.97,11.9,9.26,9.74,48.92
2018-05-01,6.12,3.39,8.8,10.28,7.94,50.23
2018-05-02,9.43,5.4,7.65,10.77,5.92,50.67
2018-05-03,5.83,7.39,9.52,9.62,5.45,49.65
2018-05-04,6.65,4.36,9.06,10.9,6.1,41.48
2018-05-05,4.22,4.32,11.85,10.09,5.94,46.87
2018-05-06,5.71,5.11,14.61,11.07,6.47,44.43
2018-05-07,5.1,20.65,16.31,10.68,6.91,45.99
2018-05-08,6.3,9.24,6.97,13,7.8,41.82
2018-05-09,5.64,6.74,12.35,10.26,6.11,41.89
2018-05-10,5.31,7.95,12.02,8.27,5.28,38.75
2018-05-11,5.48,5.67,16.58,11.04,6.44,44.68
2018-05-12,4.33,6.1,17.75,13.17,5.79,44.45
2018-05-13,5.76,6.18,11.48,10.5,6.11,39.58
2018-05-14,7.1,6.23,11.3,8.98,5.38,48.95
2018-05-15,6.35,6.55,11.9,9.89,4.84,40.03
2018-05-16,6.26,6.31,9.25,10.52,8.26,51.23
2018-05-17,5.16,7.82,13.61,10.36,9.18,49.64
2018-05-18,4.09,5.65,13.97,11.03,6.93,45.29
2018-05-19,4.82,6.8,12.48,10.19,8.04,46.76
2018-05-20,4.3,7.94,12.65,7.18,6.25,48.47
2018-05-21,4.51,6.83,12.73,6.2,6.97,43.55
2018-05-22,3.12,6.22,15.56,9.41,7.04,42.66
2018-05-23,4.33,6.03,17.57,10.76,6.22,43.77
2018-05-24,4.77,6.28,17.78,8.21,6.42,45.56
2018-05-25,4.87,6.2,12.73,8.63,6.99,39.32
2018-05-26,3.78,6.46,14.9,9.37,4.39,32.15
2018-05-27,3.86,5.25,11.59,7.56,6.26,37.77
2018-05-28,4.26,5.48,15.54,7.09,5.77,36.85
2018-05-29,3.57,5.4,11.93,7.03,6.41,30.11
2018-05-30,3.68,6.2,8.58,6.64,6.53,39.04
2018-05-31,3.55,5.1,9.71,6.46,5.81,39.17
2018-06-01,3.69,4.68,8.24,7.22,6.76,39.18
2018-06-02,6.55,4.91,9.08,7.39,6.87,39.07
2018-06-03,4.18,6.62,7.79,7.86,7.11,39.56
2018-06-04,4.39,6.78,8.14,7.28,7.1,39.99
2018-06-05,6.31,6.24,7.51,8.05,7.18,39.36
2018-06-06,7.21,5.87,9.34,8.73,7.06,35.13
2018-06-07,5.85,5.12,10.1,9.96,5.17,36.07
2018-06-08,6.23,6.26,7.75,9.92,6.1,35.82
2018-06-09,5.35,5.8,6.41,10.68,6.84,37.58
2018-06-10,5.19,6.33,7.35,10.4,7.35,35.42
2018-06-11,4.66,5.87,6.94,10,8.45,34.43
2018-06-12,3.37,6.19,8.73,10.03,10.11,39.02
2018-06-13,4,5.75,6.91,9.01,7.58,45.415
2018-06-14,2.91,5.64,7.22,10.09,8.26,51.81
2018-06-15,3.21,5.95,7.31,9.1,9.66,26.85
2018-06-16,3.24,4.42,7.29,9.48,8.96,33.13
2018-06-17,3.83,4.97,6.18,8.56,9.83,35
2018-06-18,4.93,6.27,7.71,8.72,8.6,35.86
2018-06-19,4.53,6.21,6.5,7.24,6.94,42.54
2018-06-20,4.83,5.71,10.05,8.89,6.5,41.49
2018-06-21,5.1,5.9,9.73,11.23,6.21,38.08
2018-06-22,4.68,5.65,12.38,9.06,6.19,37.85
2018-06-23,4.7,4.85,11.68,7.89,6.35,38.09
2018-06-24,4.64,5.48,13.73,7.96,6.42,36.95
2018-06-25,4.79,6.06,12.17,8.24,6.36,37.88
2018-06-26,4.78,5.28,13.16,8.46,5.93,42.11
2018-06-27,4.87,5.84,10.43,8.77,4.6,38.31
2018-06-28,5.5,5.57,8.48,8.2,5.05,39
2018-06-29,5.95,5.21,9.36,7.9,5.38,39.94
2018-06-30,6.63,6.16,9.55,7.89,6.64,35.09
2018-07-01,6.11,5.51,8.53,9.93,7.1,39.85
2018-07-02,6.9,6.51,8.82,11.07,5.74,40.03
2018-07-03,7.51,5.53,10.11,6.68,5.56,42.75
2018-07-04,6.49,5.74,10.14,5.46,5.95,34.38
2018-07-05,6.47,5.91,11.14,5.36,6.07,39.4
2018-07-06,6.63,5.73,10.27,6.03,5.06,41
2018-07-07,7.2,4.83,10.4,8.27,5.19,46.94
2018-07-08,7.09,6.22,11.6,7.23,5.61,89.52
2018-07-09,7.5,5.42,11,5.88,5.45,58.78
2018-07-10,7.49,5.36,10.92,6.69,5.47,46.2
2018-07-11,8.27,6.56,11.26,6.62,4.83,50.3
2018-07-12,8.6,6.04,10.92,8.67,4.96,58.06
2018-07-13,7.14,5.81,10.69,6.54,6.21,80.92
2018-07-14,7.47,4.79,11.13,7.59,6.88,78.96
2018-07-15,6.66,5.74,10.64,6.13,6.66,56.12
2018-07-16,7.32,5.79,9.51,5.74,8.75,46.43
2018-07-17,7.56,7.06,10.2,6.6,6.46,54.19
2018-07-18,7.75,11.13,11.04,7.75,6.95,55.64
2018-07-19,7.58,7.33,11.14,8.38,7.32,57.14
2018-07-20,7.49,6.12,10.4,7.26,9.52,45.51
2018-07-21,7.68,6.79,11.2,6.49,9.11,51.68
2018-07-22,8.01,8.48,9.85,5.85,9.22,51.57
2018-07-23,7.9,6.89,10.43,6.36,7.41,51.78
2018-07-24,7.08,6.18,10.78,5.55,5.87,48.07
2018-07-25,7.68,8.34,9.99,6.31,6.55,55.45
2018-07-26,7.55,11.1,9.27,6.17,7.06,80.07
2018-07-27,7.46,5.64,9.13,6.35,6.46,51.81
2018-07-28,6.84,6.54,9.55,5.46,6.09,44.84
2018-07-29,6.51,9.83,9.37,5.51,7.2,32.85
2018-07-30,7.18,7.12,8.96,4.93,6.79,21.96
2018-07-31,6.44,6.08,9.12,5.77,6.8,8.74
2018-08-01,6,6.97,9.71,5.21,6.2,12.44
2018-08-02,6.28,6.19,10.22,5.23,6.61,15.77
2018-08-03,6.5,7.57,9.48,5.51,7.02,28.32
2018-08-04,6.8,5.68,9.61,5.05,6.63,20.96
2018-08-05,7.15,5.85,9.86,5.78,6.37,21.21
2018-08-06,5.94,5.49,9.4,6.1,7.05,15.58
2018-08-07,6.18,5.8,10.65,7.55,8.15,17.96
2018-08-08,6.68,5.96,9.47,7.87,7.42,15.27
2018-08-09,6.27,6.67,9.85,7.5,5.9,12.46
2018-08-10,7.52,6.22,9.66,6.57,6.07,13.15
2018-08-11,6.44,7.81,8.84,5.79,6.09,10.84
2018-08-12,6.96,4.28,9.09,5.97,6.15,10.84
2018-08-13,5.96,6.47,9.26,7.42,6.65,15.98
2018-08-14,6.34,6.16,9.86,8.37,7.29,24.07
2018-08-15,6.35,4.58,8.85,9.32,10.13,23.49
2018-08-16,5.58,10.58,10.43,9.56,5.69,22.72
2018-08-17,5.76,15.97,9.26,9.14,7.17,18.95
2018-08-18,6.76,14.94,10.05,9.14,8,25.63
2018-08-19,6.44,15.14,11.4,8.68,6.84,23.94
2018-08-20,6.65,14.29,10.88,8.31,5.98,27.3
2018-08-21,5.95,15.09,11.99,7.8,6.73,26.1
2018-08-22,6.92,14.35,11.43,7.46,8.08,23.52
2018-08-23,7.32,14.77,10.82,7.19,8.73,24.58
2018-08-24,7.81,11.98,10.4,7.6,8.55,25.58
2018-08-25,7.61,13.19,10.9,12.86,7.55,24.18
2018-08-26,7.07,14.06,10.31,11.13,7.85,24.33
2018-08-27,7.09,12.04,10.82,10.8,7.61,23.76
2018-08-28,6.5,12.49,10.84,4.62,6.97,25.61
2018-08-29,6.94,11.59,10.23,5.17,8.39,25.03
2018-08-30,7.56,10.61,9.97,5.59,8.85,25.23
2018-08-31,7.34,13.07,9.67,6.26,7.13,25.04
2018-09-01,7.25,12.61,10.53,5.61,8.74,23.2
2018-09-02,8.3,13.98,9.81,5.03,6.4,22.43
2018-09-03,8.66,14.76,9.96,5.27,7.13,23.72
2018-09-04,8.63,12.8,10.8,6.44,7.74,25.16
2018-09-05,7.69,9.42,9.62,6.08,8.05,20.93
2018-09-06,8.53,6.19,10.13,6.34,7.84,22.95
2018-09-07,8.27,8.08,10.75,4.85,7.79,24.32
2018-09-08,7.58,14.86,11.38,5,9.3,25.23
2018-09-09,7.65,7.37,10.98,4.78,8.8,24.14
2018-09-10,7.71,5.85,11.21,4.54,7.75,19.69
2018-09-11,6.95,5.71,9.77,4.62,6.42,31.92
2018-09-12,7.44,4.94,10.31,3.94,5.67,24.67
2018-09-13,8.27,5.26,11.24,3.62,6,27.39
2018-09-14,7.55,5.34,11.21,4.18,7.04,18.57
2018-09-15,7.46,6.92,11.74,3.95,6.77,25.01
2018-09-16,8.26,6.42,11.14,3.82,7.78,27.72
2018-09-17,7.87,10.04,11.12,4.08,8.41,25.47
2018-09-18,7.24,11.07,11.95,5.05,6.81,27.02
2018-09-19,7.82,7.27,13.43,4.77,6.9,25.54
2018-09-20,7.22,8.13,14.41,4.36,7.14,27.3
2018-09-21,6.83,6.23,12.74,3.75,8.39,24.72
2018-09-22,7.24,5.06,11.11,3.39,6.23,24
2018-09-23,7.1,5.8,11.59,3.36,6.13,28.55
2018-09-24,6.7,5.68,11.08,4.44,5.85,25.44
2018-09-25,6.79,6.98,10.88,5.61,6.42,24.64
2018-09-26,6.76,6.47,11.59,4,8.2,30.77
2018-09-27,6.59,5.66,12.78,4.47,6.93,28.75
2018-09-28,6.14,7.46,12.98,4.75,7.03,28.69
2018-09-29,6.06,6.62,13.08,4.61,7.08,24.1
2018-09-30,5.67,7.98,12.38,5.15,9.16,26.73
2018-10-01,6.59,7.23,12.7,5.46,7.78,25.87
2018-10-02,6.36,7.93,12.25,4.94,5.89,24.49
2018-10-03,6.27,7.96,13.36,4.99,5.74,22.79
2018-10-04,6.52,17.2,14.42,4.93,5.14,22.34
2018-10-05,6.96,27.34,17.27,5.1,6.26,22.3
2018-10-06,6.52,24.43,13.42,6.17,8.43,27.58
2018-10-07,6.73,9.43,14.33,5.93,6.99,25.22
2018-10-08,6.84,10.98,16.13,6.38,9.45,27.25
2018-10-09,6.89,9.66,19.67,6.41,17.26,27.01
2018-10-10,6.48,11.67,16.55,6.66,13.82,27.51
2018-10-11,6.55,7.72,14.54,7.08,14.89,25.25
2018-10-12,6.53,6.41,16.06,6.55,13.5,26.52
2018-10-13,6.35,6.21,17.91,6.39,10.8,28.37
2018-10-14,6.28,8.16,16.07,5.69,9.08,26.71
2018-10-15,6.36,7.04,17.96,6.72,9.14,26.54
2018-10-16,6.52,7.54,19.19,7,4.76,26.05
2018-10-17,6.56,8.69,17.13,8.04,4.21,28.72
2018-10-18,6.45,6.33,18.46,6.08,3.64,37.04
2018-10-19,6.31,11.52,18.35,4.73,3.92,29.65
2018-10-20,6.74,10.13,19.82,5.45,6.19,32.91
2018-10-21,7.29,6.7,20.59,5.22,5.23,32.07
2018-10-22,7.54,15.4,17.74,6.6,9.47,31.31
2018-10-23,8.02,10.54,19.49,10.34,6.04,31.98
2018-10-24,8.31,9.99,20.95,9.36,6.88,35.23
2018-10-25,6.52,6.88,22.51,8.1,8.39,33.53
2018-10-26,7.67,8.35,20.76,8.52,11.76,34.53
2018-10-27,6.75,15.7,19.9,10.29,16.45,26.81
2018-10-28,6.29,10,15.62,7.41,14.29,27.37
2018-10-29,7.03,5.44,16.66,7.13,19.41,25.76
2018-10-30,6.8,7.44,17.62,8.71,14.14,26.47
2018-10-31,5.81,6.32,18.11,9.8,14.98,24.95
2018-11-01,7.01,7.29,20.12,10.77,11.42,26.5
2018-11-02,6.14,5.72,19.65,11.77,6.15,24.61
2018-11-03,6.46,7.7,17.1,7.61,4.13,28.16
2018-11-04,6.17,15.54,15.01,5.09,3.89,22.35
2018-11-05,6.14,17.81,14.63,6.89,4.62,29.15
2018-11-06,7.11,12.25,15.37,6.35,5.76,31.25
2018-11-07,7.8,14.09,19.39,13.34,8.73,36.17
2018-11-08,7.7,8.6,26.52,16.73,7.39,32.85
2018-11-09,5.77,6.03,17.41,10.04,10.52,37.44
2018-11-10,4.97,10.87,18.01,10.69,16.11,34.72
2018-11-11,5.67,12.87,16.2,8.22,18.58,29.33
2018-11-12,6.65,11.44,17.4,9.17,27.46,33.72
2018-11-13,7.96,10.76,18.72,10.35,32.99,32.52
2018-11-14,7.78,12.45,16.02,8.48,28.68,31.41
2018-11-15,6.5,10.97,15.03,8.04,23.55,32.99
2018-11-16,5.06,12.81,14.2,7.51,14.26,34.17
2018-11-17,5.2,8.51,14.37,9.33,4.64,32.77
2018-11-18,5.38,8.95,16.29,11.68,4.63,33.14
2018-11-19,5.57,13.48,16.32,9.93,4.53,34.64
2018-11-20,5.21,8.75,16.11,10.39,9.77,30.7
2018-11-21,5.74,7.71,14.22,9.37,13.92,38.44
2018-11-22,5.89,9.4,16.89,9.07,9.72,33.15
2018-11-23,5.57,7.81,16.39,8.49,15.7,31.94
2018-11-24,5.34,6.77,15.12,9.05,15.99,34.8
2018-11-25,5.25,6.22,16.56,9.07,16.75,33.66
2018-11-26,5.65,6.7,20.11,10.05,18.36,35.12
2018-11-27,5.5,7.59,18.31,10.39,11.85,42.79
2018-11-28,5.6,7.35,15.96,10,8.85,50.93
2018-11-29,5.48,6.72,12.76,7.94,14.12,51.82
2018-11-30,5.46,10.09,13.69,7.15,20.32,45.49
2018-12-01,5.49,14.74,14.4,7.82,13.09,32.36
2018-12-02,6.21,10.53,16.62,8.52,9.29,31.97
2018-12-03,6.78,8.84,16.52,7.83,7.79,33.19
2018-12-04,5.86,8.25,16.28,8.77,8.53,24.44
2018-12-05,5.69,8.29,15.89,7.25,5.66,28.69
2018-12-06,6.47,7.77,16.49,7.77,4.21,24.78
2018-12-07,5.9,8.44,14.11,7.53,4.65,25.16
2018-12-08,5.86,7.98,15.47,6.67,4.23,29.52
2018-12-09,7.38,8.5,18.08,6.98,5.66,46.42
2018-12-10,5.77,9,16.74,9.42,5.63,40.06
2018-12-11,5.94,11.76,15.49,7.83,7.25,41.9
2018-12-12,6.32,12.46,14.64,6.82,5.85,43.91
2018-12-13,6.32,12.84,13.07,6.97,4.46,35.35
2018-12-14,6.57,8.68,12.5,7.06,6.86,43.64
2018-12-15,6.24,9.89,13.34,6.9,13.68,37.27
2018-12-16,6.45,8.78,15.76,7.59,16.29,35.83
2018-12-17,7.69,10.81,16.14,7.67,12.91,37.63
2018-12-18,5.98,13.49,17.76,7.36,9.12,36.54
2018-12-19,6.12,13.94,17.41,7.75,9.12,33.23
2018-12-20,6.04,10.77,17.68,7.28,11.57,28.34
2018-12-21,5.88,9.74,15.9,8.74,12.56,28.81
2018-12-22,6.01,8.34,18.47,9.91,10.82,32.46
2018-12-23,4.98,9.02,18.21,8.32,7.12,27.61
2018-12-24,5.33,10.8,17.86,7.96,10.6,33.02
2018-12-25,5.24,12.48,14.14,10.46,8.93,28.1
2018-12-26,5.27,9.28,15.37,9.22,6.85,34.63
2018-12-27,5.67,16,18.03,10.99,10.27,28.16
2018-12-28,6.12,11.95,14.8,8.72,16.12,28.76
2018-12-29,6.07,11.11,16.49,13.86,20.66,44.55
2018-12-30,5.34,8.52,19.91,14.27,17.59,25.07
2018-12-31,7.25,17.04,17.38,14.7,19.97,25.42
2019-01-01,8.29,18.33,17.77,15.52,22.51,33.82
2019-01-02,10.22,14.34,18.27,16.56,13.44,31.81
2019-01-03,8.15,15.54,15.12,9,13.01,34.85
2019-01-04,5.76,15.84,13.22,8.46,12.51,31.78
2019-01-05,6.13,11.74,15.59,9.5,8.17,36.1
2019-01-06,6.36,14.62,13.65,6.86,6.61,33.58
2019-01-07,7.13,13.32,15.49,7.8,9.93,32
2019-01-08,7.64,17.38,14.67,5.87,15.09,33.24
2019-01-09,7.01,12.12,15.09,6.76,24.2,32.73
2019-01-10,5.88,11.52,16.81,8.18,15.91,35.12
2019-01-11,5.79,15.08,20.03,8.36,6.42,28.05
2019-01-12,5.73,9.37,17.81,14.64,5.24,33.52
2019-01-13,5.47,13.8,17.83,11.44,4.84,33.72
2019-01-14,4.93,19.57,15.05,6.75,5.55,31.37
2019-01-15,5.28,19.9,17.09,8.14,10.91,30.88
2019-01-16,5.05,17.67,20.35,9.01,13.59,32.24
2019-01-17,5.74,17.24,19.63,8.31,9.96,32.07
2019-01-18,5.35,19.54,14.7,6.77,9.28,31.11
2019-01-19,5.07,17.95,18.07,8.94,11.05,31.81
2019-01-20,5.2,11.27,20.98,10.39,11.84,36.53
2019-01-21,5.32,9.07,16.82,8.37,6.44,30.18
2019-01-22,5.06,15.54,11.87,8.31,5.3,31.23
2019-01-23,5.42,16.66,14.17,8.18,4.71,43.74
2019-01-24,4.97,15.18,15.29,9.77,5.47,46.97
2019-01-25,4.79,8.45,14.62,9.04,4.8,45.36
2019-01-26,5.27,8.05,14.48,6.41,6.04,46.11
2019-01-27,5.16,10.56,15.89,5.81,9.21,45.77
2019-01-28,4.12,16.53,15.76,7.05,10.45,43.78
2019-01-29,4.91,26.06,18.56,7.75,12.83,42.61
2019-01-30,4.8,15.23,24.75,8.53,16.51,43.42
2019-01-31,5.45,10.95,20.48,9.86,9.26,46.97
2019-02-01,5.35,20.89,17.83,9.8,5.43,42.2
2019-02-02,5.01,17.98,11.55,9.25,6.77,42.32
2019-02-03,4.58,9.54,11.7,6.58,5.07,42.02
2019-02-04,4.6,8.95,14.06,6.89,5.28,45.34
2019-02-05,4.54,8.29,22.38,8.62,7.07,44.51
2019-02-06,5.81,8.82,15.59,10.4,6.27,46.63
2019-02-07,5.3,9.04,11.12,7.33,6.17,44.88
2019-02-08,5.21,9.01,12.66,7.85,10.22,43.89
2019-02-09,6.19,12.96,13.25,6.73,13.22,40.83
2019-02-10,4.52,16.47,16.41,6.83,28.83,43.17
2019-02-11,4.04,26.99,17.52,8.57,7.38,43.02
2019-02-12,3.99,13.74,19.93,10.07,5.18,41.18
2019-02-13,4.75,10.38,18.61,9.9,6,44.72
2019-02-14,4.88,11.87,14.53,9.37,4.32,43.26
2019-02-15,4.08,12.88,15.38,6.82,3.41,42.37
2019-02-16,4.69,6.55,12.92,6.41,8,44.13
2019-02-17,4.15,7.69,15.14,5.16,6.81,41.84
2019-02-18,4.52,9.65,16.78,6.77,9.02,43.8
2019-02-19,4.52,9.46,15.93,7.62,5.59,48.97
2019-02-20,4.39,20.24,17.16,7.43,3.81,45.96
2019-02-21,5.06,21.39,20.1,8.61,4.09,29.84
2019-02-22,5.45,23.61,13.94,7.48,5.25,29.32
2019-02-23,5.53,17.84,15.66,5.74,6.7,29.54
2019-02-24,5.19,10.08,18.99,7.03,5.81,30.07
2019-02-25,6.12,6.72,18.07,7.92,11.5,29.99
2019-02-26,6.29,9.36,16.88,7.86,11.07,30.61
2019-02-27,4.45,8.94,12.52,7.53,11.17,32.44
2019-02-28,4.87,9,16.98,5.77,9.8,36.22
2019-03-01,4.93,12.89,15.81,6.55,9.83,37.23
2019-03-02,4.57,30.02,17.96,9.54,3.78,37.21
2019-03-03,4.87,20.68,13.48,8.29,4.01,36.02
2019-03-04,5.09,6.32,14.75,8.17,8.92,38.55
2019-03-05,4.2,17.25,14.26,9.53,14.57,38.3
2019-03-06,4.12,11.03,15.16,11.23,20.09,37.12
2019-03-07,6.25,4.02,16.39,8.87,23.3,36.52
2019-03-08,7.02,5.58,17.44,9.7,13.99,39.04
2019-03-09,5.51,5.6,17.3,10.92,5.59,38.17
2019-03-10,5.12,7.05,16.36,10.5,4.96,33.56
2019-03-11,6.11,9.82,18.44,11.57,4.82,34.38
2019-03-12,8.64,11.08,13.82,12.22,5.24,39.54
2019-03-13,9.55,9.2,22.48,12.57,5.42,39.52
2019-03-14,6.55,8.2,17.54,11.09,7.95,39.4
2019-03-15,6.12,7.74,16.21,9.74,9.87,39.53
2019-03-16,5.15,13.08,15.72,9.37,5.68,39.34
2019-03-17,5.01,14.42,19.96,11.81,4.56,39.63
2019-03-18,5.61,8.64,20.36,11.73,7.62,39.69
2019-03-19,5.13,5.91,20.72,11.56,4.31,39.62
2019-03-20,5.7,3.9,21.42,10.38,4.37,48.14
2019-03-21,5.44,5.61,19.99,8.01,5.08,39.06
2019-03-22,6.86,10.28,16.06,7.39,7.76,43.16
2019-03-23,5.8,7.05,17.52,7.65,6.14,43.81
2019-03-24,6.92,6.74,19.06,8.7,7.32,41.28
2019-03-25,7.66,6.63,20.19,9.21,7.35,44.59
2019-03-26,7.29,7.07,19.26,8.7,7.21,41.82
2019-03-27,6.91,6.04,20.35,9.23,6.45,43.31
2019-03-28,6.72,6.29,24.86,10.35,9.55,45.72
2019-03-29,5.4,6.68,19.52,12.14,10.09,43.57
2019-03-30,4.89,5.95,22.39,10.69,7.18,45.19
2019-03-31,4.68,6.52,18.9,8.89,5.63,47.54
2019-04-01,4.73,6.34,20.09,10.1,7.18,49.33
2019-04-02,5.37,6.2,24.4,9.21,6.48,50.18
2019-04-03,4.96,7.04,21.6,10.67,5.57,49.52
2019-04-04,6.16,6.15,29.11,7.76,5.26,50.39
2019-04-05,5.22,6.42,28.67,7.29,7.11,49.96
2019-04-06,4.83,6.55,23.23,8.04,8.13,49.93
2019-04-07,4.86,6.51,21.35,6.75,5.59,43.2
2019-04-08,5.66,6.91,15.1,6.6,6.35,44.3
2019-04-09,5.07,6.95,22.03,6.91,8.36,40.62
2019-04-10,4.99,6.59,20.84,6.81,8.54,41.97
2019-04-11,5.76,6.87,21.51,7.25,8.56,41.13
2019-04-12,5.41,6.18,19.48,8.25,9.78,42.57
2019-04-13,7.4,6.42,20.82,7.44,7.85,37.59
2019-04-14,8.4,7.55,20.65,7.58,8.61,40.85
2019-04-15,7.56,7.16,22.2,7.29,6.78,41.38
2019-04-16,5.95,6.89,12.59,5.86,7.05,43.59
2019-04-17,5.09,6.69,11.1,5.38,5.59,46.52
2019-04-18,4.1,6.74,15.05,5.69,6.17,44.28
2019-04-19,4.55,6.85,21.22,6.65,2.86,38.93
2019-04-20,5.28,6.58,26.03,8.06,3.16,44.6
2019-04-21,4.9,7.53,22.16,7.82,3.73,42.43
2019-04-22,4.83,5.86,29.31,9.92,3.66,44.15
2019-04-23,4.42,6.31,25.76,8.04,6.3,44.41
2019-04-24,4.37,6.08,19.17,7.71,4.16,44.97
2019-04-25,5.35,6.68,17.67,10.23,4.87,43.39
2019-04-26,4.45,5.85,26.12,10.62,5.83,43.12
2019-04-27,4.97,6.68,21.85,8.43,6,42.1
2019-04-28,5.76,5.6,20.02,8.2,7.03,41.76
2019-04-29,4.5,6.99,23.71,8.28,6.19,42.32
2019-04-30,3.88,6.21,26.58,11.83,6.81,47.86
2019-05-01,4.72,6.16,27.67,9.23,5.57,43.62
2019-05-02,4.34,6.44,18.26,7.74,8.07,43.48
2019-05-03,4.43,5.91,17.91,7.64,9.12,45.04
2019-05-04,3.67,5.05,18.19,7.49,11.55,42.71
2019-05-05,4.21,5.84,21.93,6.78,12.2,43
2019-05-06,4.03,6.29,23.72,5.58,13.57,44.82
2019-05-07,4.63,6.78,22.77,6.84,12.38,43.9
2019-05-08,4.16,6.36,25.84,7.45,11.17,39.86
2019-05-09,4.4,7.45,23.46,7.29,11.69,44.01
2019-05-10,4.23,6.51,17.6,7.77,16.44,44.18
2019-05-11,3.64,7,21.6,9.18,9.88,35.46
2019-05-12,4.01,7.02,19.36,6.72,5.39,32.82
2019-05-13,4.11,7.7,33.5,5.09,6.61,34.89
2019-05-14,5.41,6.68,13.4,6.31,5.5,36.38
2019-05-15,4.29,7.1,20.93,6.83,5.83,42.73
2019-05-16,3.69,5.75,15.36,6.56,8.98,42.12
2019-05-17,4.17,4.42,13.26,6.59,7.43,44.15
2019-05-18,4.54,4.99,10.93,5.52,10.74,42.91
2019-05-19,3.86,4.23,17.36,5.62,13.51,41.63
2019-05-20,4.83,5.18,19.81,6.45,6.3,44.89
2019-05-21,4.25,5.34,20.15,7.8,5.97,36.21
2019-05-22,5.69,4.63,16.92,8.52,6.41,37.42
2019-05-23,3.95,5.04,21.68,7.02,5.38,37.05
2019-05-24,5.29,7.08,11.99,4.63,6.35,35.21
2019-05-25,5,6.2,13.09,4.58,7.62,36.1
2019-05-26,3.85,7.3,17.94,4.92,9.65,36.13
2019-05-27,4.44,6.69,18.9,5.65,7.74,36.05
2019-05-28,4.07,7.55,20.59,6.61,5.92,35.35
2019-05-29,4.82,7.3,23.61,6.92,7.43,38.26
2019-05-30,3.96,7.43,21.99,5.95,6.04,38.52
2019-05-31,4.09,7.66,19.82,4.23,4.32,39.09
2019-06-01,4.4,7.58,21.54,4.81,4.88,49.59
2019-06-02,4.39,6.82,14.15,4.68,5.89,43.81
2019-06-03,4.71,8.53,12.64,4.73,4.86,43.49
2019-06-04,4.54,6.89,13.67,5.59,4.5,44.29
2019-06-05,4.73,8.24,15.82,6.67,5.33,44.91
2019-06-06,4.17,7.89,16.15,5.1,4.84,42.73
2019-06-07,5.38,7.13,14.44,4.45,5.89,45.56
2019-06-08,5.1,6.74,13.47,6.32,5.04,42.76
2019-06-09,4.02,6.49,21.74,5.03,5.98,43.71
2019-06-10,4.44,5.75,15.19,8.71,6.06,46.73
2019-06-11,4.58,4.02,13.52,8.01,5.11,40.63
2019-06-12,6.09,5.79,11.57,4.6,5.25,45.04
2019-06-13,7.48,3.78,11.79,4.33,5.75,36.63
2019-06-14,8.44,4.38,12.89,3.64,4.75,34.02
2019-06-15,8.45,4.57,17.56,6.06,5.46,38.17
2019-06-16,8.99,7.97,9.54,3.43,4.29,40.64
2019-06-17,8.36,9.62,11.07,3.93,5.56,43.87
2019-06-18,6.23,7.35,8,4.55,4.82,44.85
2019-06-19,4.91,10.2,12.69,5.82,6.26,38.38
2019-06-20,4.96,10.03,9.7,6.34,6.32,43.66
2019-06-21,5.48,6.91,12.23,5.06,4.86,43.05
2019-06-22,5.06,5.9,14.97,4.48,4.34,41.78
2019-06-23,4.46,3.82,10.11,3.06,4.77,41.09
2019-06-24,4.33,4.42,10.74,4.71,5.04,40.85
2019-06-25,4.77,4.58,11.91,5.08,5.03,36.54
2019-06-26,4.15,4.24,12.87,4.55,4.29,40.78
2019-06-27,4.27,3.91,13.46,5.11,4.55,38.27
2019-06-28,4.78,3.92,14.43,4.28,3.51,42.05
2019-06-29,4.7,4.82,11.99,4.7,3.99,40.25
2019-06-30,3.91,5,12.82,4.72,5,41.75
2019-07-01,4.63,4.13,12.22,4.37,5.62,39.05
2019-07-02,5.37,4.18,12.02,4.37,3.99,38.73
2019-07-03,4.98,7.28,9.75,5.13,3.65,39.41
2019-07-04,5.09,3.36,9.75,5.67,4.07,40.41
2019-07-05,5.03,3.2,11.05,7.37,3.39,38.71
2019-07-06,5.32,3.89,10.18,5.74,3.28,38.72
2019-07-07,5.3,4.1,10.67,4.67,3.48,41.43
2019-07-08,5.8,4.21,10.64,4.46,4.35,42.36
2019-07-09,5.41,3.77,9.52,3.96,4.2,40.71
2019-07-10,5.79,4.34,10.41,4.57,4.32,39.39
2019-07-11,7.22,4.83,9.64,3.03,5.19,45.34
2019-07-12,7.87,5.76,8.96,3.82,8.4,42.24
2019-07-13,6.01,5.32,9.11,5.73,9.88,39.76
2019-07-14,6.77,4.89,9.85,5.81,4.59,41.62
2019-07-15,5.93,4.61,10.39,5.98,5.51,40.31
2019-07-16,4.12,4.48,9.64,6.3,10.41,42.77
2019-07-17,3.9,4.94,8.91,4.97,9.63,42.33
2019-07-18,4.16,4.39,8.86,5.03,9.44,44.1
2019-07-19,4.42,6.77,9.95,6.51,9.68,39.09
2019-07-20,7.4,6.38,8.6,6.48,5.41,42.95
2019-07-21,7.96,4.55,8.83,14.1,6.12,45.66
2019-07-22,6.1,7.59,8.95,14.27,5.78,39.44
2019-07-23,3.98,9.25,9.05,8.93,5.06,50.11
2019-07-24,3.69,10.6,8.83,3.98,6.43,47.5
2019-07-25,3.63,8.65,8.76,4.12,7.48,48.65
2019-07-26,4.09,6.76,8.92,5.05,9.89,50.26
2019-07-27,3.87,6.32,8.67,4.68,6.52,48.63
2019-07-28,5.9,5.85,8.43,5.19,4.07,46.38
2019-07-29,3.82,6.45,8.97,5.06,4.02,47.08
2019-07-30,3.95,5.63,9.36,4.65,6.56,50.09
2019-07-31,3.58,5.57,8.78,4.01,9.55,48.48
2019-08-01,3.68,5.89,8.79,4.28,6.72,50.54
2019-08-02,4.34,5.95,8.45,5.88,5.84,51.84
2019-08-03,4.05,6.2,9.43,5.57,4.24,49.81
2019-08-04,4.08,6.2,9.96,5.46,5.03,49.05
2019-08-05,4.26,5.45,9.37,5.58,5.9,46.54
2019-08-06,4.38,6.21,8.26,5.39,5.97,47.05
2019-08-07,4.52,8.41,9.81,6.02,5.86,44.93
2019-08-08,4.1,6.47,10.61,5.44,5.75,45.77
2019-08-09,3.44,5.14,9.3,4.82,10.95,47.81
2019-08-10,3.53,8.7,8.47,5.09,9.39,48.63
2019-08-11,3.57,5.95,8.65,4.27,11.43,46.88
2019-08-12,4.06,6.14,8.14,4.29,12.18,46.27
2019-08-13,4.13,7.6,8.37,3.85,9.62,50.74
2019-08-14,3.5,8.55,8.5,4.18,9.85,36.43
2019-08-15,2.97,11.34,8.51,3.71,13.65,47.15
2019-08-16,3.49,10.24,8.61,4.16,9.61,50.33
2019-08-17,3.7,8.6,7.67,3.89,8.87,51.44
2019-08-18,3.66,5.96,8.57,3.62,8.41,47.16
2019-08-19,3.85,7.14,8.6,4.15,8.72,49.93
2019-08-20,3.8,9.73,8.12,4.33,9,50.15
2019-08-21,4.86,14.46,7.81,4.27,11.3,50.55
2019-08-22,4.84,7.08,8.41,3.64,8.82,50.2
2019-08-23,4.64,4.37,8.36,4.61,11.22,49.91
2019-08-24,4.8,6.04,8.78,6.26,11.93,48.39
2019-08-25,5.48,5.02,8.23,5.98,7.35,49.99
2019-08-26,5.42,6.22,8.55,5.85,7.65,50.99
2019-08-27,7.1,5.48,10.01,5.08,7.78,51.05
2019-08-28,5.11,5.43,9.64,4.89,8.56,51.21
2019-08-29,5.43,5.5,8.24,4.56,5.76,49.11
2019-08-30,5.01,6.61,9.33,5.47,7.93,51.37
2019-08-31,4.89,6.39,9.14,6.45,6.72,55.2
2019-09-01,5.24,5.87,8.41,5.01,6.07,55.14
2019-09-02,5.3,5.99,8.81,4.9,8.25,55.33
2019-09-03,5.21,6.07,8.95,4.82,11.3,54.16
2019-09-04,5.33,6.84,9.03,5.87,7.72,57.88
2019-09-05,5.18,7.16,9.25,4.78,7.29,52.9
2019-09-06,5.36,6.69,10.9,4.83,7.28,38.81
2019-09-07,6.09,6.17,8.17,4.47,7.33,41.28
2019-09-08,6.15,4.73,8.72,4.21,6.93,47.75
2019-09-09,5.78,6.02,8.45,4.42,8.12,52.82
2019-09-10,5.49,6.38,9.49,4.65,6.41,55.74
2019-09-11,5.11,6.34,9.54,5.05,5.51,43.62
2019-09-12,5.18,6.39,8.91,4.06,10.14,46.06
2019-09-13,4.94,6.64,8.16,5.11,9.74,45.57
2019-09-14,5.58,6.07,8.48,5.13,9.21,46.24
2019-09-15,5.31,6.12,8.55,4.61,8.65,45.51
2019-09-16,5.11,6.69,8.35,4.71,10.36,46.72
2019-09-17,4.84,6.3,8.64,4.07,8.23,48.27
2019-09-18,4.32,6.94,9.46,4.59,5.48,55.29
2019-09-19,4.64,7.09,9.29,4.7,3.09,53.62
2019-09-20,4.81,6.7,10.81,5.28,4.86,52.74
2019-09-21,5.07,5.97,9.63,5.6,8.83,48.44
2019-09-22,4.92,6.58,9.32,4.85,2.91,46.92
2019-09-23,5.99,6.28,9.9,6.11,3.56,49.13
2019-09-24,5.91,6.61,9.19,4.99,2.65,49.37
2019-09-25,4.98,6.19,8.94,3.94,2.49,46.43
2019-09-26,4.63,6.36,10.43,4.19,3.49,46.68
2019-09-27,4.97,7.13,10.3,4.46,4.7,46.41
2019-09-28,4.69,6.76,10.01,3.04,4.62,47
2019-09-29,5.51,6.47,8.85,3.02,2.47,47.79
2019-09-30,5.24,6.03,8.22,3.9,3.01,49.61
2019-10-01,4.56,5.99,8.5,5.04,3.03,54.38
2019-10-02,6.01,6.54,8.95,3.73,3.8,61.27
2019-10-03,5.33,6.78,10.42,4.52,3.9,58.14
2019-10-04,4.35,5.46,8.34,4.4,10.07,54.38
2019-10-05,4.22,5.71,8.08,3.74,6.79,52.3
2019-10-06,3.39,5.38,8.62,3.93,5.33,48.63
2019-10-07,4.19,5.58,8.25,5.04,5.21,46.43
2019-10-08,3.39,6.55,8.91,5.65,3.4,48.11
2019-10-09,4.97,5.6,11.9,4.46,3.53,49.79
2019-10-10,4.81,5.86,13.83,5.5,3.94,56.89
2019-10-11,3.94,5.86,11.02,6.61,4.11,57.73
2019-10-12,4.47,6.25,11.26,4.46,3.6,58.81
2019-10-13,4.48,6.08,12.75,4.56,3.71,59.63
2019-10-14,4.18,5.94,11.46,5.75,5.04,60.58
2019-10-15,4.42,5.98,13.31,4.11,3.79,57.14
2019-10-16,3.85,6.39,13.22,8.83,2.95,58.25
2019-10-17,3.74,6.92,14.95,4.86,2.7,60.34
2019-10-18,4.83,5.46,11.36,4.22,2.71,55.87
2019-10-19,4.63,5.72,11.33,5.17,2.92,73.04
2019-10-20,5.72,5.7,10.64,5.37,2.68,72.53
2019-10-21,5.78,6.7,11.11,4.38,3.34,69.45
2019-10-22,5.59,5.56,11.7,6.85,3.63,53.8
2019-10-23,6.07,5.86,14.08,6.27,4.71,51.61
2019-10-24,6.39,8.83,18.87,5.88,8.3,52.31
2019-10-25,6.37,8.14,15.17,6.15,4.34,51.41
2019-10-26,5.76,9.38,12.76,6.64,2.59,51.98
2019-10-27,5.26,13.94,13.21,9.5,4.04,72.29
2019-10-28,5.38,12.81,18.03,11.27,5.25,62.87
2019-10-29,6.61,8.58,12.71,9.43,3.38,69.38
2019-10-30,6.42,7.21,13.81,7.83,2.96,60.47
2019-10-31,5.73,6.61,15.86,9.22,2.8,67.27
2019-11-01,6,7.58,16.32,11.59,3.41,68.51
2019-11-02,6.16,6.82,12.88,13.13,3.58,61.83
2019-11-03,5.46,6.92,10.2,9.95,5.34,66.6
2019-11-04,5.53,8.77,11.68,7.8,11.04,64.74
2019-11-05,6.15,8.17,13.17,8.92,13.54,64.97
2019-11-06,5.74,7.9,11.58,9.32,9.23,66.24
2019-11-07,5.9,7.08,11.95,13.16,6.2,64.57
2019-11-08,6.55,7.75,14.04,14.77,7.62,66.01
2019-11-09,5.61,5.4,11.58,10.19,9.4,57.23
2019-11-10,5.26,5.46,13.95,7.82,11.76,55.44
2019-11-11,5.67,8.85,15.18,8.25,6.83,62.79
2019-11-12,6.13,8.42,14.41,10.11,8.28,62.22
2019-11-13,6.37,7.38,15.12,13.71,7.01,72.33
2019-11-14,6.12,6.06,16.26,15.81,5.57,65.75
2019-11-15,6.02,7.39,14.14,15.97,6.04,57.33
2019-11-16,6.16,5.87,12.89,14.16,6.42,62.93
2019-11-17,6.37,6.7,10.78,9.9,11.76,50.06
2019-11-18,6.8,4.97,10.55,7.92,13.24,41.97
2019-11-19,6.55,4.67,12.05,12.68,9.84,37.05
2019-11-20,6.93,5.58,14.74,11.39,6.29,37.69
2019-11-21,6.68,8.18,19.85,11.22,4.59,15.09
2019-11-22,6.26,7.89,16.02,11.77,5.68,14.52
2019-11-23,6.44,8.55,11.64,9.73,9.06,16.08
2019-11-24,6.17,7.4,11.35,8.64,6.99,17.66
2019-11-25,6.81,5.42,13.59,10.04,7.34,14.41
2019-11-26,5.87,8.19,17.65,18.23,6.09,12.56
2019-11-27,6.34,10.19,10.71,13.69,5.83,16.41
2019-11-28,6.31,7.09,8.99,9.28,7.11,19.22
2019-11-29,5.38,9.47,10.14,10.41,5.44,14.84
2019-11-30,5.46,6.84,9.87,9.31,5.9,13.81
2019-12-01,6.35,6.93,11.39,6.17,5.92,11.14
2019-12-02,5.99,8.1,11.18,7.81,5.01,13.62
2019-12-03,6.03,5.45,11.37,6.73,5.45,13.35
2019-12-04,5.33,7.67,13.48,8.96,5.55,13.77
2019-12-05,6.48,7.47,14.48,15.7,8.32,17.1
2019-12-06,6.69,7.21,13.41,16.09,8.61,13.75
2019-12-07,7.05,6.22,15.4,20.77,6.63,11.9
2019-12-08,8.15,5.71,13.69,18.48,5.88,13.34
2019-12-09,6.57,7.03,12.34,12.07,5.62,12.3
2019-12-10,6.59,7.23,12.49,14.18,6.12,12.6
2019-12-11,5.96,6.47,14.71,15.6,5.73,12.47
2019-12-12,5.81,6.08,12.61,16.29,5.58,10.48
2019-12-13,6.69,10.79,7.9,11.24,5.87,13.99
2019-12-14,6.56,13.79,9.04,10.77,5.14,7.91
2019-12-15,6.28,7.5,8.5,13.06,4.87,6.41
2019-12-16,7,8.23,7.17,9.81,5.05,8.45
2019-12-17,6.73,6.74,7.26,8.51,6.06,9.23
2019-12-18,6.79,8.7,7.98,8.12,6.88,12.14
2019-12-19,7.36,8.95,9.64,11.74,5.69,11.67
2019-12-20,5.91,8.04,9.92,12.57,8.96,8.87
2019-12-21,6.45,13.49,8.52,27.4,7.61,8.6
2019-12-22,6.09,17.17,6.67,12.27,6.27,9.85
2019-12-23,6.11,7.07,7,13.91,5.84,14.46
2019-12-24,7.13,7.88,8.7,15.12,5.24,10.66
2019-12-25,5.95,9.79,6.96,24.4,4.73,8.33
2019-12-26,6.25,18.7,6.99,11.49,5.43,8.66
2019-12-27,6.6,13.18,7.88,10.2,6.89,7.04
2019-12-28,7.38,11.45,10.26,12.63,14.5,7.62
2019-12-29,7.39,8.48,10.25,12.61,10.51,8.13
2019-12-30,8.04,10.6,11.15,10.24,6.71,8.64
2019-12-31,7.58,13.03,11.03,21.58,5.25,7.45
2020-01-01,8.56,12.44,18.49,26.48,4.18,7.99
2020-01-02,7.52,7,19.95,28.94,3.83,9.22
2020-01-03,6.4,10.2,14.93,8.49,5.53,8.14
2020-01-04,6.94,8.4,12.85,11.96,6.3,8.45
2020-01-05,7.01,7.45,9.59,9.43,17.49,8.12
2020-01-06,6.97,8.12,11.34,15.94,11.39,7.49
2020-01-07,7.35,19.3,12.74,18.43,5.24,7.14
2020-01-08,6.61,21.18,8.67,13.23,6.19,8.47
2020-01-09,6.01,17.91,7.28,9.52,6.66,7.87
2020-01-10,7.71,9.65,9.44,9.53,8.8,7.98
2020-01-11,6.72,10.03,11.65,12.16,13.04,7.72
2020-01-12,7.38,8.13,12.35,27.16,14.43,7.34
2020-01-13,6.51,17.51,11.59,20.11,11.57,11.17
2020-01-14,7.03,23.68,9.24,7.87,5.04,12.28
2020-01-15,7.78,17.7,10.68,9.84,4.35,12.23
2020-01-16,7.7,19.88,10.44,6.44,5.35,10.93
2020-01-17,7.3,22.76,9.69,10.21,5.87,11.24
2020-01-18,5.81,27.29,9.65,10.02,5.17,10.92
2020-01-19,5.8,23.09,8.69,8.2,4.3,11.8
2020-01-20,5.74,17.54,9.65,8.96,4.75,10.29
2020-01-21,6.86,18.22,12.24,11.34,5.1,10.71
2020-01-22,6.35,12.25,10.95,13.29,5.74,9.72
2020-01-23,7.64,17.79,8.71,10.29,6.51,9.09
2020-01-24,7.44,19.6,10.73,11.11,7.58,11.35
2020-01-25,6.85,14.06,12.36,11.22,9.29,10.42
2020-01-26,8.32,10.3,12.81,10.76,8.08,10.33
2020-01-27,9.36,8.09,14.72,11.15,7.35,10.37
2020-01-28,13.04,8.18,11.12,10.07,9.14,10.59
2020-01-29,11.45,8.01,9.85,7.79,12.66,10.48
2020-01-30,9.86,7.71,10.06,6.94,12.68,11.1
2020-01-31,8.97,9.02,9.9,10.6,8.72,10.31
2020-02-01,10.3,9.86,10.02,8.9,5.26,10.53
2020-02-02,6.12,15.74,10.32,8.33,4.62,9.85
2020-02-03,7.34,16.44,11.4,9.01,4.14,9.91
2020-02-04,6.81,16.41,15.26,10.4,6.01,10.2
2020-02-05,7.47,12.91,13.31,9.27,4.73,10.78
2020-02-06,6.93,8.57,12.08,7.83,4.98,10.54
2020-02-07,8.53,8.19,14.21,6.4,4.61,8.7
2020-02-08,7.2,8.97,14.39,7.71,4.7,9.63
2020-02-09,10.99,13.16,14.64,7.32,5.98,8.57
2020-02-10,8.07,9.11,14.83,6.96,4.23,9.59
2020-02-11,7.08,10.31,14.37,9.3,4.72,8.98
2020-02-12,7.06,10.75,16.24,10.3,5.87,7.51
2020-02-13,7.06,17.74,16.49,8.81,9.22,7.07
2020-02-14,6.98,18.01,13.53,10.2,19.3,6.74
2020-02-15,7.48,13.03,17.59,9.76,13.19,6.54
2020-02-16,8.14,13.14,19.61,8.15,11.81,7.02
2020-02-17,9.48,13.37,18.85,7.32,10.93,6.89
2020-02-18,7.44,9.15,23.01,8.1,14.12,6.31
2020-02-19,7.62,15.05,20.13,11.26,8.36,6.52
2020-02-20,5.97,19.39,14.91,7.15,5.78,7.06
2020-02-21,6.25,8.47,10.45,8.27,6.09,7.34
2020-02-22,6.62,8.51,13.38,8.27,5.72,8.72
2020-02-23,5.92,18.19,14.3,7.23,5.8,11.01
2020-02-24,5.93,11.57,15.94,6.47,4.77,8.19
2020-02-25,6.01,11.02,18.24,5.31,8.89,8.69
2020-02-26,5.38,7.63,17.61,5.29,12.79,7.1
2020-02-27,6.72,8.79,14.7,6.44,10.07,6.85
2020-02-28,6.75,16.07,11.55,6.4,6.6,8.11
2020-02-29,6.22,19.12,12.05,6.87,4.91,8.66
2020-03-01,7.09,11.18,12.19,6.22,4.72,9.43
2020-03-02,6.36,18.07,15.81,6.52,5.26,9.4
2020-03-03,6.96,17.71,15.48,7.18,5.34,9.27
2020-03-04,6.6,6.97,16.22,8.28,8.82,8.18
2020-03-05,7.21,6.12,11.32,5.96,11.83,7.35
2020-03-06,8.07,6.52,10.42,4.83,5.21,9.77
2020-03-07,7.12,4.53,11.84,5.36,4.76,9.21
2020-03-08,6.71,6.52,12.61,6.77,4.69,10.96
2020-03-09,7.41,5.87,13.33,5.9,4.82,10.86
2020-03-10,7.08,5.51,17.21,6.98,4.35,10.61
2020-03-11,8.25,8.56,13.82,8.3,5.01,10.76
2020-03-12,6.36,5.64,13.68,7.94,5.55,11.98
2020-03-13,7.36,5.6,15.42,5.19,4.96,10.36
2020-03-14,6.65,13.21,11.59,5.9,6.01,9.85
2020-03-15,6.97,14.94,13.92,6.45,5.37,10.52
2020-03-16,6.75,19.01,14.8,5.95,4.57,10.19
2020-03-17,7.01,7.6,15.06,7.61,3.98,9.92
2020-03-18,7.25,5.75,14.93,6.88,5.34,9.6
2020-03-19,7.97,5.81,17.66,6.4,7.02,10.81
2020-03-20,6.97,5.55,19.71,7.88,5.39,12.79
2020-03-21,6.75,5.84,18.55,5.51,7.04,12.85
2020-03-22,6.92,4.84,16.63,4.27,6.38,12.21
2020-03-23,6.03,5.93,15.17,4.55,5.41,12.91
2020-03-24,6.39,5.83,15.81,4.6,6.67,13.09
2020-03-25,7.92,5.04,11.49,4.89,6.22,13.57
2020-03-26,5.87,6.3,12.82,6.54,5.14,13.26
2020-03-27,6.49,5.09,11.04,7.84,5.3,12.52
2020-03-28,6.11,4.41,10.28,4.93,6.39,11.73
2020-03-29,6.37,6.88,10.39,5.46,4.71,11.6
2020-03-30,6.77,5.79,12.47,5.94,7.11,11.76
2020-03-31,5.11,6.26,12.33,6.21,7.31,12.44
2020-04-01,5.81,5.54,13,5.92,6.64,12.02
2020-04-02,5.56,4.94,10.84,6.27,6.67,12.62
2020-04-03,6.8,5.22,11.99,6.07,9.04,11.53
2020-04-04,6.51,4.61,12.59,6.43,8.46,11.9
2020-04-05,6.06,4.96,16.03,6.64,8.36,11.35
2020-04-06,4.44,4.12,15.59,6.49,8.47,11.73
2020-04-07,5.3,4.57,13.46,5.85,8.49,11.83
2020-04-08,5.55,4.13,12.85,6.72,11.06,11.5
2020-04-09,5.83,4.78,14.2,6.66,9.14,13.4
2020-04-10,6.1,7.49,16.32,7.23,6.51,11
2020-04-11,6.06,11.31,18.38,8.08,6.21,10.23
2020-04-12,4.78,7.11,15.7,6.93,4.25,10.81
2020-04-13,5.75,7.13,19.86,7.6,3.48,10.03
2020-04-14,6.34,5.96,17.38,7.33,4.27,9.95
2020-04-15,8.19,6.13,14.89,7.25,4.36,9.7
2020-04-16,6.55,5.2,19.42,8.79,4.19,9.71
2020-04-17,5.77,5.42,14.08,10.04,5.07,9.8
2020-04-18,5.59,5.2,12.63,8.71,4.46,9.9
2020-04-19,6.21,4.49,13.17,10.59,5.75,9.46
2020-04-20,6.75,5.2,15.06,6.62,6.01,9.79
2020-04-21,6.2,4.84,15.36,6.54,6.64,9.61
2020-04-22,6.79,4.83,17.34,6.36,4.56,10.19
2020-04-23,6.36,4.69,17.39,8.37,4.88,10.09
2020-04-24,6.54,4.44,18.62,6.67,4.43,10.12
2020-04-25,5.83,4.79,12.76,8.67,5.65,9.94
2020-04-26,5.47,6.89,16.21,5.78,4.27,10.26
2020-04-27,5.55,4.29,15.59,6.16,3.83,9.83
2020-04-28,5.86,4.57,17.6,6.71,3.72,8.63
2020-04-29,5.73,4.4,19.08,6.54,3.67,9.37
2020-04-30,5.45,4.74,17.42,8.36,4.03,11.96
2020-05-01,6.28,4.43,17.52,5.44,4.27,11.21
2020-05-02,6.19,3.96,13,6,5.59,10.84
2020-05-03,6.23,4.47,11.94,7.72,5.04,11.59
2020-05-04,7.16,4.61,11.92,7.42,4.59,14.98
2020-05-05,7.44,3.61,16.4,6.38,4.17,7.97
2020-05-06,6.85,6.99,15.78,6.14,4.45,10.27
2020-05-07,6.09,3.98,13.6,6.02,4.3,7.95
2020-05-08,7.14,4.85,13.82,7.13,4.84,10.37
2020-05-09,7.51,3.53,13.33,7.08,5.41,11
2020-05-10,6.93,3.92,12.02,7.05,5.02,9.06
2020-05-11,7.7,4.54,12.66,7.18,7.01,5.84
2020-05-12,6.05,4.63,13.84,7.7,6.05,7.53
2020-05-13,6.09,4.34,15.41,9.44,4.61,11.72
2020-05-14,6.12,4.55,12.92,8,5.29,7.41
2020-05-15,7.39,4.12,13.71,8.44,5.38,5.55
2020-05-16,7.06,4.68,16.19,5.39,6.32,7.87
2020-05-17,7.19,4.13,20.19,5.94,5.87,16.97
2020-05-18,6.14,4.49,22.11,7.35,7.55,7.68
2020-05-19,5.67,5,20.41,7.79,9.4,5.06
2020-05-20,6.05,3.87,18.96,10.59,10.5,6.6
2020-05-21,5.8,5.66,18.99,8.71,11.4,4.98
2020-05-22,5.59,6.39,26.05,8.22,8.55,9.35
2020-05-23,6.29,7.14,17.05,5.57,8.65,5.92
2020-05-24,5.64,6.79,17.11,6.25,6.61,5.2
2020-05-25,5.81,6.77,21.3,5.89,5.94,4.09
2020-05-26,6.38,6.44,16.82,6.39,6.32,4.01
2020-05-27,6.03,7.23,14.49,6.03,5.46,3.9
2020-05-28,6.24,6.1,11.68,4.66,5.65,8.5
2020-05-29,6.48,6.54,9.95,4.95,6.1,7.47
2020-05-30,6.27,5.44,9.95,5.62,5.49,7.28
2020-05-31,7.01,4.8,9.06,4.31,4.66,8.38
2020-06-01,6.78,7.27,14.02,5.78,5.23,9.38
2020-06-02,6.65,6.57,12.71,5.57,4.36,5.24
2020-06-03,6.85,4.04,15.91,7.3,5.12,4.4
2020-06-04,6.94,4.05,17.97,5.65,5.56,3.73
2020-06-05,7.12,5.31,12.46,5.57,6.89,4.52
2020-06-06,7.16,5.12,10.69,5.69,10.04,3.22
2020-06-07,7.11,5.35,11.89,5.82,9.34,2.88
2020-06-08,6.88,6.34,15.78,6.52,9.69,2.8
2020-06-09,6.99,5.45,15.06,4.98,9.15,2.86
2020-06-10,6.92,6.85,14.12,6.39,5.72,3.16
2020-06-11,6.99,5.45,12.74,6,6.7,3.15
2020-06-12,7.2,6.83,12.9,6.89,6.02,3.25
2020-06-13,7.33,5.77,10.59,6.05,5.32,2.82
2020-06-14,6.86,4.18,13.57,6.44,6.34,2.86
2020-06-15,7.68,6.57,12.57,6.84,6.19,2.76
2020-06-16,7.21,4.44,12.08,5.93,5.28,2.76
2020-06-17,7.74,7.76,10.84,6.76,5.7,2.68
2020-06-18,7.27,9.99,12.19,6.05,5.94,4.87
2020-06-19,7.22,6.45,11.98,5.3,7.96,4.65
2020-06-20,7.81,5.5,10.98,5.34,7.71,4.49
2020-06-21,7.47,5.53,11.71,5.08,8.15,3.73
2020-06-22,7.18,6.66,11.08,5.27,7.86,3.79
2020-06-23,6.98,8.1,11.09,5.17,6.56,3.75
2020-06-24,6.86,6.32,11.02,4.86,5.26,3.24
2020-06-25,7.73,7.92,11.28,4.93,5.16,2.98
2020-06-26,7.45,5.55,11.66,3.97,5.03,2.92
2020-06-27,7.29,7.29,10.38,3.77,5.39,3.63
2020-06-28,6.6,6.48,10.7,2.85,6.36,3.92
2020-06-29,6.33,6.62,11.58,3.36,6.29,3.6
2020-06-30,6.45,7.5,10.51,4.31,5.3,3.91
2020-07-01,6.66,9.23,11.15,6.02,6.07,3.99
