Date,Bengaluru,Chennai,Delhi,Lucknow,Hyderabad
2017-01-01,20.13,44.56,191.5,166.35,61.25
2017-01-02,19.61,40.9,247.79,183.84,47.21
2017-01-03,26.66,42.31,255.33,159.29,65.45
2017-01-04,36.93,41.5,248.01,154.3,116.03
2017-01-05,36.09,72.86,215.42,197.95,96.21
2017-01-06,41.53,82.48,194.12,189.36,75.89
2017-01-07,47.48,58.09,154.52,181.88,63.83
2017-01-08,37.61,50.17,136.98,215.86,62.34
2017-01-09,43.11,44.1,141.88,171.95,51.67
2017-01-10,74.1,293.43,108.26,115.7,61.42
2017-01-11,42.42,55.2,146.04,109.72,82.34
2017-01-12,24.26,169.75,216.73,145.41,115.47
2017-01-13,31.22,144.02,232.37,222.28,108.41
2017-01-14,29.21,69.97,309.28,256.58,73.75
2017-01-15,26.3,55.97,222.66,272.01,81.72
2017-01-16,31.65,62.53,188.08,336.07,83.39
2017-01-17,37.02,80.76,177.67,240.42,64.14
2017-01-18,39.68,55.43,218.63,222.17,54.56
2017-01-19,31.59,50.27,227.68,245.59,67.09
2017-01-20,39.92,64.06,217.55,132.55,76.51
2017-01-21,40.34,36.85,349.98,143.2,69.51
2017-01-22,44.895,57.05,286.6,211.77,60.61
2017-01-23,49.45,73.27,189.45,153.33,83.79
2017-01-24,41.55,56.51,230.94,158.46,71.49
2017-01-25,34.96,66.54,241.78,222.64,76.94
2017-01-26,27.04,43.6,135.87,198.86,64.21
2017-01-27,23.36,36.16,74.92,70.65,56.14
2017-01-28,10.26,21.64,109.13,61.96,68.79
2017-01-29,6.8,36.77,132.35,81.64,85.73
2017-01-30,31.79,38.73,166.71,116.04,62.96
2017-01-31,37.81,100.68,214.23,179.6,54.98
2017-02-01,27.42,45.13,136.02,175.53,44.56
2017-02-02,49.35,52.59,198.24,207.97,52.36
2017-02-03,32.16,50.38,194.99,172.73,58.81
2017-02-04,32.08,67.15,186.65,161.52,68.29
2017-02-05,29.93,77.17,146.49,89.37,56.73
2017-02-06,32.73,72.94,176.04,108.07,64.14
2017-02-07,43.1,83.86,77.85,88.79,93.54
2017-02-08,41.94,80.59,129.1,95.98,83.13
2017-02-09,38.04,91.75,133.12,118.4,70.3
2017-02-10,36.09,89,120.43,112.25,64.97
2017-02-11,29.54,84.05,129.09,153.45,41.77
2017-02-12,27.65,56.6,166.55,202.86,39.67
2017-02-13,30.98,54.94,130.62,175.3,42.59
2017-02-14,34.94,45.2,168.96,145.02,62.32
2017-02-15,40.41,63.51,183.98,154.22,66.1
2017-02-16,34.8,63.42,163.86,197.39,85.12
2017-02-17,47.98,77.03,112.02,237.51,82.76
2017-02-18,47.56,71.15,107.13,226.67,75.46
2017-02-19,41.4,71.72,109.38,184.29,63.58
2017-02-20,53.85,50.86,126.74,115.03,57.61
2017-02-21,52.93,51.46,106.92,143.07,53.34
2017-02-22,42.13,56.59,93.03,102.52,65.52
2017-02-23,44.09,42.42,182.29,93.39,72
2017-02-24,42.73,45.27,451.25,81.25,68.68
2017-02-25,40.96,37.91,425.22,88.87,80.73
2017-02-26,35.66,44.1,328.23,94.81,64.09
2017-02-27,37.55,59.53,178.5,96.22,55.13
2017-02-28,31.19,65.96,149.73,116.96,69.06
2017-03-01,39.98,82.44,127.9,148.25,63.3
2017-03-02,36.36,72.86,114.68,147.23,57.86
2017-03-03,29.87,63.96,67.83,96.8,28.95
2017-03-04,28.41,40.43,82.32,89.16,32.73
2017-03-05,23.15,34.07,90.6,89.04,31.06
2017-03-06,26.67,36.92,91.6,84.15,42.16
2017-03-07,27.87,36.88,112.41,108.32,35.62
2017-03-08,31.78,62.57,134.4,163.19,45.6
2017-03-09,32.53,31.34,106.45,140.39,77.14
2017-03-10,29.4,227.17,68.88,51.28,30.97
2017-03-11,28.94,62.95,37.49,58.33,30.33
2017-03-12,27.07,33.53,64.42,48.32,43.8
2017-03-13,42.64,23.54,74.58,79.11,63.7
2017-03-14,21.93,29.17,102.46,75.43,50.64
2017-03-15,17.99,53.27,112.71,75.27,21.27
2017-03-16,27.59,286.08,125.8,92.96,27.44
2017-03-17,39.28,37.43,114.07,105.21,54.73
2017-03-18,32.33,26.43,96.39,79.46,67.57
2017-03-19,32.31,88.83,120.43,113.28,63.1
2017-03-20,38.73,29.53,121.21,106.88,52.04
2017-03-21,36.42,25.53,128.51,110.31,61.33
2017-03-22,43.96,35.25,120.88,142.68,60.92
2017-03-23,44.26,36.76,151.17,172.13,60.33
2017-03-24,67.75,52.62,149.42,187.46,54.59
2017-03-25,47.51,80.48,168.23,118,60.55
2017-03-26,53.63,74.46,118.34,96.39,62.45
2017-03-27,40.42,60.44,156.38,122.3,57.61
2017-03-28,55.94,39.11,152.66,168.85,51.42
2017-03-29,41.83,35.04,113.62,161.81,49.28
2017-03-30,46.83,37.42,69.44,120.82,47.02
2017-03-31,55.9,35.34,91.19,133.84,45.77
2017-04-01,51.65,34.69,105.71,128.32,44.15
2017-04-02,32.61,37.57,83.36,92.48,51.9
2017-04-03,39.37,44.33,70.62,88.72,50.37
2017-04-04,36.85,40.56,84.4,103.43,43.52
2017-04-05,29.5,48.62,47.67,81.51,47.15
2017-04-06,29.52,36.85,62.44,82.94,44.33
2017-04-07,31.08,41.16,150.76,107.18,48.68
2017-04-08,36.66,61.68,151.25,119.46,68.34
2017-04-09,29.29,34.28,68.88,102.6,77.56
2017-04-10,43,53.6,129.15,77.6,67.48
2017-04-11,31.18,67.15,146.59,70.96,77.94
2017-04-12,50.84,37.05,107.69,93.58,158.04
2017-04-13,50.54,49.49,163.97,123.91,59.32
2017-04-14,51.33,45.09,184.69,80.27,60.92
2017-04-15,35.01,61.73,176.54,72.42,57.68
2017-04-16,29.02,55.89,175.23,72.64,56.31
2017-04-17,34.86,72.65,145.22,87.25,68.97
2017-04-18,38.46,75.8,152.84,122.86,70.99
2017-04-19,38.13,91.14,136.35,151.83,57.04
2017-04-20,29.75,68.14,152.99,130.52,49.73
2017-04-21,21.53,89,130.13,79.89,45.5
2017-04-22,25.46,81.33,110.54,112.19,53.51
2017-04-23,28.49,82.7,103.42,122.7,58.3
2017-04-24,34.85,62.54,99.09,122.53,57.26
2017-04-25,29.88,51.38,96.07,143.97,55.63
2017-04-26,33.95,60.21,72.31,130.82,61.48
2017-04-27,40.01,59.63,93.14,119.93,63.36
2017-04-28,62.07,56.7,109.36,100.51,37.64
2017-04-29,38.44,61.92,126.74,124.07,27.39
2017-04-30,13.3,43.89,80.81,83.5,24.73
2017-05-01,20.32,40.4,85.8,95.31,24.54
2017-05-02,24.2,34.05,198.2,113.81,29.34
2017-05-03,66.24,37.71,145.74,138.46,37.31
2017-05-04,42.2,43.64,109.91,100.95,43.24
2017-05-05,28.27,40.54,207.4,140.85,40.48
2017-05-06,40.02,44.14,204.56,208.65,38.11
2017-05-07,30.26,38.85,220.77,301.46,29.4
2017-05-08,27.66,44.08,183.82,140.01,27.81
2017-05-09,32.01,34.59,109.76,71.84,32.95
2017-05-10,23.19,47.85,74.42,56.41,31.54
2017-05-11,28.52,27,94.28,71.62,30.22
2017-05-12,50.58,46.29,216.96,99.51,34.8
2017-05-13,120.56,36.62,198.09,98.49,36.41
2017-05-14,25.22,60.49,121.76,117.21,40.68
2017-05-15,14.94,73.27,135.54,137.79,35.14
2017-05-16,19.1,64.22,123.21,157.17,37.13
2017-05-17,22.93,86.49,78.18,79.81,37.23
2017-05-18,36.58,131.2,126.04,102.13,48.21
2017-05-19,20.87,86.94,139.1,143.66,45.73
2017-05-20,17.43,63.82,233.82,122.47,41.91
2017-05-21,12.53,71.68,178.44,139.19,35.78
2017-05-22,16.58,50.12,110.1,163.59,38.13
2017-05-23,25.83,86.59,118.43,125.66,49.56
2017-05-24,19.58,100.14,107.37,152.46,57.16
2017-05-25,21.39,65.53,113.9,151.47,39.09
2017-05-26,24.85,71.65,103.75,131.7,43.73
2017-05-27,18.21,60.4,69.88,65.4,26.99
2017-05-28,19.75,46.27,40.33,57.72,26.35
2017-05-29,21.08,57.25,48.95,60.92,19.02
2017-05-30,23.2,43.31,63.27,40,17.31
2017-05-31,22.87,43.14,56.38,39.74,11.35
2017-06-01,22.79,44.66,95.23,85.74,10.04
2017-06-02,20.19,56.39,123.44,77.99,13.75
2017-06-03,20.98,40.58,122.2,115.52,13.78
2017-06-04,13.39,41.33,121.1,150.57,14.36
2017-06-05,21.81,38.61,71.89,147.38,16.11
2017-06-06,22.93,41.32,80.37,54.14,17.77
2017-06-07,22.94,37.63,40.87,45.04,12.3
2017-06-08,20.75,41.44,41.83,74.54,11.78
2017-06-09,23.65,41.41,66.73,70.03,17.05
2017-06-10,19.78,46.32,64.63,99.83,7.84
2017-06-11,16.51,30.88,43.02,95.04,7.85
2017-06-12,19.12,35.9,57.4,111.82,5.56
2017-06-13,21.6,38.33,48.6,144.61,6.92
2017-06-14,19.77,41.07,62,167.13,19.65
2017-06-15,24.56,48.23,80.14,189.65,13.54
2017-06-16,24.66,49.47,51.6,212.17,9.71
2017-06-17,24.18,43.64,41.96,402.47,13.07
2017-06-18,17.82,38.35,65.19,54,12.88
2017-06-19,16.61,50.48,60.9,71.85,7.61
2017-06-20,24.03,45.95,35.1,55.41,7.38
2017-06-21,19.58,51.81,58.27,67.89,8.66
2017-06-22,21.05,43.94,61.93,51.28,11.4
2017-06-23,24.53,46.72,44.08,66.93,11.48
2017-06-24,25.35,51.02,63.62,72.07,10.85
2017-06-25,25.16,41.41,76.1,54.58,11.81
2017-06-26,31.13,45.53,51.52,39.02,11.79
2017-06-27,37.61,47.32,36.62,38.85,11.82
2017-06-28,37.34,39.61,29.83,44.5,8.84
2017-06-29,36.44,48.43,22.98,47.07,10.38
2017-06-30,35.4,94.72,25.83,39.21,13.08
2017-07-01,25.33,56.49,43.35,38.16,10.98
2017-07-02,30.07,62.74,20.52,34.75,9.75
2017-07-03,25.82,47.17,46.71,28.98,11.8
2017-07-04,83.374,37.6,116.12,28.2,15.53
2017-07-05,140.928,46.61,50.81,30.74,10.4
2017-07-06,198.482,42.38,47.17,24.48,14.66
2017-07-07,256.036,53.45,41.42,29.46,14.77
2017-07-08,313.59,59.81,45.31,25.21,18.19
2017-07-09,35.29,52.28,58.46,18.4,18.1
2017-07-10,33.44,42.48,41.92,30.2,15
2017-07-11,29.38,62.34,33.04,16.02,19.31
2017-07-12,27.64,28.72,22.35,21.53,14.29
2017-07-13,28.97,62.64,22.44,28.37,14.49
2017-07-14,22.68,48.22,30.35,55.44,13.9
2017-07-15,22.43,63.29,32.02,57.07,16.53
2017-07-16,17.2,46.96,38.77,47.24,10.24
2017-07-17,21.05,45.1,33.56,40.79,10.78
2017-07-18,18.45,37.98,37.67,46.12,8.48
2017-07-19,16.44,48.24,55.96,41.46,5.72
2017-07-20,31.68,41.12,28.88,41.48,6.54
2017-07-21,21.53,86.01,23.12,56.67,10.83
2017-07-22,20.15,50.07,18.54,47.17,13.37
2017-07-23,17.34,37.84,22.65,47.46,15.97
2017-07-24,24.23,112.23,17.52,45.11,15.62
2017-07-25,28.54,94.7,22.17,37.14,14.04
2017-07-26,23.68,92.04,20.17,46.49,16.55
2017-07-27,24.49,51.29,24.42,47.36,14.43
2017-07-28,21.77,49.33,25.71,49.58,12.62
2017-07-29,27.91,40.62,27.25,38.49,15.28
2017-07-30,22.36,45.56,10.88,40.43,17.5
2017-07-31,27.27,28.16,17.1,28.38,17.42
2017-08-01,26.57,74.6,17.24,32.39,16.85
2017-08-02,20.74,68.25,27.56,37.85,16.78
2017-08-03,17.67,29.95,27.29,42.88,11.79
2017-08-04,13.74,42.18,42.65,57.19,13.35
2017-08-05,17.69,30.69,53.69,66.28,20.34
2017-08-06,15.21,38.43,61.44,35.62,23.03
2017-08-07,22.82,39.48,57.42,46.27,26.22
2017-08-08,21.07,33.9,36.58,26.24,24.87
2017-08-09,22.31,31.33,50.42,42.18,20.47
2017-08-10,14.14,27.71,48.6,88.74,14.91
2017-08-11,10.11,46.18,21.83,39.71,17.76
2017-08-12,3.91,42.11,23.4,38.97,15.1
2017-08-13,4.69,23.87,24.97,46.39,17.08
2017-08-14,19.41,52.24,26.54,119.08,20.36
2017-08-15,20.88,34.61,30.12,50.79,16.4
2017-08-16,17.91,39.27,35.23,67.23,20.12
2017-08-17,18.42,42.01,39.6,76.76,21.77
2017-08-18,14.92,40.1225,46.25,39.01,26.6
2017-08-19,18.66,38.235,35.48,44.23,17.35
2017-08-20,10.89,36.3475,22.15,45.75,7.42
2017-08-21,14.53,34.46,25.5,47.44,10.89
2017-08-22,18.87,29.83,46,43.99,12.56
2017-08-23,18.18,36.03,36.54,43.33,15.41
2017-08-24,59.05,32.77,47.79,49.51,23.63
2017-08-25,97.97,56.97,51.33,34.82,13.53
2017-08-26,14.19,41.58,62.33,36.6,11.58
2017-08-27,11.71,34.32,34.3,21.59,13.1
2017-08-28,17.58,79.2,23.82,11.61,8.26
2017-08-29,16.33,37.1,15.23,22.21,6.57
2017-08-30,20.42,61.29,20.5,33.11,12.26
2017-08-31,24.96,40.37,41.62,31.44,14.63
2017-09-01,158.67,37.18,25.58,20.76,19.92
2017-09-02,114.92,48.82,20.06,21.69,24.42
2017-09-03,14.2,34.52,38.19,25.72,12.96
2017-09-04,39.74,39,47.89,32.27,17.26
2017-09-05,14.2,69.85,35.61,41.31,19.86
2017-09-06,21.2,31.96,39.41,47.98,29.32
2017-09-07,9.57,27.78,40.34,48.66,40.82
2017-09-08,32.86,28.24,51.7,57.46,32.63
2017-09-09,22.63,19.53,54.83,59.67,32.88
2017-09-10,14.52,18.22,60.46,72.6,18.58
2017-09-11,15.27,28.14,63.97,86,12.34
2017-09-12,17.48,40.87,46.65,74.71,10.33
2017-09-13,16.5,33.66,54.77,81.77,17.29
2017-09-14,14.05,29.41,80.47,76.58,10.44
2017-09-15,8.58,36.17,64.37,53.51,12.64
2017-09-16,8.49,36.71,51.56,43.46,10.27
2017-09-17,7.02,25.13,53.05,44.81,15.67
2017-09-18,8.57,25.17,60.83,40.76,9.17
2017-09-19,7.68,32.9,55.55,22.15,10.28
2017-09-20,10.21,39.01,70.81,41.19,9.76
2017-09-21,12.64,31.68,55.93,21.08,14.88
2017-09-22,17.93,49.34,11.81,23,20.5
2017-09-23,21.62,65.67,17.76,30.87,29.61
2017-09-24,23.7,85.36,35.5,40.25,42
2017-09-25,19.26,49.27,50.09,33.76,39.68
2017-09-26,22.47,69.26,66.12,68.45,45.69
2017-09-27,28.3,51.96,80.94,80.19,50.36
2017-09-28,21.59,50,75.4,75.01,45.9
2017-09-29,22.36,44.9,89.38,65.98,41.57
2017-09-30,30.65,29.8,74.2,77.33,41.26
2017-10-01,20.01,25.58,68.47,61.56,31.08
2017-10-02,20.5,16.59,63.41,68.78,24.6
2017-10-03,22.85,25.6,69.45,58.8,24.16
2017-10-04,121.63,20.75,76.81,42.05,49.75
2017-10-05,21.36,25.51,75.73,59.02,55.88
2017-10-06,24.73,38.5,79.81,60.54,28.48
2017-10-07,29.16,40.16,70.98,83.04,22.6
2017-10-08,78.14,35.37,102.2,82.36,32.08
2017-10-09,26.08,35.94,107.63,81.08,25.79
2017-10-10,32.21,52.2,105.88,100.7,28.04
2017-10-11,22.5,41.34,104.45,73.41,27.38
2017-10-12,27.29,35.8,106.85,95.02,41.74
2017-10-13,24.83,44.53,137.42,140.41,20.48
2017-10-14,32.61,56.36,147.07,138.31,33.32
2017-10-15,40.34,37.27,147.83,128.71,35.59
2017-10-16,21.63,35.62,152.61,169.38,81.29
2017-10-17,27.86,68.01,121.7,176.38,72.18
2017-10-18,39.39,193.3,152.16,194.31,69.53
2017-10-19,44.66,226.74,176.17,173.5,75.46
2017-10-20,79.76,57.62,426.52,172.87,78.69
2017-10-21,39.67,30.2,213.12,130.42,67.18
2017-10-22,22.44,31.17,146.01,229.03,65.39
2017-10-23,26.85,58.59,163.35,196.91,53.78
2017-10-24,42.56,53.74,188.24,199.31,63.35
2017-10-25,35.29,36.65,203.03,209.09,74.57
2017-10-26,25.49,25.9,178.91,204.12,66.55
2017-10-27,26.03,31.32,167.54,161.98,64.05
2017-10-28,37.38,53.37,198.37,171.39,71.27
2017-10-29,47.47,62.08,187.82,184.47,70.46
2017-10-30,45.49,19.87,196.37,155.1,66.92
2017-10-31,122.41,41.87,211.64,136.84,63.38
2017-11-01,39.88,24.56,179.17,151.16,68.21
2017-11-02,66.54,27.99,160.69,172.33,69.73
2017-11-03,58.73,30.02,168.16,195.75,66.51
2017-11-04,41.02,27.1,190.33,198.64,49.62
2017-11-05,26.7,24.37,209.61,195.99,32.45
2017-11-06,22.05,29.63,216.53,200.8,29.33
2017-11-07,27.98,33.67,517.93,230.94,34.96
2017-11-08,26.89,37.64,639.19,334.9,38.84
2017-11-09,25.94,40.88,495.9,387.84,39.57
2017-11-10,31.21,68.58,370.73,378.39,44.44
2017-11-11,32.87,70.8,363.77,258.15,61.84
2017-11-12,26.99,81.94,465.08,239.63,57.58
2017-11-13,30.4,48.07,354.56,446.68,55.36
2017-11-14,26.94,30.57,254.36,425.31,58.41
2017-11-15,30.7,41.87,192.04,237.11,51.08
2017-11-16,37.93,45.77,191.57,191.15,41.31
2017-11-17,35.72,58.96,150.79,181.72,37.72
2017-11-18,34.96,24.73,143.51,190.16,66.82
2017-11-19,30.66,22.81,128.65,192.63,36.53
2017-11-20,32.21,22.57,171.34,139.29,43.64
2017-11-21,25.79,18.44,178.08,171.74,44.65
2017-11-22,44.84,41.9,177.41,187.09,40.48
2017-11-23,38.07,79.51,175.56,167.77,96.83
2017-11-24,17.64,75.6,187.97,171.75,69.5
2017-11-25,17.81,90.46,185.31,194.67,70.91
2017-11-26,15.67,57.36,224.37,181.66,84.08
2017-11-27,10.7,37.83,198.34,230.28,73.25
2017-11-28,11.46,42.05,167.74,178.03,91.39
2017-11-29,197.41,38.73,215.17,236.79,66.49
2017-11-30,74.5,29.62,219.84,274.25,64.72
2017-12-01,1.76,31.57,190.45,286.15,70.03
2017-12-02,1.72,50.43,208.87,220.65,69.44
2017-12-03,32.42,46.63,240.87,226.91,70.83
2017-12-04,18.72,43.1,261.82,210.11,70.47
2017-12-05,11.27,34.52,230.56,194.41,58.07
2017-12-06,93.7,38.1,120.91,237.17,51.81
2017-12-07,70.22,94.87,88.95,119.24,69.33
2017-12-08,103.18,73.06,115.08,119.57,74.79
2017-12-09,90.59,77.29,165.76,178.06,67.7
2017-12-10,81.28,79.19,230.34,235.17,48.99
2017-12-11,63.5,70.02,218.87,164.75,55.7
2017-12-12,96.1166666666667,59.77,109.18,193.96,66.78
2017-12-13,128.733333333333,45.88,134.99,173.02,69.33
2017-12-14,161.35,46.3,126.67,169.94,66.12
2017-12-15,85.57,59.7,127.57,155.69,68.48
2017-12-16,75.91,53.21,100.72,130.22,68.87
2017-12-17,79.75,50.08,95.58,150.31,71.38
2017-12-18,84.85,47.66,115.19,206.45,73.33
2017-12-19,76.92,41.07,168.33,347.73,59.35
2017-12-20,107.9,45.39,283.24,433,88.14
2017-12-21,84.55,52.1,293.14,288.47,74.94
2017-12-22,71.71,62.7,157.72,207.16,130.23
2017-12-23,56.14,38.95,117.72,158.89,82.05
2017-12-24,48.78,51.21,203.18,218.33,79.19
2017-12-25,159.52,53.02,259,233.41,76.47
2017-12-26,63.3,79.72,224.42,227.18,76.08
2017-12-27,73.7,82.28,224.27,290.8,63.18
2017-12-28,62.76,64.49,249.17,369.35,68.65
2017-12-29,32.57,52.37,227.28,243.94,112.35
2017-12-30,26.74,53.72,273.56,196.62,65.09
2017-12-31,18.29,48.28,306.17,235.15,68.45
2018-01-01,38.06,51.16,303.41,170.51,57.7
2018-01-02,35.12,58.46,277.48,199.89,68.55
2018-01-03,28.84,56.26,217.01,239.01,77.77
2018-01-04,24.57,113.21,248.54,250.36,79.18
2018-01-05,24.31,76.77,240.42,241.25,76.33
2018-01-06,30.02,76.4,252.57,192.99,73.15
2018-01-07,40.05,62.12,191.66,252.98,72.41
2018-01-08,34.88,75.69,152.98,300.46,72.66
2018-01-09,28.74,55.3,233.1,245.76,77.65
2018-01-10,31.37,66.55,186.26,235.73,74.08
2018-01-11,54.32,79.23,154.64,260.93,76.19
2018-01-12,37.55,82.65,168.87,301.74,74.76
2018-01-13,36.12,164.37,230.5,284.77,70.48
2018-01-14,34.43,76.62,191.47,231.89,72.38
2018-01-15,38.84,68.45,177.71,238.68,70.98
2018-01-16,41.35,74.62,133.56,198.9,65.1
2018-01-17,46.76,71.04,235.06,211.58,64.2
2018-01-18,37.73,67.8,276.25,210.07,65.86
2018-01-19,55,70.06,253.7,290.41,61.1
2018-01-20,33.34,68.89,152.33,183.73,64.18
2018-01-21,33.55,85.98,153.61,197.86,68.52
2018-01-22,39.03,70.63,202.11,242.99,72.01
2018-01-23,48.08,80.58,160.79,275.53,60.4
2018-01-24,45.88,80.11,130.16,162.78,67.07
2018-01-25,39.93,84.31,111.75,157,68.8
2018-01-26,39.28,74.03,128.45,178.63,66.84
2018-01-27,47.03,79.6,155.2,179.67,69.43
2018-01-28,39.38,71.53,150.96,202.52,68.84
2018-01-29,33.47,73.21,162.48,201.04,67.69
2018-01-30,53.56,68.01,126.84,155.06,59.46
2018-01-31,37.93,72.05,123.48,151.75,53.45
2018-02-01,33.99,66.15,157.33,162.83,50.88
2018-02-02,29.63,78.68,140.35,164.95,47.46
2018-02-03,28.81,74.22,115.05,235.22,43.48
2018-02-04,23.31,37.64,133.8,163.84,39.14
2018-02-05,29.23,38.01,163.6,158.45,41.79
2018-02-06,32.55,44.18,143.29,161.37,48.86
2018-02-07,30.93,33.44,131.49,125.72,56.76
2018-02-08,35.48,34.52,186.19,169.06,46.18
2018-02-09,37.87,49.07,203.33,137.16,50.05
2018-02-10,30.34,50.86,209.7,123.17,52.28
2018-02-11,28.29,52.68,148.13,125.92,50.55
2018-02-12,27.9,46.07,72.36,124.69,54.34
2018-02-13,30.53,76.41,103.93,115.87,46.38
2018-02-14,32.43,55.38,76.92,120.76,50.52
2018-02-15,30.19,63.06,94.49,148.44,52.88
2018-02-16,29.62,57.82,123.19,225.93,51.84
2018-02-17,32.11,55.81,127.8,226.87,49.86
2018-02-18,27.53,70.43,127.27,194.03,55.87
2018-02-19,28.6,67.83,172.55,199.58,46.22
2018-02-20,28.89,63.29,167.16,143.78,47.64
2018-02-21,34.62,74.3,172.99,228.66,54.76
2018-02-22,37.13,59.12,159.67,233.24,57.85
2018-02-23,34.6,50.3,163.75,228.21,56.99
2018-02-24,26.41,48.95,164.2,198.75,43.57
2018-02-25,21.87,31.53,106.26,183.9,43.37
2018-02-26,21.31,48.05,67.27,101.97,56.87
2018-02-27,23.35,73.78,85.53,76.71,57.66
2018-02-28,29.3,95.58,143.25,107.99,62.25
2018-03-01,29.48,100.8,120.71,114.94,54.84
2018-03-02,30.38,52.34,139.18,111.57,52.72
2018-03-03,38.39,49.83,98.25,94.86,51.59
2018-03-04,36.56,60.18,79.83,96.12,54.72
2018-03-05,30.79,43.63,76.96,91.04,47.44
2018-03-06,32.09,48.43,75.45,141.46,47.97
2018-03-07,33.88,68.14,87.62,133.8,50.78
2018-03-08,41.37,82.38,139.88,170.76,53.81
2018-03-09,59.48,61.5,134.76,140.81,57.28
2018-03-10,59.82,70.08,75.67,118.16,66.37
2018-03-11,45.19,59.66,88.3,133.03,53.02
2018-03-12,35.82,93.32,105.29,133.07,38.87
2018-03-13,20.49,30.74,109.22,102.13,39.69
2018-03-14,29.23,26.74,116.62,166.43,47.34
2018-03-15,26.46,30.99,108.98,137.04,47.88
2018-03-16,19.13,26.1,111.67,115.27,60.25
2018-03-17,23.01,37.93,81.57,84.82,51
2018-03-18,20.75,53.22,82.15,77.35,41.38
2018-03-19,31.94,50.29,81.93,97.05,48.07
2018-03-20,43.91,65.17,109.99,96.72,54.74
2018-03-21,42.72,56.5,133.53,115.04,57.87
2018-03-22,31.78,45.69,83.4,112.45,57.07
2018-03-23,40.18,56.79,64.2,101.79,56.64
2018-03-24,37.72,66.3,78.4,88.04,59.91
2018-03-25,38.84,51.92,85.34,93.26,71.4
2018-03-26,29.345,50.55,85.9,72.45,61.47
2018-03-27,19.85,51.77,111.26,75.58,59.53
2018-03-28,20.39,26.35,117.78,106.91,53.11
2018-03-29,20.92,22.93,95.98,130.56,62.27
2018-03-30,21.46,34.85,96.45,143.54,54.62
2018-03-31,21.99,39.89,101.59,54.5,50.15
2018-04-01,22.53,45.25,75.14,70.5,43.05
2018-04-02,23.07,29.45,96.38,100.47,37.91
2018-04-03,23.6,27.82,101.18,158.72,51.35
2018-04-04,24.14,36.15,111.82,163.42,44.94
2018-04-05,23.6,38.02,152.56,83.45,41.51
2018-04-06,24.14,38.53,100.5,74.21,46.87
2018-04-07,24.67,35.94,48.46,61.52,35.9
2018-04-08,25.21,24.52,50.27,58.97,30.27
2018-04-09,25.74,26,49.56,80.37,40.26
2018-04-10,26.28,36.7,93.89,60.77,35.54
2018-04-11,26.82,29.62,48.61,66.26,27.63
2018-04-12,27.35,26.52,46.21,36.82,31.58
2018-04-13,28.96,43.91,83.96,54.59,25.24
2018-04-14,29.45,22.23,97.16,58.68,23.05
2018-04-15,29.94,16.69,107.36,67.08,29.71
2018-04-16,30.43,21.91,119.75,85.99,45.86
2018-04-17,32.38,22.75,81.97,120.71,34.29
2018-04-18,36.4,41.36,73.44,87.72,37.19
2018-04-19,47.67,27.35,89.49,75.31,43.52
2018-04-20,36.52,36.7,100.01,116.85,42.38
2018-04-21,33.4,31.87,119.24,76.52,49.14
2018-04-22,33.42,31.22,62.06,91.21,42.97
2018-04-23,41.19,38.58,76.11,64.98,33.12
2018-04-24,42.62,51.52,108.64,82.47,33.09
2018-04-25,42.99,41.31,117.56,127.39,35.61
2018-04-26,49.93,44.01,142.82,135.49,38.11
2018-04-27,44.12,42.33,107.47,90.87,39.78
2018-04-28,39.22,29.34,84.13,79.19,39.85
2018-04-29,44.57,32.08,89.1,92.34,43.44
2018-04-30,187.49,42.57,79.3,64.04,44.84
2018-05-01,59.11,50.73,54.88,46.01,43.83
2018-05-02,65.71,62.94,66.74,74,36.08
2018-05-03,44.58,52.76,47.25,55.94,31.39
2018-05-04,113.31,76.95,49.09,45.38,19.59
2018-05-05,62.35,37.39,74.82,82.48,28.81
2018-05-06,79,39.42,110.48,93.08,31.91
2018-05-07,50.52,48.75,111.95,111.99,33.68
2018-05-08,55.88,22.47,61,215.09,43.05
2018-05-09,32.46,15.55,71.99,139.75,44.32
2018-05-10,28.99,22.62,93.45,106.67,33.83
2018-05-11,27.03,23.19,132.39,171.75,32.76
2018-05-12,27.01,20.7,144.33,123.16,33.05
2018-05-13,26.73,28.08,80.64,191.59,31.85
2018-05-14,33.13,25.14,49.22,268.33,29.86
2018-05-15,35.64,27.68,67.23,73.23,24.49
2018-05-16,34.36,27.85,78.74,121.81,41.89
2018-05-17,39.69,23.7,105.99,152.65,43.47
2018-05-18,43.05,48.5,96.96,112.66,37.31
2018-05-19,45.09,35.46,103.98,133.45,47.42
2018-05-20,47.83,35.53,83.66,157.41,38.59
2018-05-21,52.64,42.6,71.25,298.35,48.33
2018-05-22,59.24,52.89,91.16,151.54,42.68
2018-05-23,62.6,42.53,129.23,107.17,47.5
2018-05-24,35.4,40.25,114.13,225.11,36.41
2018-05-25,46.14,28.46,83.88,102.37,42.17
2018-05-26,33.64,38.2,103.02,125.89,23.65
2018-05-27,41.73,51.13,97.37,125.34,26.11
2018-05-28,29.29,47.54,117.56,104.31,31.17
2018-05-29,16.92,46.07,112.6,92.65,34.68
2018-05-30,35.67,44.17,65.76,84.9,31.7
2018-05-31,33.16,56.1,71.99,81.53,32.57
2018-06-01,42.07,57.69,79.98,72.29,37.26
2018-06-02,44.47,64.65,52.6,77.82,36.7
2018-06-03,38.79,50.69,59.52,94.26,34.85
2018-06-04,23.35,52.68,64.42,117.76,30.95
2018-06-05,25.5,42.26,61.72,96.54,31.51
2018-06-06,22.77,50.38,57.68,59.98,31.33
2018-06-07,25.27,34.9,73.77,85.89,19.68
2018-06-08,19.28,36.28,76.78,62.91,19.43
2018-06-09,19.32,41.3,52.79,62.85,20.03
2018-06-10,18.93,33.79,67.02,54.84,16.49
2018-06-11,23.76,41.09,73.22,57.9,22.31
2018-06-12,23.78,43.9,141.28,71.02,29.92
2018-06-13,27.34,45.77,261.77,80.85,30.85
2018-06-14,31.79,50.27,225.49,100.83,34.44
2018-06-15,61.43,66.88,153.28,124.13,27.83
2018-06-16,22.24,49.62,127.32,126.34,22.9
2018-06-17,17.38,59.7,84.47,155.05,21.99
2018-06-18,13.38,48.19,61.06,127.74,17.2
2018-06-19,32.62,52.41,52.76,70.44,14.61
2018-06-20,13.64,57.34,67.55,90.31,15.27
2018-06-21,16.71,60.06,76.98,107.2,10.31
2018-06-22,18.94,57.98,83.98,86.56,21.26
2018-06-23,23.76,61.21,81.33,140.01,20.07
2018-06-24,21.84,55.1,54.15,63.36,16.99
2018-06-25,51.82,61.59,46.9,71.89,16.31
2018-06-26,32.62,61.34,29.98,83.15,16.23
2018-06-27,11.68,76.53,52.48,47.6,17.64
2018-06-28,9.23,54.64,30.07,50.14,18.93
2018-06-29,11.93,57.46,37.11,40.13,18.18
2018-06-30,18.23,81.3,41.41,39.75,20.85
2018-07-01,19.15,68.11,34.18,38.35,16.91
2018-07-02,16.29,87.21,34.24,56.83,16.48
2018-07-03,21.63,54.36,44.55,43.54,16.28
2018-07-04,18.55,53.97,45.76,29.95,15.97
2018-07-05,20.36,55.84,50.41,35.47,13.22
2018-07-06,21.44,78.46,57.12,69.98,20.05
2018-07-07,15.56,54.32,61.93,96.52,22.74
2018-07-08,22.83,53.66,68.2,67.77,19.92
2018-07-09,21.11,62.38,70.48,48.77,16.63
2018-07-10,36.65,56.32,47.48,33.11,19.7
2018-07-11,20.8,49.15,39.78,32.77,19.05
2018-07-12,17.82,44.79,46.53,26.27,11.93
2018-07-13,16.63,45.82,28.44,27.48,13.21
2018-07-14,18.87,47.78,33.82,32.23,17.97
2018-07-15,17.08,50.76,37.76,35.31,16.12
2018-07-16,19.93,43,37.32,29.57,11.04
2018-07-17,16.98,37.08,34.26,33.6,12.14
2018-07-18,18.83,41.77,37.76,40.93,14.13
2018-07-19,16.82,47.86,35.04,58.27,14.39
2018-07-20,15.52,40.3,37.26,32.85,12.58
2018-07-21,17.44,46.01,50.21,24.25,19.61
2018-07-22,18.63,55.78,25.81,23.63,19.54
2018-07-23,19.86,50.08,32.39,22.34,17.69
2018-07-24,17.85,49.87,39.3,37.91,15.64
2018-07-25,17.62,35.67,34.7,28.26,17.88
2018-07-26,20,37.4,32.22,18.08,14.41
2018-07-27,22.28,41.69,21.75,46.07,14.52
2018-07-28,21.05,54.4,37.69,43.02,18.23
2018-07-29,20.1,54.77,44.03,40.79,26.09
2018-07-30,22.92,45.89,39.89,22.68,26.02
2018-07-31,20.96,51.13,50.59,18.21,19.21
2018-08-01,20.59,50.78,55.77,15.6,21.88
2018-08-02,20.73,39.82,71.5,31.51,25.77
2018-08-03,23.34,44.27,65.46,42.01,30.8
2018-08-04,27.61,52.36,69.75,72.38,23.43
2018-08-05,20.75,60.28,63.57,133.47,20.2
2018-08-06,23.63,60.81,50.64,92.95,26.91
2018-08-07,18.24,40.73,44.54,62.39,18.92
2018-08-08,18.35,26.05,36.7,32.23,16.17
2018-08-09,17.33,29.65,36.84,48.4,18.07
2018-08-10,18.24,45.66,46.24,49.25,17.09
2018-08-11,18.6,30.97,32.72,44.96,16.39
2018-08-12,10.61,26.95,25.7,33.21,11.98
2018-08-13,11.4,38.03,32.75,29.48,11.66
2018-08-14,13.1,35.44,46.85,52.39,16.97
2018-08-15,15.35,20.43,43,53.24,22.11
2018-08-16,12.86,26.01,36.49,18.45,7.78
2018-08-17,16.77,60.61,32.98,42.07,18.56
2018-08-18,20.09,55.4,32.11,57.75,15.3
2018-08-19,16.78,49.34,47.01,44.44,15.28
2018-08-20,24.78,69.17,61.1,31.45,13.19
2018-08-21,20.61,85.12,30.98,31.04,10.08
2018-08-22,20.75,52.23,29.75,42.25,10.33
2018-08-23,17.29,34.77,31.19,35.86,12.51
2018-08-24,18.74,40.39,23.71,31.25,14.36
2018-08-25,22.36,55.14,21.96,29.39,15.34
2018-08-26,18.42,32.83,23.96,159.64,14.61
2018-08-27,19.86,34.87,24.78,73.24,15.31
2018-08-28,21.93,29.44,29.26,33.84,16.51
2018-08-29,20.52,32.56,36.06,32.44,20.98
2018-08-30,23.33,50.7,41.26,33.21,24.66
2018-08-31,19.74,29.65,47.53,22.04,22.43
2018-09-01,23.62,38.58,45.19,24.62,23.16
2018-09-02,21.84,47.56,40.9,16.66,18.51
2018-09-03,25.06,42.77,42.06,30.93,15.84
2018-09-04,32.78,54.8,55.72,41.71,20.36
2018-09-05,25.32,47.98,39.77,27.31,27.05
2018-09-06,25.21,61.47,49.44,46.25,25.36
2018-09-07,27.2,48.17,42.11,31.52,25.42
2018-09-08,18.32,67.78,35.45,36.95,21.61
2018-09-09,19.07,30.81,29.1,26.64,34.85
2018-09-10,28.1,41.96,36.99,39,38.35
2018-09-11,30.34,40.59,28.33,38.68,33.85
2018-09-12,24.47,44.5,28.55,38.51,35.06
2018-09-13,29.84,45.96,27.49,39.92,41.83
2018-09-14,27.72,82.38,31.38,46.81,42.24
2018-09-15,24.1,42.08,37.48,55.15,43.69
2018-09-16,24.43,43.25,43.09,57.48,48.98
2018-09-17,19.03,30.77,55.86,68.6,35.58
2018-09-18,19.86,44.32,54.94,73.05,39.68
2018-09-19,20.21,24.98,58.63,77.9,38.6
2018-09-20,25.55,55.76,73.3,87.71,40.88
2018-09-21,26.75,49.28,46.73,24.6,37.91
2018-09-22,24.45,50.3,24.29,29.47,27.29
2018-09-23,30.84,50.51,30.71,55.13,32.25
2018-09-24,22.6,31.02,21.46,57.32,34.94
2018-09-25,26.76,43.43,21.45,39.53,41.46
2018-09-26,31.25,61.73,42.83,41.87,53.68
2018-09-27,29.24,28.2,71.44,59.19,43.09
2018-09-28,26.36,22.68,83.78,76.75,45.92
2018-09-29,17.35,71.65,92.46,106.14,55.39
2018-09-30,25.28,64.87,69.49,81.75,67.69
2018-10-01,21.61,32.53,65.78,88.36,63.16
2018-10-02,14.51,22.28,76.03,95.24,37.8
2018-10-03,15.17,17.89,63.37,104.4,36.5
2018-10-04,21.47,20.58,97.4,116.81,39.63
2018-10-05,13.99,23.68,121.12,97.28,39.8
2018-10-06,14,16.7,78.87,123.5,56.36
2018-10-07,20.86,34.54,81.14,133.77,65.91
2018-10-08,32.94,36.11,118.6,106.14,64.44
2018-10-09,31.82,61,103.26,89.92,60.07
2018-10-10,40.93,70.42,93.36,124.48,56.5
2018-10-11,55.08,53.49,70.42,114.24,52.63
2018-10-12,56.31,48.26,67.93,75.05,54.39
2018-10-13,72.74,39.7,132.93,65.19,58.56
2018-10-14,48.48,40.74,91.88,87.21,54.35
2018-10-15,41.44,40.91,115.96,105.49,58.24
2018-10-16,35.37,29.82,139.18,121.24,53.26
2018-10-17,19.99,33.85,137.29,128.3,41.03
2018-10-18,62.95,31.6,143.2,125.01,40.35
2018-10-19,20.75,39.65,137.73,123.98,43.99
2018-10-20,25.61,66.17,168.87,112.69,58.44
2018-10-21,36.42,65.55,141.15,116.62,61.34
2018-10-22,37.81,168.81,121.65,123.77,66.82
2018-10-23,49.17,73.57,119.4,129.95,67.12
2018-10-24,62.67,76.77,174.04,166.67,67.52
2018-10-25,46.34,72.83,168.82,189.48,60.72
2018-10-26,50.19,72.24,203.12,168.41,48.68
2018-10-27,39.65,61.5,206.05,174.27,57.44
2018-10-28,37.32,59.79,205,163.73,56.51
2018-10-29,36.11,75.15,231.83,165.78,56.02
2018-10-30,40.12,34.51,263.39,147.83,57.32
2018-10-31,40.02,28.16,225.17,138.52,56.98
2018-11-01,20.96,27.63,236.67,146.28,50.87
2018-11-02,17.57,28.58,205.44,186.57,34.07
2018-11-03,21.42,35.6,159.56,165.8,25.96
2018-11-04,21.84,86.21,97.27,139.28,24.88
2018-11-05,23.98,35.2,361.98,113.48,32.8
2018-11-06,41.38,55.01,177.88,185.64,44.66
2018-11-07,57.03,59.06,175.43,218.8,54.63
2018-11-08,61.98,49.98,420.3,400.97,59.82
2018-11-09,33.68,74.73,300.91,254.56,64.36
2018-11-10,50.36,70.81,288.86,242.63,69.5
2018-11-11,55.48,82.59,256.68,198.19,61.15
2018-11-12,63.66,92.17,271.7,214.85,62.68
2018-11-13,71.05,111.04,265.06,233.96,66.08
2018-11-14,77.53,84.77,136.2,185.54,67.28
2018-11-15,58.35,47.01,98.53,159.24,58.4
2018-11-16,25.1,17.03,138.49,110.37,46.2
2018-11-17,49.2,28.73,135.21,155.14,23.09
2018-11-18,41.2,31.8,166.43,212.78,19.06
2018-11-19,19.95,22.03,179.79,203.65,26.04
2018-11-20,25.85,42.81,224.1,242.99,52.12
2018-11-21,33.31,20.36,209.96,218.3,63.08
2018-11-22,17.95,19.76,139.02,162.5,66
2018-11-23,25.58,47.76,187.85,142.38,71.81
2018-11-24,108.3,92.89,107.73,135.5,72.98
2018-11-25,61.34,112.05,133.62,153.5,69.28
2018-11-26,71.66,81.75,200.69,229.22,63.01
2018-11-27,54.73,65.56,205.53,255.17,69.91
2018-11-28,59.58,61.8,193.1,194.98,73.48
2018-11-29,42.06,46.73,205.17,165.85,72.26
2018-11-30,43.16,47.84,190.36,199.95,67.69
2018-12-01,40.67,54.15,147.48,181.48,69.94
2018-12-02,28.25,23.09,164.63,188.15,71.17
2018-12-03,33.56,30.61,178.87,163.02,74.62
2018-12-04,25.83,23,211.57,224.13,77.72
2018-12-05,51.43,31.74,181.62,215.02,67.3
2018-12-06,29.32,47.92,218.06,217.33,62.87
2018-12-07,37.49,85.53,193.81,190.39,61.66
2018-12-08,61,98.92,202.83,187.66,76.14
2018-12-09,63.28,98.35,226.35,191.1,78.36
2018-12-10,75.78,95.16,264.63,269.3,77.94
2018-12-11,88.98,84.65,274.97,194.03,76.22
2018-12-12,78.59,86.54,209.63,191.15,74.78
2018-12-13,67.36,51.85,94.29,147.38,74.19
2018-12-14,48.45,52.68,113.42,104.92,74.48
2018-12-15,47.62,87,122.69,103.65,75.15
2018-12-16,64.42,55.49,150.28,127.74,76.15
2018-12-17,86.94,52.86,182.78,157.84,59.61
2018-12-18,98.84,73.87,204.08,145.81,22.35
2018-12-19,61.84,28.98,205.22,157.54,32.77
2018-12-20,45.7,48.11,258.1,185.2,44.72
2018-12-21,51.63,38.97,252.2,180.46,55.1
2018-12-22,42.57,48.35,326.79,236.91,72.66
2018-12-23,37.34,63.44,401.58,232.81,78.01
2018-12-24,43.13,67.45,378.68,166,76.81
2018-12-25,57.89,80.95,268.2,165.37,73.18
2018-12-26,59.38,96.38,241,178.64,67.91
2018-12-27,57.28,111.83,290.1,159.21,68.06
2018-12-28,68.37,68.25,249.23,153.63,64.1
2018-12-29,65.81,110.85,248.12,200.84,68.76
2018-12-30,64.29,100.68,336.42,258.08,71.7
2018-12-31,63.77,57.67,319.69,248.51,65.24
2019-01-01,61.55,122.43,287.34,272.75,66.79
2019-01-02,47.27,54.14,331.2,342.7,71.55
2019-01-03,48.86,97.13,355.4,218.08,69.7
2019-01-04,51.35,74.64,246.46,205.72,75.25
2019-01-05,46.57,74.23,262.53,256.56,73.03
2019-01-06,56.8,92.7,174.26,185.35,77.71
2019-01-07,58.29,70.73,181.74,91.92,76.5
2019-01-08,60.04,59.25,156.26,100.13,73.78
2019-01-09,62.6,98.11,143.66,113.44,74.7
2019-01-10,63.63,89.42,165.95,123.15,75.43
2019-01-11,59.52,129.92,278.95,189.97,75.77
2019-01-12,70.5,65.08,311.03,196.35,78.62
2019-01-13,54.44,38.64,272.45,247.31,72.03
2019-01-14,58.36,58.12,94.44,123.74,74.37
2019-01-15,47.13,45.89,134.57,93.46,75.13
2019-01-16,62.4,49.6,271.96,201.61,75.55
2019-01-17,67.83,68.44,358.91,266,73.51
2019-01-18,75.06,66.96,237.22,166.95,75.34
2019-01-19,59.01,58.99,262.68,146.52,78.12
2019-01-20,42.33,40.6,314.59,200.11,70
2019-01-21,52.05,65.59,175.49,221.07,66.4
2019-01-22,72.45,70.94,53.25,199.91,47.29
2019-01-23,60.91,27.64,135.68,107.47,60.93
2019-01-24,50.66,45.17,130.59,117.88,59.22
2019-01-25,35.76,28.02,81.2,176.21,36.51
2019-01-26,51.09,19.33,101.61,58.65,36.21
2019-01-27,40.56,16.58,136.47,74.33,51.29
2019-01-28,38.48,18.58,126.48,98.43,71.62
2019-01-29,29.81,41.52,142,103.41,64.42
2019-01-30,62.71,55.3,206.14,130.59,55.6
2019-01-31,48.44,81.09,204.25,173.26,63.8
2019-02-01,49.67,42.07,178.68,170.24,66.44
2019-02-02,45.32,42.72,177.32,165.91,62.22
2019-02-03,39.5,31.09,131.1,181.48,60.26
2019-02-04,32.91,46.95,144.62,133.58,63.75
2019-02-05,37.93,44.37,256.33,173.33,63.26
2019-02-06,60.08,60.55,177.25,204.17,68.06
2019-02-07,51.88,52.94,65.65,70.36,58.46
2019-02-08,54.76,28.42,72.29,87.57,58.24
2019-02-09,68.68,21.04,82.5,81.51,55.67
2019-02-10,50.31,12.77,143.31,70.83,58.82
2019-02-11,41.65,37.37,173.61,101.7,58.64
2019-02-12,49.32,56.04,208.64,129.67,64.14
2019-02-13,47.31,106.04,198.26,171.14,64.94
2019-02-14,37.94,178.54,153.73,206.21,62.79
2019-02-15,35.35,42.85,123.46,111.88,38.84
2019-02-16,45.37,45.41,112.34,66.67,48.34
2019-02-17,47.43,44.51,99.27,85.17,45.12
2019-02-18,42.92,26.55,109.11,82.72,65.14
2019-02-19,44.28,17.11,126.12,119.84,55.8
2019-02-20,31.49,16.6,102.3,168.15,35.07
2019-02-21,36.4,32.92,73.33,102.76,39.32
2019-02-22,38.35,37.45,73.9,135.37,44.63
2019-02-23,51.36,25.55,56.51,71.89,57.13
2019-02-24,47.59,37.37,89.34,71.83,46.64
2019-02-25,39.23,74.05,92.36,103.62,49.41
2019-02-26,51.92,199.98,59.97,105.19,54.83
2019-02-27,45.49,33.9,47.18,56.13,57.06
2019-02-28,50.8,87.38,96.38,41.13,50.34
2019-03-01,58.18,114.56,93.83,80.97,55.59
2019-03-02,40.93,176.07,109.6,150.97,33.05
2019-03-03,36.98,38.85,62.92,142.49,35.27
2019-03-04,43.15,43.48,105.93,95.72,40.97
2019-03-05,49.8,53.2,68.86,94.8,59.27
2019-03-06,53.53,58.19,83.45,85.41,62.5
2019-03-07,65.98,39.87,104.61,107.74,66.8
2019-03-08,69.62,38.91,92.07,134.05,66.34
2019-03-09,51.08,36.46,73.31,95.73,49.68
2019-03-10,39.45,27.7,73.98,87.66,45.2
2019-03-11,34.4,28.47,82.17,114.03,36.59
2019-03-12,46.15,52.63,57.28,119.49,40.84
2019-03-13,50.05,76.63,89.17,95.71,41.23
2019-03-14,43.73,58.09,111.2,111.27,41.63
2019-03-15,41.75,52.87,74.88,77.39,48.94
2019-03-16,44.32,48.11,68.64,61.98,39.06
2019-03-17,45.56,57.58,93.61,83.08,37.73
2019-03-18,43.24,37.31,100.32,107.51,39.82
2019-03-19,39.71,42.32,103.77,99.81,30.77
2019-03-20,39.8,63.83,89.82,110.71,41.63
2019-03-21,49.74,50.63,112.29,114.58,41.06
2019-03-22,44.52,41.01,38.43,59.16,36.35
2019-03-23,51.6,37.13,55.62,58.24,43.36
2019-03-24,47.42,34.61,53.28,66.42,50.52
2019-03-25,46.52,35.94,65,97.85,50.06
2019-03-26,48.85,39.29,75.82,77.36,51.5
2019-03-27,56.52,33.41,78.37,84.31,48.51
2019-03-28,61.59,38.14,116.55,109.08,55.2
2019-03-29,58.92,38.04,112.67,159.65,59.8
2019-03-30,57.09,37.22,102.27,142.6,59.21
2019-03-31,55.88,62.24,58.96,86.06,48.49
2019-04-01,53.46,68.09,59.08,62.23,37.8
2019-04-02,55.62,49.42,90.1,107.33,43.82
2019-04-03,53.61,48.12,85.02,136.13,45.6
2019-04-04,58.15,32.88,119.71,175,39.01
2019-04-05,46.54,36.23,125.44,132.84,31.28
2019-04-06,46.55,34.35,96.6,109.96,37.69
2019-04-07,51.73,32.33,152.91,72.32,33.48
2019-04-08,52.79,54.52,81.3,62.99,33.08
2019-04-09,43.88,37.03,87.74,75.07,40.63
2019-04-10,52.18,59.54,101.94,84.56,42.14
2019-04-11,49.25,56.02,70.25,99.92,31.45
2019-04-12,49.46,37.18,61.34,129.92,36.35
2019-04-13,47.24,36.18,55.93,96.67,32.69
2019-04-14,41.74,31.9,51.51,74.99,41
2019-04-15,52.38,24.24,54.84,70.01,37.57
2019-04-16,40.54,19.48,59.08,82.71,39.47
2019-04-17,52.84,17.27,22.14,46.96,33.26
2019-04-18,46.1,12.95,38.92,54.78,43.07
2019-04-19,42.33,25.41,71.62,48.72,30.74
2019-04-20,29.75,24.99,90.55,79.74,25.52
2019-04-21,25.18,29.32,95.24,107.92,24.77
2019-04-22,40.9,24.75,110.16,140.88,27.5
2019-04-23,37.08,29.82,104.17,123.56,34.65
2019-04-24,42.76,29.52,85.7,86.39,29.87
2019-04-25,57.96,31.55,86.41,121.98,36.16
2019-04-26,63.83,35.22,82.37,126.11,43.87
2019-04-27,66.34,25.49,73.06,148.62,51.92
2019-04-28,61.63,26.74,76.44,145,41.82
2019-04-29,62.42,26.4,84.04,138.55,39.66
2019-04-30,53.78,35.36,95.72,151.26,38.87
2019-05-01,42.75,29.99,111.57,167.31,36.43
2019-05-02,46.45,30.49,77.72,93.19,38.41
2019-05-03,47.56,30.39,52.16,64.16,36.05
2019-05-04,56.62,37.24,77.96,61.07,32.12
2019-05-05,54.62,38.9,101.25,57.79,36.53
2019-05-06,52.76,38.07,118.9,49.24,43.68
2019-05-07,42.61,38.63,128.78,67.74,52.95
2019-05-08,33.28,42.78,143.34,85.04,47.23
2019-05-09,51.42,35.59,137.2,97.59,46.82
2019-05-10,39.33,38.39,95.07,91.98,46.39
2019-05-11,40.38,65.3,101.83,82.16,48.29
2019-05-12,34.41,51.8,178.22,78.3,37.24
2019-05-13,32.08,66.57,170.81,72.91,41.34
2019-05-14,31.91,66.85,58.22,71.58,38.89
2019-05-15,33.89,55.19,84.81,85.72,42.5
2019-05-16,38.93,44.66,75.45,86.79,36.62
2019-05-17,40.64,41.39,92.53,84.52,43.35
2019-05-18,55.14,39.71,44.28,63.96,48.5
2019-05-19,51.35,36.38,81.99,82.43,55.84
2019-05-20,46.82,22.72,93.97,86.76,48.9
2019-05-21,45.3,23.34,77.78,84.27,43.6
2019-05-22,40.4,27.06,64.24,90.35,36.78
2019-05-23,43.26,45.92,92.4,73.06,44.73
2019-05-24,35.93,47.34,43.86,70.32,37.62
2019-05-25,26.07,47.85,43.66,63.6,46.56
2019-05-26,22.5,48.62,55.13,63.22,49.91
2019-05-27,25.77,45.57,64.66,83.69,41.93
2019-05-28,38.91,74.16,65.82,86.09,41.88
2019-05-29,28.66,54.73,74.8,86.52,52.22
2019-05-30,35.18,65.19,85.21,111.94,42.3
2019-05-31,30.29,53.41,88.57,92.22,39.47
2019-06-01,28.95,45.73,95.4,68.09,34.95
2019-06-02,44.24,57.97,73.36,96.37,44.33
2019-06-03,20.3,58.15,66.94,76.36,27.67
2019-06-04,27.33,60.53,54.95,95.09,24.01
2019-06-05,28.4,52.59,73.35,84.49,35.63
2019-06-06,25.72,54.06,70.61,102.45,35.67
2019-06-07,25.02,42.32,54.81,47.49,28.41
2019-06-08,23.54,55.84,69.75,61.01,32.08
2019-06-09,16.31,47.85,101.05,82.55,31.14
2019-06-10,7.85,54.9,74.48,84.51,23.71
2019-06-11,11.32,51.79,118.38,72.91,12.39
2019-06-12,12.8,51.48,59.86,59.04,8.7
2019-06-13,16.38,37.78,52.66,94.34,11.21
2019-06-14,22.11,41.03,53.79,75.84,15.94
2019-06-15,23.64,53.31,81.86,115.06,22.29
2019-06-16,22.01,42.09,42.06,66.13,19.58
2019-06-17,25.77,56.12,40.18,58.23,23.78
2019-06-18,28.82,56.8,30.39,66.8,22.29
2019-06-19,25.41,41.22,79.96,78.08,21.59
2019-06-20,24.36,36.82,42.76,60.93,18.96
2019-06-21,25.35,36.7,71.15,81.44,28.11
2019-06-22,16.58,39.32,68.27,82.08,24.75
2019-06-23,14.8,33.86,42.06,41.2,26.44
2019-06-24,18.54,29.8,26.29,71.26,25.45
2019-06-25,30.39,103.16,53.65,63.03,27
2019-06-26,34.69,45.52,67.36,73.65,18.07
2019-06-27,26.44,35.11,65.3,79.54,9.85
2019-06-28,26.98,45.16,61.21,91.73,9.89
2019-06-29,25.37,59.22,58.08,108.96,12.75
2019-06-30,20.16,47.81,65.24,87.76,18.55
2019-07-01,26.89,33.28,57.27,67.45,18.32
2019-07-02,20.79,52.55,71.68,75.85,17.75
2019-07-03,18.25,92.83,39.99,32.12,20.08
2019-07-04,18.92,49.99,36.82,42.34,17.71
2019-07-05,20.9,97.96,48.6,50.97,16.27
2019-07-06,16.65,37.94,34.25,31.56,15.95
2019-07-07,19.38,48.12,38.81,20.26,15.22
2019-07-08,17.24,51.95,49.12,27.27,16.51
2019-07-09,19.53,45.61,42.56,23.2,15.35
2019-07-10,31.67,30.64,69.21,35.86,12.67
2019-07-11,23.49,36.62,76.99,41.57,16.54
2019-07-12,20.95,50.02,76.35,47.8,18.41
2019-07-13,20.39,34.54,63.18,51.37,12.8
2019-07-14,19.18,47.45,63.16,54.98,14.43
2019-07-15,17.84,40.19,42.04,55.45,15.96
2019-07-16,24.91,30.16,31.51,37.99,24.07
2019-07-17,26.83,43.75,32.06,46.6,22.29
2019-07-18,30.97,48.57,32.92,45.67,26.43
2019-07-19,18.98,30.57,63.02,60.65,31.27
2019-07-20,15.96,35.63,46.43,52.96,20.12
2019-07-21,19.24,28.74,50.57,39.05,14.08
2019-07-22,15.91,27.56,60.38,40.14,12.01
2019-07-23,19.14,31.04,73.08,44.28,8.13
2019-07-24,20.89,29.77,63.26,23.53,10.24
2019-07-25,20.67,45.13,22.79,19.09,12.86
2019-07-26,20.33,23.22,30.63,22.01,14.72
2019-07-27,23.21,25.94,26.16,25.45,12.96
2019-07-28,23.3,32.29,21.13,36.63,13.46
2019-07-29,18.61,28.07,24.45,20.89,8.99
2019-07-30,23.14,36.63,30.1,24.05,8.48
2019-07-31,26.99,33.19,30.22,30.74,10.95
2019-08-01,19.87,34.12,34.26,46.89,10.31
2019-08-02,18.45,51.08,35.06,75.32,8.01
2019-08-03,18.13,51.84,38.54,41.9,6.75
2019-08-04,16.26,42.23,46.69,36.86,6.24
2019-08-05,15.08,52.82,52.2,38.05,7.95
2019-08-06,14.76,26.19,30.04,25.74,10.01
2019-08-07,14.94,21.07,32.63,26.5,9.72
2019-08-08,14.31,24.99,27.69,27.16,12.45
2019-08-09,15.53,22.61,14.59,26.69,12.46
2019-08-10,13.63,22.66,16.73,33.83,11.94
2019-08-11,12.95,16.68,25.53,36.43,17.37
2019-08-12,18.62,18.65,20.53,27.48,24.17
2019-08-13,22.1,21.83,21.68,26.94,29.79
2019-08-14,26.64,25.51,33.21,27.9,23.12
2019-08-15,15.63,19.01,28.78,27.22,19.11
2019-08-16,18.63,26.43,15.52,17.57,17.17
2019-08-17,20.79,13.03,10.24,21.25,23.03
2019-08-18,23.25,13.2,15.51,23.98,29.92
2019-08-19,20.73,22.64,38.55,34.31,25.94
2019-08-20,18.28,27.06,41.74,33.56,31.38
2019-08-21,17.04,29.21,46.69,32.74,27.23
2019-08-22,17.3,31.43,44.16,28.99,20.35
2019-08-23,15.08,25.89,50.49,32.59,23.71
2019-08-24,15.29,17.58,60.71,28.96,14.82
2019-08-25,14.98,22.35,33.49,24.95,14.89
2019-08-26,14.14,17.46,25.06,29.82,17.16
2019-08-27,11.42,18.64,40.68,36.52,18.86
2019-08-28,15.3,20.57,42.04,34.82,19.35
2019-08-29,17.22,25.15,33.92,34.99,16.92
2019-08-30,15.01,22.87,43.5,38.3,16.5
2019-08-31,20.82,27.11,57.16,44.99,13.98
2019-09-01,17.64,26.91,35.13,46.37,11.85
2019-09-02,10.98,30.64,46.15,36.07,15.72
2019-09-03,11.18,29.69,70.64,40.88,12.92
2019-09-04,13.01,35.06,73.33,33.81,12.2
2019-09-05,13.84,22.29,33.9,36,11.14
2019-09-06,15.34,25.84,35.81,41.64,11.92
2019-09-07,20.16,26.37,34.98,28.29,13.65
2019-09-08,12.63,22.62,32.83,22.19,10.31
2019-09-09,15.92,37.51,56.31,26.93,13.26
2019-09-10,20.67,37.85,64.48,35.24,14.98
2019-09-11,19.51,39.26,79.6,45.2,18.19
2019-09-12,20.53,23.59,57.83,50.13,21.73
2019-09-13,21.84,27.36,33.59,26.46,16.32
2019-09-14,22.29,23.45,26.65,30.97,18.39
2019-09-15,21.74,20.82,35.52,34.33,22.47
2019-09-16,48.41,28.74,56.6,28.45,28.23
2019-09-17,68.71,22.59,59.14,32.1,28.85
2019-09-18,22.83,26.98,35.41,25.43,25.01
2019-09-19,23.96,23.18,21.74,28.32,25.6
2019-09-20,19.12,38.04,40.33,33.75,20.54
2019-09-21,22.92,33.44,39.23,37.33,25.81
2019-09-22,19.15,43.67,26.51,28.43,27.01
2019-09-23,24.78,61.94,34.46,33.05,32.95
2019-09-24,17.68,35.03,35.88,34.53,28.07
2019-09-25,13.45,16.9,30.52,33.36,22.37
2019-09-26,16.59,14.27,22.9,21.75,20.4
2019-09-27,32.55,17.76,15.66,12.76,15.49
2019-09-28,26.32,20.99,22.52,16.17,25.85
2019-09-29,38.4,25.87,16.91,16.06,33.27
2019-09-30,23.22,23.02,29.42,17.44,41.11
2019-10-01,34.28,41.82,33.92,30.24,39.12
2019-10-02,17.34,32.4,40.16,29.31,31.98
2019-10-03,26.79,31.1,57.99,36.25,32.24
2019-10-04,41.28,23.49,43.07,40.55,34.73
2019-10-05,32.73,47.4,39.48,63.48,40.22
2019-10-06,27.15,19.32,58.75,64.84,42.99
2019-10-07,35.57,58.64,55.88,80.3,50.79
2019-10-08,24.46,36.56,44.85,84.3,56.9
2019-10-09,31.67,24.5,77.02,89.18,54.17
2019-10-10,73.77,21.13,100.82,63.28,39.07
2019-10-11,45.16,21.2,98.07,84.96,34.57
2019-10-12,38.44,16.34,103.45,70.45,34.91
2019-10-13,20.84,14.93,132.57,85.66,36.35
2019-10-14,22.61,21.14,116.33,92.1,53.22
2019-10-15,24.94,20.33,133.35,84.95,52.62
2019-10-16,21.73,17.58,146.37,88.51,59.41
2019-10-17,19.3,30.95,121.68,100.53,48.12
2019-10-18,25.83,32,90.41,97.48,24.3
2019-10-19,19.25,31.76,76.77,100.9,22.92
2019-10-20,17.2,35.03,98.05,132.03,28.04
2019-10-21,20.71,26.55,115.16,130.14,22.03
2019-10-22,16.46,28.47,93.51,132.12,41.03
2019-10-23,11.71,40,122.12,136.04,37.8
2019-10-24,12.57,35.34,173.56,119.54,22.53
2019-10-25,13.43,46.48,129.9,92.62,23.54
2019-10-26,18.21,95.49,148.73,74.94,18.81
2019-10-27,42.44,153.73,198.81,115.56,40.65
2019-10-28,42.44,54.13,301.39,212.66,64.09
2019-10-29,34.24,31.22,287.56,172.24,42.04
2019-10-30,18.77,34.65,279.32,180.88,40.41
2019-10-31,18.62,87.99,314.32,226.63,21.39
2019-11-01,27.42,40.78,388.45,239.79,22.51
2019-11-02,27.1,34.45,320.26,296.73,29.98
2019-11-03,40,70.95,582.28,262.62,37.22
2019-11-04,54.83,115.35,272.3,382.96,57.61
2019-11-05,73.88,98.83,190.41,230.03,84.85
2019-11-06,94.17,105.94,101.09,184.59,84
2019-11-07,92.21,121.43,182.47,221.38,70.7
2019-11-08,69.3,142.9,154.14,188.06,69.8
2019-11-09,47.14,96.8,140.8,161.6,81.35
2019-11-10,52.86,93.13,192.35,105.68,72.38
2019-11-11,61.83,61.45,252.48,137.17,60.06
2019-11-12,27.77,31.32,384.34,180.1,56.27
2019-11-13,30.39,37.23,383.36,205.01,62.64
2019-11-14,23.32,19.18,371.42,178.75,67.77
2019-11-15,26.33,21.99,423.52,160.59,69.15
2019-11-16,20.62,44.91,174.03,150.74,66.42
2019-11-17,30.7,56.9,96.34,104.57,70.79
2019-11-18,27.07,26.91,108.4,90.98,76.03
2019-11-19,20.23,28.52,126.92,110.45,82.72
2019-11-20,21.12,20.95,175.19,160.93,84.11
2019-11-21,42.28,33.55,217.7,159.64,78.63
2019-11-22,44.17,31.16,201.17,152.58,76.7
2019-11-23,36.68,46.05,130.41,149.87,75.82
2019-11-24,41.18,59.64,107.86,118.61,80.31
2019-11-25,37.44,44.81,122.37,157.04,86.18
2019-11-26,35.44,53.33,114.27,230.11,80.88
2019-11-27,33.02,37.8,65.7,207.97,71.3
2019-11-28,23.08,30.56,31.03,212.9,74.49
2019-11-29,22.97,21.08,53.79,73.1,62.42
2019-11-30,23.25,18.45,96.96,83.77,63.81
2019-12-01,13.46,17.79,123.66,97.5,61.97
2019-12-02,13.96,21.17,141.12,107.21,45.57
2019-12-03,27.28,36.17,140.07,134.98,47.66
2019-12-04,38.2,37.56,163.24,153.91,79.37
2019-12-05,55.45,62.41,271.99,186.49,82.44
2019-12-06,57.3,53.68,241.69,198.7,85.82
2019-12-07,39.42,34.82,233.79,161.68,83.29
2019-12-08,23.79,35.41,239.98,184.31,67.07
2019-12-09,21.29,27.57,200.33,148.87,57.77
2019-12-10,20.31,37.72,236.4,162.21,58.14
2019-12-11,28.62,36.55,299.85,207.35,64.73
2019-12-12,28.93,27.78,284.18,159.23,55.77
2019-12-13,30.65,34.16,94.62,107.6,31.86
2019-12-14,23.6,40.78,78.59,58.15,40.8
2019-12-15,25.33,35.6,94.67,66.88,43.43
2019-12-16,24.25,31.23,88.05,76.28,50.84
2019-12-17,27.65,44.04,93.07,82.48,69.16
2019-12-18,42.91,48.07,144,92.47,75.72
2019-12-19,38.66,52.28,261.16,139.59,75.66
2019-12-20,44.46,65.45,316.09,185.45,78.86
2019-12-21,48.62,72.57,249.87,215,82.1
2019-12-22,46.52,57.74,146.81,177.24,77.15
2019-12-23,49.33,52.75,171.47,140.5,74.42
2019-12-24,35.84,53.51,262.69,158.8,62.38
2019-12-25,35.48,54.37,166.71,186.34,72.06
2019-12-26,44.27,58.43,196.97,162.49,62.79
2019-12-27,43.32,31.88,240.07,180.21,56.3
2019-12-28,35.24,36.94,275.6,184.93,73.73
2019-12-29,38.53,52.48,326.79,148.01,80.23
2019-12-30,47.81,38.74,333.43,157.85,72.02
2019-12-31,42.54,45.49,245.53,244.22,47.37
2020-01-01,30.71,28.25,372.14,286.23,41.19
2020-01-02,25.78,27.59,327.04,182.39,30.8
2020-01-03,29.66,32.16,228.9,123.99,33.09
2020-01-04,52.62,30.49,220.6,109.44,57.96
2020-01-05,52.64,23.37,170.21,99.13,64.52
2020-01-06,24.74,19.45,159.64,135.19,56.86
2020-01-07,22.52,33.54,120.31,156.42,51.1
2020-01-08,30.92,42.22,117.98,190.4,40.04
2020-01-09,40.57,42.16,89.26,100.5,46.45
2020-01-10,39.29,40.76,130.82,107.48,74.35
2020-01-11,31.1,39.81,151.1,179.95,74.55
2020-01-12,39.5,58.38,207.23,227.28,67.37
2020-01-13,53.93,74.12,218.98,210.89,65.69
2020-01-14,64.35,122.88,115.62,165.2,72.24
2020-01-15,45.19,48.06,111.57,179.18,50.23
2020-01-16,39.36,34.09,139.06,103.3,35.28
2020-01-17,34.68,35.33,107.65,54.54,31.16
2020-01-18,26.9,28.67,125.3,79.13,35.01
2020-01-19,26.66,31.17,125.04,68.76,34.14
2020-01-20,34.51,37.66,142.18,110.74,39.98
2020-01-21,37.86,44.91,222.81,139.53,37.27
2020-01-22,28.25,47.95,198.88,166.91,38.79
2020-01-23,41.13,59.95,74.45,91.35,56.38
2020-01-24,42.19,62.34,79.83,90.23,63.09
2020-01-25,44.82,50.48,136.72,132.72,67.01
2020-01-26,44.48,41.74,201.2,153.83,62.52
2020-01-27,45.49,47.26,209.97,150.69,57.99
2020-01-28,52.63,53.66,104.45,168.34,51.37
2020-01-29,46.45,52.29,77.95,137.5,58.15
2020-01-30,43.42,43.82,91.56,52.72,68.2
2020-01-31,46.36,36.56,92.04,70.64,59.22
2020-02-01,52.07,32.4,112.13,111.69,38.88
2020-02-02,35.27,30.58,120.86,102.35,40.2
2020-02-03,33.79,37.52,138.5,126.7,36.94
2020-02-04,29.27,39.6,188.42,151.07,27.77
2020-02-05,30.66,39.93,150.08,126.3,32.73
2020-02-06,43.83,40.05,118.57,117.93,30.56
2020-02-07,49.51,36.32,150.15,144.71,32.21
2020-02-08,45.3,28.45,149.67,127.6,38.5
2020-02-09,52.39,28.1,151.43,135.9,41.49
2020-02-10,35.53,35.41,174.4,128.8,39.28
2020-02-11,33.94,29.12,176.57,125.22,42.7
2020-02-12,32.82,32.17,172.12,117.26,56.38
2020-02-13,37.67,49.48,95.72,105.78,61.85
2020-02-14,50.47,56.85,73.84,102.62,74.29
2020-02-15,54.91,54.82,83.07,78.38,66.96
2020-02-16,45.02,35.13,132.63,118.46,65.61
2020-02-17,41.66,34.25,158.69,131.9,59.75
2020-02-18,43.29,41.49,125.53,94.18,45.93
2020-02-19,55.31,42.95,138.46,109.26,49.6
2020-02-20,47.86,35.52,98.84,110.53,45.57
2020-02-21,30.24,38.88,53.11,76.06,35.27
2020-02-22,33.96,29.2,63.62,43.32,28.81
2020-02-23,36.3,28.75,105.71,112.99,25.6
2020-02-24,35.6,31.07,70.59,100.96,32.51
2020-02-25,41.83,33.9,127.75,50.83,42.14
2020-02-26,47.39,39.25,141.81,43.62,55.84
2020-02-27,39.39,42.97,107.28,50,38.49
2020-02-28,42.58,33.08,83.48,63.36,40.35
2020-02-29,48.75,36.15,60.01,76.54,42.44
2020-03-01,56.2,35.99,42.83,66.13,43.21
2020-03-02,53.75,43.6,99.34,65.34,48.6
2020-03-03,70.78,42.16,86.26,77.06,49.59
2020-03-04,55.66,33.29,82.9,89.44,46.51
2020-03-05,57.89,26.69,31.43,83.4,57.23
2020-03-06,41.84,24.95,21.32,46.58,33.87
2020-03-07,44.33,30.94,40.96,33.25,38.58
2020-03-08,38.66,21.85,72.1,61.96,33.94
2020-03-09,38.88,25.93,58.04,45.29,32.84
2020-03-10,41.48,27.37,84.35,95.33,25.67
2020-03-11,39.57,16.69,55.19,65.48,29.93
2020-03-12,34.62,24.94,56.92,62.4,31.53
2020-03-13,34.77,35.65,68.72,44.03,27.51
2020-03-14,29.97,39.29,39.41,40.6,33.45
2020-03-15,33.96,38.48,60.99,44.07,32.03
2020-03-16,26.15,33.26,61.61,51.06,27.86
2020-03-17,24.15,41.56,69.7,75.48,25.08
2020-03-18,29.66,39.41,68.93,74.41,26.32
2020-03-19,38.15,44.73,90.62,108.53,43.39
2020-03-20,43.31,32.68,90.31,115.54,33.71
2020-03-21,40.62,29.1,82.39,80.01,39.85
2020-03-22,30.16,39.42,78.61,60.47,38
2020-03-23,40.28,31.91,54.26,72.86,37.97
2020-03-24,50.85,24.22,55.85,100.15,28.75
2020-03-25,25.25,22.43,37.87,88.32,28.47
2020-03-26,27.77,31.57,45.69,45.41,29
2020-03-27,27.47,27.6,26.89,45.85,34.09
2020-03-28,24.89,34.81,21.23,35.31,36.17
2020-03-29,28.45,26.79,27.59,33.5,42.07
2020-03-30,32.46,29.31,35.08,39.91,34.79
2020-03-31,22.01,31.56,35.31,46.17,42.42
2020-04-01,22.54,32.94,32.88,66.67,47.96
2020-04-02,27.12,31.17,28.51,49.02,48.05
2020-04-03,34.12,24.81,31.36,36.76,38.13
2020-04-04,31.93,20.77,40.79,37.82,37.34
2020-04-05,30.26,21.59,51.79,54.39,30.18
2020-04-06,22.68,14.27,59.91,46.26,27.87
2020-04-07,15.14,11.9,33.12,41.85,19.76
2020-04-08,18.39,14.77,29.7,46.3,19.94
2020-04-09,23.32,14.71,36.13,43.45,29.36
2020-04-10,30.06,41.02,57.67,53.91,18.95
2020-04-11,26.99,15.66,53.03,65.52,23.99
2020-04-12,22.38,14.86,38.57,62.39,33.4
2020-04-13,25.61,17.95,60.6,55.36,35.21
2020-04-14,30.24,17.87,58.22,80.7,38.07
2020-04-15,33.62,14.64,58.31,65.8,33.99
2020-04-16,25.27,20.3,69.8,84.4,37.13
2020-04-17,40,8.43,26.93,79.72,38.44
2020-04-18,34.03,8.94,29.09,64.07,35.67
2020-04-19,24.22,8.1,35.49,59.38,30.21
2020-04-20,19.42,9.71,52.86,49.13,26.47
2020-04-21,17.04,10.67,37.17,43.27,22.83
2020-04-22,19.95,12.65,58.25,52.6,25.12
2020-04-23,26.1,8.06,54.71,68.37,27.57
2020-04-24,26.25,8.08,65.91,64.63,28.99
2020-04-25,25.98,10.46,33.09,62.85,31.76
2020-04-26,21.32,10.76,40.24,45.35,29.9
2020-04-27,19.25,10.46,27.18,29.19,23.51
2020-04-28,20.74,6.55,41.75,41.72,23.36
2020-04-29,13.68,11.11,55.18,44.77,16.03
2020-04-30,20.3,10.39,49.96,49.27,21.12
2020-05-01,24.81,14.13,61.04,45.79,22.69
2020-05-02,18.36,13.08,34.67,37.81,24.62
2020-05-03,22.35,11.67,32.56,39.83,33.03
2020-05-04,26.1,7.03,26.63,42.14,28.18
2020-05-05,29.23,19.68,56.24,35.49,31.36
2020-05-06,23.02,10.11,58.44,32.63,25.18
2020-05-07,26.87,11.23,36.02,39.25,26.84
2020-05-08,17.61,11.72,51.09,50.91,27.46
2020-05-09,21.05,9.99,54.18,56.14,29.56
2020-05-10,24.29,9.64,44.3,63.31,28.15
2020-05-11,20.58,8.36,43.26,59.8,38.65
2020-05-12,15.43,8.82,43.19,58.92,32.09
2020-05-13,14.56,15.57,68.8,59.92,24.1
2020-05-14,24.81,8.72,56.17,55.4,25.06
2020-05-15,17.34,20.25,47.44,77.19,24.12
2020-05-16,23.44,28.71,81.87,52.42,27.65
2020-05-17,21.25,10.99,98.63,64.24,32.47
2020-05-18,16.82,18.49,101.02,68.13,31.05
2020-05-19,23.81,28.06,106.63,59.78,42.41
2020-05-20,17.9,30.39,67.8,101.41,36.62
2020-05-21,19.53,27.01,55.92,60.52,31.59
2020-05-22,18.13,23.02,94.37,81.15,39.91
2020-05-23,19.52,21.24,74.92,57.56,44.09
2020-05-24,18.62,22.78,55.37,71.25,41.03
2020-05-25,21.06,25.2,61.46,67.24,33.07
2020-05-26,22.25,27.82,55.38,71.23,32.51
2020-05-27,19.81,20,43.22,107.05,28.66
2020-05-28,28.46,31.03,39.07,38.92,26.7
2020-05-29,23.16,38.3,24.62,46.61,21.07
2020-05-30,15.87,33.99,23.09,46.72,18.56
2020-05-31,23.32,18.85,21.51,37.56,25.17
2020-06-01,9.16,36.15,41.05,47.72,30
2020-06-02,8.95,18.83,45.9,48.38,16.47
2020-06-03,9.69,20.61,50.62,65.45,11.74
2020-06-04,10.91,18.5,68.24,61.74,13.93
2020-06-05,22.88,18.53,42.43,51.38,19.57
2020-06-06,18.18,40.73,35.14,31.01,23.02
2020-06-07,17.6,20.52,39.99,29.99,19.49
2020-06-08,20.16,23.04,46.9,53.23,20.2
2020-06-09,21.7,22.43,64.77,79.9,17.96
2020-06-10,25.44,30.42,58.9,91.02,20.26
2020-06-11,16.53,26.37,54.69,79.09,19.96
2020-06-12,16.84,104.45,64,71.59,17.19
2020-06-13,16.79,20.76,52.36,51.8,9.87
2020-06-14,16.66,20.17,71.08,41.87,9.8
2020-06-15,19.57,19.34,48.69,46.39,13.53
2020-06-16,17.07,24.1,39.87,31.6,10.31
2020-06-17,18.29,32.37,34.35,39.69,10.31
2020-06-18,28.32,23.89,36.84,35.98,14.04
2020-06-19,21.55,29.8,57.6,35.25,20.19
2020-06-20,18.32,89.92,35.96,36.49,22.5
2020-06-21,18.18,26.53,39.7,29.43,24
2020-06-22,15.65,23.55,39.47,29.44,22.91
2020-06-23,20.38,18.95,29.02,34.52,22.36
2020-06-24,19.72,28.83,30.91,45.74,21.25
2020-06-25,16.93,23.13,38.37,54.97,22.41
2020-06-26,15.4,23.75,50.01,38.9,27.05
2020-06-27,16.6,26.42,39.8,32.23,23.29
2020-06-28,20.44,25.93,59.52,34.58,15.8
2020-06-29,28.68,21.3,44.86,30.19,20.24
2020-06-30,14.47,24.14,39.8,38.27,19.38
2020-07-01,17.5,15.95,54.01,34.97,26.83
